// Code generated by cmd/eventtool generate from internal/eventdata/events_registry.json. DO NOT EDIT.

// Provenance: this file holds the ecosystem event table (event definitions
// collected from the selected contracts' on-chain ABIs) keyed by the full
// 32-byte keccak-256 of each canonical signature — the registry's key space.
// init() registers every entry insert-if-absent, so built-ins never displace an
// explicit registration. Regenerate with:
//
//	go run ./cmd/eventtool generate

package event

var builtinSig = map[[32]byte]*Definition{
	{0x00, 0x36, 0xc9, 0x8e, 0xfc, 0xf9, 0xe6, 0x64, 0x1d, 0xfb, 0xc9, 0x05, 0x1f, 0x66, 0xf4, 0x05, 0x25, 0x3e, 0x8e, 0x0c, 0x2a, 0xb4, 0xa2, 0x4d, 0xcc, 0xda, 0x15, 0x59, 0x5b, 0x73, 0x78, 0xc8}: {
		Name: "ComposeDelivered",
		Inputs: []ParamDef{
			{Type: "address", Indexed: false, Name: "from"},
			{Type: "address", Indexed: false, Name: "to"},
			{Type: "bytes32", Indexed: false, Name: "guid"},
			{Type: "uint16", Indexed: false, Name: "index"},
		},
	},
	{0x00, 0xc2, 0x93, 0x75, 0x19, 0xb0, 0x7b, 0x47, 0xea, 0x25, 0xf5, 0x2e, 0x91, 0x5d, 0xd9, 0x90, 0x23, 0xf9, 0xb3, 0xe1, 0xaa, 0xee, 0xf0, 0x41, 0xdd, 0xec, 0xba, 0xc3, 0xe9, 0x40, 0x0b, 0xbe}: {
		Name: "SubmitTransaction",
		Inputs: []ParamDef{
			{Type: "uint256", Indexed: true, Name: "txId"},
			{Type: "address", Indexed: true, Name: "to"},
			{Type: "uint256", Indexed: false, Name: "value"},
			{Type: "bytes", Indexed: false, Name: "data"},
		},
	},
	{0x01, 0x09, 0xfc, 0x6f, 0x55, 0xcf, 0x40, 0x68, 0x9f, 0x02, 0xfb, 0xaa, 0xd7, 0xaf, 0x7f, 0xe7, 0xbb, 0xac, 0x8a, 0x3d, 0x21, 0x86, 0x60, 0x0a, 0xfc, 0x7d, 0x3e, 0x10, 0xca, 0xc6, 0x02, 0x71}: {
		Name: "NewRound",
		Inputs: []ParamDef{
			{Type: "uint256", Indexed: true, Name: "roundId"},
			{Type: "address", Indexed: true, Name: "startedBy"},
			{Type: "uint256", Indexed: false, Name: "startedAt"},
		},
	},
	{0x01, 0x45, 0x15, 0x18, 0x3d, 0x12, 0xc0, 0xdf, 0x4c, 0x26, 0xd7, 0x48, 0x64, 0x37, 0x1e, 0xbf, 0xe4, 0x12, 0xe0, 0x00, 0xf1, 0xf0, 0xa2, 0x52, 0xaf, 0x66, 0x95, 0x00, 0x35, 0xff, 0x42, 0xfe}: {
		Name: "LockTimeSetted",
		Inputs: []ParamDef{
			{Type: "address", Indexed: true, Name: "holder"},
			{Type: "uint256", Indexed: false, Name: "old_release_time"},
			{Type: "uint256", Indexed: false, Name: "new_release_time"},
		},
	},
	{0x01, 0xc4, 0xd5, 0x93, 0xc3, 0x95, 0xc7, 0x84, 0x93, 0xab, 0x59, 0x52, 0xad, 0xb7, 0x36, 0xff, 0x82, 0xd3, 0xc9, 0xfd, 0x1a, 0x6c, 0xe0, 0xd0, 0xfc, 0x3f, 0x83, 0x24, 0x30, 0xfb, 0x4f, 0x03}: {
		Name: "FrozenBonds",
		Inputs: []ParamDef{
			{Type: "address", Indexed: false, Name: "from"},
			{Type: "uint256", Indexed: false, Name: "amount"},
		},
	},
	{0x02, 0x2c, 0x0d, 0x99, 0x2e, 0x4d, 0x87, 0x3a, 0x37, 0x48, 0x43, 0x6d, 0x96, 0x0d, 0x51, 0x40, 0xc1, 0xf9, 0x72, 0x1c, 0xf7, 0x3f, 0x7c, 0xa5, 0xec, 0x67, 0x9d, 0x3d, 0x9f, 0x4f, 0xe2, 0xd5}: {
		Name: "onTokenPurchase",
		Inputs: []ParamDef{
			{Type: "address", Indexed: true, Name: "customerAddress"},
			{Type: "uint256", Indexed: false, Name: "incomingTron"},
			{Type: "uint256", Indexed: false, Name: "tokensMinted"},
			{Type: "address", Indexed: true, Name: "referredBy"},
		},
	},
	{0x02, 0xa1, 0x96, 0x2f, 0xff, 0x2a, 0xe0, 0xf8, 0x95, 0xc1, 0xfc, 0xd8, 0x48, 0x1c, 0xe3, 0x9c, 0xce, 0x1e, 0x80, 0x83, 0xe7, 0x52, 0xce, 0x6f, 0x5e, 0x80, 0xd2, 0xb5, 0x36, 0x63, 0x82, 0xc8}: {
		Name: "BridgingFeeFromTokens",
		Inputs: []ParamDef{
			{Type: "uint256", Indexed: false, Name: "gas"},
		},
	},
	{0x02, 0xcc, 0xe6, 0x51, 0x12, 0x90, 0xa7, 0xe0, 0x40, 0x2f, 0x9a, 0xcc, 0xc7, 0x25, 0x82, 0xb6, 0x18, 0x78, 0xc4, 0x6d, 0xf3, 0x7d, 0xa1, 0x1e, 0x93, 0xcc, 0xef, 0x03, 0x3a, 0x70, 0xb6, 0xbb}: {
		Name: "BurnAndNilifyAdminSet",
		Inputs: []ParamDef{
			{Type: "address", Indexed: false, Name: "burnAndNilifyAdmin"},
		},
	},
	{0x02, 0xdc, 0x77, 0x4d, 0x82, 0xd0, 0x77, 0x22, 0xc8, 0xc4, 0x3c, 0x21, 0x2e, 0xeb, 0xb2, 0xfe, 0xae, 0xa7, 0x92, 0x4c, 0x54, 0x72, 0xda, 0x3b, 0x7c, 0x2b, 0xa5, 0xfb, 0x53, 0x20, 0x87, 0xc7}: {
		Name: "Change",
		Inputs: []ParamDef{
			{Type: "address", Indexed: false, Name: "src"},
		},
	},
	{0x03, 0xa0, 0x00, 0xa5, 0x49, 0x2c, 0x82, 0x08, 0x41, 0x0f, 0x8f, 0x3c, 0x25, 0xf7, 0xdc, 0x40, 0x5c, 0x15, 0x21, 0xee, 0x5f, 0x10, 0xb5, 0x91, 0x49, 0x18, 0x39, 0x90, 0x34, 0x94, 0x60, 0xc2}: {
		Name: "BillingSet",
		Inputs: []ParamDef{
			{Type: "uint32", Indexed: false, Name: "winPerObservation"},
			{Type: "uint32", Indexed: false, Name: "winPerTransmission"},
		},
	},
	{0x04, 0x10, 0x19, 0x26, 0xc8, 0x7e, 0xf9, 0x69, 0x46, 0xc6, 0xb3, 0x9d, 0x09, 0xe8, 0x86, 0x7b, 0x1a, 0x7f, 0xbd, 0xef, 0xb9, 0x15, 0x25, 0x93, 0x7f, 0xc6, 0x79, 0x3d, 0x4a, 0x2b, 0xef, 0x81}: {
		Name: "TRXTransferred",
		Inputs: []ParamDef{
			{Type: "address", Indexed: true, Name: "from"},
			{Type: "address", Indexed: true, Name: "to"},
			{Type: "uint256", Indexed: false, Name: "amount"},
		},
	},
	{0x04, 0xaf, 0xd2, 0xce, 0x45, 0x7d, 0x97, 0x30, 0x46, 0xbd, 0x54, 0xf5, 0xd7, 0xd3, 0x63, 0x68, 0x54, 0x6d, 0xa0, 0x8b, 0x88, 0xbe, 0x1b, 0xca, 0x8a, 0xe5, 0x0e, 0x32, 0xb4, 0x51, 0xda, 0x17}: {
		Name: "Multisended",
		Inputs: []ParamDef{
			{Type: "uint256", Indexed: false, Name: "value"},
			{Type: "address", Indexed: true, Name: "sender"},
		},
	},
	{0x05, 0x59, 0x88, 0x4f, 0xd3, 0xa4, 0x60, 0xdb, 0x30, 0x73, 0xb7, 0xfc, 0x89, 0x6c, 0xc7, 0x79, 0x86, 0xf1, 0x6e, 0x37, 0x82, 0x10, 0xde, 0xd4, 0x31, 0x86, 0x17, 0x5b, 0xf6, 0x46, 0xfc, 0x5f}: {
		Name: "AnswerUpdated",
		Inputs: []ParamDef{
			{Type: "int256", Indexed: true, Name: "current"},
			{Type: "uint256", Indexed: true, Name: "roundId"},
			{Type: "uint256", Indexed: false, Name: "updatedAt"},
		},
	},
	{0x06, 0x23, 0x96, 0x53, 0x92, 0x2a, 0xc7, 0xbe, 0xa6, 0xaa, 0x2b, 0x19, 0xdc, 0x48, 0x6b, 0x93, 0x61, 0x82, 0x1d, 0x37, 0x71, 0x2e, 0xb7, 0x96, 0xad, 0xfd, 0x38, 0xd8, 0x1d, 0xe2, 0x78, 0xca}: {
		Name: "AddLiquidity",
		Inputs: []ParamDef{
			{Type: "address", Indexed: true, Name: "provider"},
			{Type: "uint256", Indexed: true, Name: "tron_amount"},
			{Type: "uint256", Indexed: true, Name: "token_amount"},
		},
	},
	{0x06, 0x41, 0x71, 0x03, 0xc5, 0x09, 0x3d, 0x12, 0x99, 0x08, 0x26, 0xb5, 0x85, 0x99, 0xd5, 0xc1, 0x96, 0x05, 0xdc, 0x97, 0x17, 0x09, 0xb3, 0x7d, 0x7d, 0xf2, 0xb8, 0xee, 0x67, 0xff, 0x4e, 0x69}: {
		Name: "DepositEvent",
		Inputs: []ParamDef{
			{Type: "address", Indexed: true, Name: "_user"},
			{Type: "uint8", Indexed: false, Name: "tariff"},
			{Type: "uint256", Indexed: true, Name: "_amount"},
		},
	},
	{0x06, 0x91, 0x23, 0xfb, 0x86, 0x31, 0x51, 0x1e, 0xf5, 0xdc, 0xd1, 0x14, 0xc0, 0x14, 0x4a, 0x34, 0xd1, 0xf3, 0x48, 0xba, 0xa8, 0x66, 0xb1, 0xfb, 0x4a, 0xbc, 0x99, 0xa8, 0xad, 0xe4, 0xe8, 0x5c}: {
		Name: "TokenTransferred",
		Inputs: []ParamDef{
			{Type: "address", Indexed: false, Name: "token"},
			{Type: "uint256", Indexed: false, Name: "amount"},
			{Type: "address", Indexed: false, Name: "portal"},
		},
	},
	{0x07, 0x88, 0x37, 0x03, 0xed, 0x0e, 0x86, 0x58, 0x8a, 0x40, 0xd7, 0x65, 0x51, 0xc9, 0x2f, 0x8a, 0x4b, 0x32, 0x9e, 0x3b, 0xf1, 0x97, 0x65, 0xe0, 0xe6, 0x74, 0x94, 0x73, 0xc1, 0xa8, 0x46, 0x65}: {
		Name: "Mint",
		Inputs: []ParamDef{
			{Type: "uint256", Indexed: false, Name: "value"},
		},
	},
	{0x07, 0xea, 0x52, 0xd8, 0x23, 0x45, 0xd6, 0xe8, 0x38, 0x19, 0x21, 0x07, 0xd8, 0xfd, 0x71, 0x23, 0xd9, 0xc2, 0xec, 0x8e, 0x91, 0x6c, 0xd0, 0xaa, 0xd1, 0x3f, 0xd2, 0xb6, 0x0d, 0xb2, 0x46, 0x44}: {
		Name: "DVNFeePaid",
		Inputs: []ParamDef{
			{Type: "address[]", Indexed: false, Name: "requiredDVNs"},
			{Type: "address[]", Indexed: false, Name: "optionalDVNs"},
			{Type: "uint256[]", Indexed: false, Name: "fees"},
		},
	},
	{0x08, 0x5d, 0x06, 0xec, 0xf4, 0xc3, 0x4b, 0x23, 0x77, 0x67, 0xa3, 0x1c, 0x08, 0x88, 0xe1, 0x21, 0xd8, 0x95, 0x46, 0xa7, 0x7f, 0x18, 0x6f, 0x19, 0x87, 0xc6, 0xb8, 0x71, 0x5e, 0x1a, 0x8c, 0xaa}: {
		Name: "BuyGem",
		Inputs: []ParamDef{
			{Type: "address", Indexed: true, Name: "owner"},
			{Type: "uint256", Indexed: false, Name: "value"},
			{Type: "uint256", Indexed: false, Name: "fee"},
		},
	},
	{0x08, 0x60, 0x44, 0xc0, 0x61, 0x2a, 0x8c, 0x96, 0x5d, 0x4c, 0xcc, 0xd9, 0x07, 0xf0, 0xd5, 0x88, 0xe4, 0x0a, 0xd6, 0x84, 0x38, 0xbd, 0x4c, 0x12, 0x74, 0xca, 0xc6, 0x0f, 0x4c, 0x3a, 0x9d, 0x1f}: {
		Name: "SignerChange",
		Inputs: []ParamDef{
			{Type: "uint256", Indexed: true, Name: "validatorId"},
			{Type: "uint256", Indexed: false, Name: "nonce"},
			{Type: "address", Indexed: true, Name: "oldSigner"},
			{Type: "address", Indexed: true, Name: "newSigner"},
			{Type: "bytes", Indexed: false, Name: "signerPubkey"},
		},
	},
	{0x09, 0xb2, 0x41, 0x21, 0xf8, 0x2c, 0x61, 0x0c, 0x13, 0x90, 0x9e, 0xc6, 0x3b, 0xd0, 0x84, 0x34, 0x68, 0x81, 0x9a, 0x45, 0xf6, 0xed, 0xa5, 0x83, 0x8c, 0x3a, 0x80, 0x56, 0x8c, 0x20, 0x46, 0xa8}: {
		Name: "Restaked",
		Inputs: []ParamDef{
			{Type: "uint256", Indexed: true, Name: "validatorId"},
			{Type: "uint256", Indexed: false, Name: "amount"},
			{Type: "uint256", Indexed: false, Name: "total"},
		},
	},
	{0x0a, 0x45, 0x52, 0xf1, 0x10, 0x58, 0x08, 0xdb, 0x6a, 0x44, 0x58, 0x7c, 0x9e, 0xf0, 0xa7, 0xc4, 0x06, 0x4b, 0xf6, 0x20, 0xb9, 0xd8, 0x43, 0xb5, 0x14, 0xad, 0x73, 0x65, 0xbd, 0x52, 0x23, 0x9a}: {
		Name: "SetWhitelistToken",
		Inputs: []ParamDef{
			{Type: "address", Indexed: false, Name: "token"},
			{Type: "bool", Indexed: false, Name: "activate"},
		},
	},
	{0x0a, 0x63, 0x87, 0xc9, 0xea, 0x36, 0x28, 0xb8, 0x8a, 0x63, 0x3b, 0xb4, 0xf3, 0xb1, 0x51, 0x77, 0x0f, 0x70, 0x08, 0x51, 0x17, 0xa1, 0x5f, 0x9b, 0xf3, 0x78, 0x7c, 0xda, 0x53, 0xf1, 0x3d, 0x31}: {
		Name:   "EIP712DomainChanged",
		Inputs: []ParamDef{},
	},
	{0x0a, 0x8e, 0xb3, 0x5e, 0x5c, 0xa1, 0x4b, 0x3d, 0x6f, 0x28, 0xe4, 0xab, 0xf2, 0xf1, 0x28, 0xdb, 0xab, 0x23, 0x1a, 0x58, 0xb5, 0x6e, 0x89, 0xbe, 0xb5, 0xd6, 0x36, 0x11, 0x50, 0x01, 0xe1, 0x65}: {
		Name: "WhitelistAdminRemoved",
		Inputs: []ParamDef{
			{Type: "address", Indexed: true, Name: "account"},
		},
	},
	{0x0a, 0xd2, 0xf4, 0x06, 0x76, 0x02, 0xd7, 0xed, 0x7d, 0x89, 0x44, 0xde, 0x6d, 0x66, 0x3e, 0x2c, 0xfc, 0xd6, 0x48, 0xc8, 0xe3, 0x66, 0x06, 0x65, 0x69, 0xec, 0x82, 0x48, 0xa4, 0xee, 0xa9, 0xc6}: {
		Name: "Deposit",
		Inputs: []ParamDef{
			{Type: "bytes32", Indexed: true, Name: "uid"},
			{Type: "address", Indexed: true, Name: "fromAddr"},
			{Type: "address", Indexed: true, Name: "fromCurrency"},
			{Type: "uint256", Indexed: false, Name: "amount"},
			{Type: "string", Indexed: false, Name: "toCurrency"},
			{Type: "string", Indexed: false, Name: "toChain"},
			{Type: "string", Indexed: false, Name: "toAddress"},
		},
	},
	{0x0b, 0x41, 0xc0, 0x0d, 0x75, 0x9e, 0x4b, 0xb5, 0x30, 0x01, 0x63, 0x17, 0x86, 0xd7, 0x66, 0xa0, 0x6e, 0x17, 0x2d, 0x36, 0x5f, 0xd7, 0xc6, 0xb5, 0x96, 0x18, 0x47, 0x6f, 0x79, 0xd5, 0x98, 0x55}: {
		Name: "DepositStaked",
		Inputs: []ParamDef{
			{Type: "address", Indexed: true, Name: "user"},
			{Type: "uint256", Indexed: false, Name: "amount"},
			{Type: "bool", Indexed: false, Name: "locked"},
		},
	},
	{0x0b, 0xb7, 0xd7, 0x16, 0x1f, 0x80, 0xca, 0x4c, 0xd9, 0x8f, 0xf0, 0x29, 0x8f, 0xf3, 0xba, 0x71, 0xbb, 0x1a, 0x2f, 0x4e, 0x10, 0x03, 0x40, 0xb6, 0xfc, 0x69, 0x6d, 0x6c, 0xaa, 0x43, 0x21, 0x81}: {
		Name: "TokensRedeemed",
		Inputs: []ParamDef{
			{Type: "address", Indexed: true, Name: "sourceToken"},
			{Type: "address", Indexed: true, Name: "to"},
			{Type: "uint256", Indexed: false, Name: "burnedAmount"},
			{Type: "uint256", Indexed: false, Name: "sourceAmount"},
		},
	},
	{0x0b, 0xf1, 0x84, 0xbf, 0x1b, 0xba, 0x96, 0x99, 0x11, 0x4b, 0xdc, 0xed, 0xda, 0xf3, 0x38, 0xa1, 0xb3, 0x64, 0x25, 0x2c, 0x5e, 0x49, 0x7c, 0xc0, 0x19, 0x18, 0xdd, 0xe9, 0x20, 0x31, 0x71, 0x3f}: {
		Name: "BillingSet",
		Inputs: []ParamDef{
			{Type: "uint32", Indexed: false, Name: "maximumGasPriceGwei"},
			{Type: "uint32", Indexed: false, Name: "reasonableGasPriceGwei"},
			{Type: "uint32", Indexed: false, Name: "observationPaymentGjuels"},
			{Type: "uint32", Indexed: false, Name: "transmissionPaymentGjuels"},
			{Type: "uint24", Indexed: false, Name: "accountingGas"},
		},
	},
	{0x0d, 0x3b, 0x12, 0x68, 0xca, 0x3d, 0xbb, 0x6d, 0x3d, 0x8a, 0x0e, 0xa3, 0x5f, 0x44, 0xf8, 0xf9, 0xd5, 0x8c, 0xf5, 0x78, 0xd7, 0x32, 0x68, 0x0b, 0x71, 0xb6, 0x90, 0x4f, 0xb2, 0x73, 0x3e, 0x0d}: {
		Name: "CommissionFromTokenRecord",
		Inputs: []ParamDef{
			{Type: "address", Indexed: false, Name: "fromTokenAddress"},
			{Type: "uint256", Indexed: false, Name: "commissionAmount"},
			{Type: "address", Indexed: false, Name: "referrerAddress"},
		},
	},
	{0x0d, 0xd8, 0x38, 0x77, 0x18, 0xf7, 0x19, 0x05, 0x33, 0x22, 0xc9, 0x86, 0xe0, 0x93, 0xbb, 0xc3, 0x0e, 0x48, 0x6a, 0xc4, 0x48, 0xdd, 0x68, 0xb2, 0x8b, 0x52, 0x8e, 0x53, 0x72, 0xc8, 0x23, 0x2b}: {
		Name: "ExecutorConfigSet",
		Inputs: []ParamDef{
			{Type: "address", Indexed: false, Name: "oapp"},
			{Type: "uint32", Indexed: false, Name: "eid"},
			{Type: "tuple", Indexed: false, Name: "config"},
		},
	},
	{0x0e, 0x2f, 0xb0, 0x31, 0xee, 0x03, 0x2d, 0xc0, 0x2d, 0x80, 0x11, 0xdc, 0x50, 0xb8, 0x16, 0xeb, 0x45, 0x0c, 0xf8, 0x56, 0xab, 0xd8, 0x26, 0x16, 0x80, 0xda, 0xc7, 0x4f, 0x72, 0x16, 0x5b, 0xd2}: {
		Name: "Paused",
		Inputs: []ParamDef{
			{Type: "bool", Indexed: false, Name: "paused"},
		},
	},
	{0x0e, 0x7b, 0xea, 0x53, 0xcb, 0x2b, 0x31, 0x30, 0xdd, 0x1a, 0xac, 0x8d, 0x56, 0xb6, 0x1c, 0xc8, 0xda, 0x7e, 0xba, 0xb0, 0x43, 0x2e, 0x2d, 0x16, 0x22, 0x51, 0x35, 0x23, 0xd8, 0x48, 0xf2, 0xe7}: {
		Name: "SetAdminPermission",
		Inputs: []ParamDef{
			{Type: "address", Indexed: true, Name: "admin"},
			{Type: "bool", Indexed: false, Name: "permission"},
		},
	},
	{0x0f, 0x5b, 0xb8, 0x21, 0x76, 0xfe, 0xb1, 0xb5, 0xe7, 0x47, 0xe2, 0x84, 0x71, 0xaa, 0x92, 0x15, 0x6a, 0x04, 0xd9, 0xf3, 0xab, 0x9f, 0x45, 0xf2, 0x8e, 0x2d, 0x70, 0x42, 0x32, 0xb9, 0x3f, 0x75}: {
		Name: "Unstaked",
		Inputs: []ParamDef{
			{Type: "address", Indexed: true, Name: "user"},
			{Type: "uint256", Indexed: false, Name: "amount"},
		},
	},
	{0x0f, 0x67, 0x98, 0xa5, 0x60, 0x79, 0x3a, 0x54, 0xc3, 0xbc, 0xfe, 0x86, 0xa9, 0x3c, 0xde, 0x1e, 0x73, 0x08, 0x7d, 0x94, 0x4c, 0x0e, 0xa2, 0x05, 0x44, 0x13, 0x7d, 0x41, 0x21, 0x39, 0x68, 0x85}: {
		Name: "Mint",
		Inputs: []ParamDef{
			{Type: "address", Indexed: true, Name: "to"},
			{Type: "uint256", Indexed: false, Name: "value"},
		},
	},
	{0x0f, 0x9c, 0xcd, 0xda, 0x16, 0xb4, 0x67, 0xe7, 0x19, 0x05, 0x9c, 0x85, 0xeb, 0xd8, 0x38, 0x3f, 0xcb, 0x7f, 0x8f, 0xfa, 0x55, 0x76, 0x62, 0x9f, 0xe3, 0xb8, 0x42, 0x83, 0x6e, 0x04, 0xda, 0xd1}: {
		Name: "DelegatorRestaked",
		Inputs: []ParamDef{
			{Type: "uint256", Indexed: true, Name: "validatorId"},
			{Type: "address", Indexed: true, Name: "user"},
			{Type: "uint256", Indexed: true, Name: "totalStaked"},
		},
	},
	{0x0f, 0xbf, 0x06, 0xc0, 0x58, 0xb9, 0x0c, 0xb0, 0x38, 0xa6, 0x18, 0xf8, 0xc2, 0xac, 0xbf, 0x61, 0x45, 0xf8, 0xb3, 0x57, 0x0f, 0xd1, 0xfa, 0x56, 0xab, 0xb8, 0xf0, 0xf3, 0xf0, 0x5b, 0x36, 0xe8}: {
		Name: "RemoveLiquidity",
		Inputs: []ParamDef{
			{Type: "address", Indexed: true, Name: "provider"},
			{Type: "uint256", Indexed: true, Name: "tron_amount"},
			{Type: "uint256", Indexed: true, Name: "token_amount"},
		},
	},
	{0x10, 0x02, 0x38, 0x1e, 0xcf, 0x76, 0x70, 0x0f, 0x6f, 0x0a, 0xb4, 0xc9, 0x0b, 0x9f, 0x52, 0x3e, 0x39, 0xdf, 0x7b, 0x04, 0x82, 0xb7, 0x1e, 0xc6, 0x3c, 0xf6, 0x2c, 0xf8, 0x54, 0x12, 0x04, 0x70}: {
		Name: "ConfirmAuction",
		Inputs: []ParamDef{
			{Type: "uint256", Indexed: true, Name: "newValidatorId"},
			{Type: "uint256", Indexed: true, Name: "oldValidatorId"},
			{Type: "uint256", Indexed: true, Name: "amount"},
		},
	},
	{0x10, 0x09, 0x79, 0xaa, 0x21, 0x73, 0xa4, 0x84, 0xff, 0xd7, 0x3d, 0x41, 0xfc, 0x24, 0x4a, 0x01, 0x3d, 0x6a, 0x60, 0x20, 0xee, 0x2b, 0xe5, 0x58, 0xf8, 0x8b, 0x3f, 0xc5, 0x49, 0xbf, 0x78, 0xef}: {
		Name: "InitLiquidity",
		Inputs: []ParamDef{
			{Type: "uint256", Indexed: false, Name: "tokensAmount"},
			{Type: "uint256", Indexed: false, Name: "trxAmount"},
			{Type: "uint256", Indexed: false, Name: "liqudityAmount"},
		},
	},
	{0x10, 0x2d, 0x25, 0xc4, 0x9d, 0x33, 0xfc, 0xdb, 0x89, 0x76, 0xa3, 0xf2, 0x74, 0x4e, 0x07, 0x85, 0xc9, 0x8d, 0x9e, 0x43, 0xb8, 0x83, 0x64, 0x85, 0x9e, 0x6a, 0xec, 0x4a, 0xe8, 0x2e, 0xff, 0x5c}: {
		Name: "Created",
		Inputs: []ParamDef{
			{Type: "bytes32", Indexed: true, Name: "tradeHash"},
		},
	},
	{0x10, 0x3f, 0xed, 0x9d, 0xb6, 0x5e, 0xac, 0x19, 0xc4, 0xd8, 0x70, 0xf4, 0x9a, 0xb7, 0x52, 0x0f, 0xe0, 0x3b, 0x99, 0xf1, 0x83, 0x8e, 0x59, 0x96, 0xca, 0xf4, 0x7e, 0x9e, 0x43, 0x30, 0x83, 0x92}: {
		Name: "StateSynced",
		Inputs: []ParamDef{
			{Type: "uint256", Indexed: true, Name: "id"},
			{Type: "address", Indexed: true, Name: "contractAddress"},
			{Type: "bytes", Indexed: false, Name: "data"},
		},
	},
	{0x10, 0x6f, 0x92, 0x3f, 0x99, 0x3c, 0x21, 0x49, 0xd4, 0x9b, 0x42, 0x55, 0xff, 0x72, 0x3a, 0xca, 0xfa, 0x1f, 0x2d, 0x94, 0x39, 0x3f, 0x56, 0x1d, 0x3e, 0xda, 0x32, 0xae, 0x34, 0x8f, 0x72, 0x41}: {
		Name: "RewardClaimed",
		Inputs: []ParamDef{
			{Type: "address", Indexed: true, Name: "user"},
			{Type: "uint256", Indexed: false, Name: "reward"},
		},
	},
	{0x10, 0x82, 0x86, 0x14, 0x73, 0x77, 0xad, 0xd4, 0xf5, 0xf7, 0xbc, 0xdd, 0x7b, 0x61, 0x04, 0xdc, 0x6b, 0xda, 0xc3, 0x44, 0x3e, 0x49, 0x91, 0x42, 0xa6, 0x12, 0xd4, 0x18, 0xaa, 0x0b, 0xe1, 0x54}: {
		Name: "OperatorRemoval",
		Inputs: []ParamDef{
			{Type: "address", Indexed: true, Name: "_operator"},
		},
	},
	{0x10, 0xbc, 0x85, 0xdc, 0x0e, 0xf4, 0x37, 0xd1, 0xfb, 0x21, 0xff, 0xec, 0x08, 0x8c, 0x98, 0xc4, 0xbc, 0x77, 0x6e, 0x90, 0xeb, 0x51, 0x4a, 0x95, 0xa0, 0x13, 0x08, 0xe4, 0x99, 0x8a, 0xef, 0xfb}: {
		Name: "TronPurchase",
		Inputs: []ParamDef{
			{Type: "address", Indexed: true, Name: "buyer"},
			{Type: "uint256", Indexed: true, Name: "tokens_sold"},
			{Type: "uint256", Indexed: true, Name: "tron_bought"},
		},
	},
	{0x11, 0x7e, 0x32, 0x10, 0xbb, 0x9a, 0xa7, 0xd9, 0xba, 0xff, 0x17, 0x20, 0x26, 0x82, 0x02, 0x55, 0xc6, 0xf6, 0xc3, 0x0b, 0xa8, 0x99, 0x9d, 0x1c, 0x2f, 0xd8, 0x8e, 0x28, 0x48, 0x13, 0x7c, 0x4e}: {
		Name: "UnBlacklisted",
		Inputs: []ParamDef{
			{Type: "address", Indexed: true, Name: "_account"},
		},
	},
	{0x12, 0x0a, 0x66, 0x59, 0x05, 0xd3, 0xb6, 0x61, 0x62, 0xcf, 0x0b, 0x5e, 0x87, 0x9d, 0xf5, 0x0b, 0xda, 0xef, 0x1b, 0x48, 0xd6, 0x5a, 0xe0, 0xe2, 0x12, 0x4e, 0x3c, 0x03, 0x4c, 0xe9, 0xd4, 0x96}: {
		Name: "TransferTo",
		Inputs: []ParamDef{
			{Type: "address", Indexed: true, Name: "to"},
			{Type: "uint256", Indexed: false, Name: "amount"},
			{Type: "bytes", Indexed: false, Name: "data"},
		},
	},
	{0x12, 0x46, 0xc6, 0xf8, 0xfd, 0x9f, 0x4a, 0xbc, 0x54, 0x2c, 0x7c, 0x8c, 0x8f, 0x79, 0x3c, 0xfc, 0xde, 0x6b, 0x67, 0xae, 0xd1, 0x97, 0x6a, 0x38, 0xaa, 0x13, 0x4f, 0xc2, 0x4a, 0xf2, 0xdf, 0xe3}: {
		Name: "Deployed",
		Inputs: []ParamDef{
			{Type: "address", Indexed: true, Name: "addr"},
			{Type: "bytes32", Indexed: false, Name: "salt"},
			{Type: "bytes", Indexed: false, Name: "initdata"},
		},
	},
	{0x12, 0x77, 0xc4, 0x0d, 0x39, 0x95, 0xd0, 0x3e, 0xea, 0xdf, 0x7a, 0xf7, 0x14, 0x7d, 0xf2, 0xea, 0xd7, 0xd2, 0x62, 0x64, 0xfa, 0x4d, 0xe6, 0x06, 0x23, 0x3a, 0x30, 0x75, 0x90, 0xfe, 0x33, 0x38}: {
		Name: "UpdateFlushSize",
		Inputs: []ParamDef{
			{Type: "uint256", Indexed: false, Name: "size"},
		},
	},
	{0x12, 0xfd, 0xaf, 0xd2, 0x91, 0xeb, 0x28, 0x7a, 0x54, 0xe3, 0x41, 0x60, 0x70, 0x92, 0x3d, 0x22, 0xaa, 0x50, 0x72, 0xf5, 0xee, 0x04, 0xc4, 0xfb, 0x83, 0x61, 0x61, 0x5e, 0x75, 0x08, 0xa3, 0x7c}: {
		Name: "Diss",
		Inputs: []ParamDef{
			{Type: "address", Indexed: false, Name: "a"},
		},
	},
	{0x13, 0xec, 0xf7, 0xc8, 0x98, 0xb9, 0x19, 0xd0, 0xcd, 0x6a, 0xe0, 0xa1, 0xdc, 0x95, 0x5a, 0xeb, 0xed, 0x77, 0xa8, 0xd0, 0xac, 0x2f, 0xf2, 0xf9, 0xc3, 0x39, 0xb2, 0xef, 0x1a, 0x09, 0xc5, 0xd7}: {
		Name: "SettleFinish",
		Inputs: []ParamDef{
			{Type: "bytes32", Indexed: false, Name: "id"},
			{Type: "address", Indexed: false, Name: "recipient"},
		},
	},
	{0x14, 0x49, 0xab, 0xf2, 0x1e, 0x49, 0xfd, 0x02, 0x5f, 0x33, 0x49, 0x5e, 0x77, 0xf7, 0xb1, 0x46, 0x1c, 0xae, 0xfd, 0xd3, 0xd4, 0xbb, 0x64, 0x64, 0x24, 0xa3, 0xf4, 0x45, 0xc4, 0x57, 0x6a, 0x5b}: {
		Name: "Created",
		Inputs: []ParamDef{
			{Type: "address", Indexed: false, Name: "addr"},
		},
	},
	{0x14, 0x49, 0xc6, 0xdd, 0x78, 0x51, 0xab, 0xc3, 0x0a, 0xbf, 0x37, 0xf5, 0x77, 0x15, 0xf4, 0x92, 0x01, 0x05, 0x19, 0x14, 0x7c, 0xc2, 0x65, 0x2f, 0xbc, 0x38, 0x20, 0x2c, 0x18, 0xa6, 0xee, 0x90}: {
		Name: "Staked",
		Inputs: []ParamDef{
			{Type: "address", Indexed: true, Name: "user"},
			{Type: "uint256", Indexed: false, Name: "amount"},
			{Type: "uint256", Indexed: false, Name: "lockDuration"},
		},
	},
	{0x14, 0x7f, 0x3a, 0xe6, 0xd6, 0xd5, 0x6a, 0x28, 0xdb, 0x86, 0x06, 0x48, 0x3c, 0xde, 0xb8, 0x4d, 0x3f, 0x9f, 0x1e, 0xb1, 0xe6, 0x32, 0x09, 0x23, 0x76, 0x1c, 0x33, 0x39, 0x63, 0xf0, 0x6c, 0x29}: {
		Name: "SwapLimitUpdated",
		Inputs: []ParamDef{
			{Type: "uint256", Indexed: false, Name: "newLimit"},
		},
	},
	{0x14, 0xdd, 0x55, 0x0c, 0x01, 0x06, 0x44, 0x3e, 0xe2, 0x79, 0xcd, 0xaf, 0x6a, 0xd0, 0x3f, 0xb6, 0x46, 0xa3, 0x04, 0x91, 0x5a, 0x95, 0x79, 0x3b, 0x02, 0xcb, 0x74, 0xd1, 0x00, 0x8a, 0x63, 0x13}: {
		Name: "BaseUserLimitUpdated",
		Inputs: []ParamDef{
			{Type: "uint256", Indexed: false, Name: "newLimit"},
		},
	},
	{0x15, 0x91, 0x69, 0x0b, 0x86, 0x38, 0xf5, 0xfb, 0x2d, 0xbe, 0xc8, 0x2a, 0xc7, 0x41, 0x80, 0x5a, 0xc5, 0xda, 0x8b, 0x45, 0xdc, 0x52, 0x63, 0xf4, 0x87, 0x5b, 0x04, 0x96, 0xfd, 0xce, 0x4e, 0x05}: {
		Name: "ConfigSet",
		Inputs: []ParamDef{
			{Type: "uint32", Indexed: false, Name: "previousConfigBlockNumber"},
			{Type: "bytes32", Indexed: false, Name: "configDigest"},
			{Type: "uint64", Indexed: false, Name: "configCount"},
			{Type: "address[]", Indexed: false, Name: "signers"},
			{Type: "address[]", Indexed: false, Name: "transmitters"},
			{Type: "uint8", Indexed: false, Name: "f"},
			{Type: "bytes", Indexed: false, Name: "onchainConfig"},
			{Type: "uint64", Indexed: false, Name: "offchainConfigVersion"},
			{Type: "bytes", Indexed: false, Name: "offchainConfig"},
		},
	},
	{0x16, 0xaa, 0x0f, 0x52, 0x80, 0x38, 0xab, 0x41, 0x01, 0x9e, 0x95, 0xba, 0xe5, 0xb4, 0x18, 0xa5, 0x0b, 0xa8, 0x53, 0x2c, 0x58, 0x00, 0xe3, 0xb7, 0xea, 0x2f, 0x51, 0x7d, 0x3f, 0xa6, 0x25, 0xf5}: {
		Name: "DefaultSendLibrarySet",
		Inputs: []ParamDef{
			{Type: "uint32", Indexed: false, Name: "eid"},
			{Type: "address", Indexed: false, Name: "newLib"},
		},
	},
	{0x16, 0xc0, 0x3c, 0x2f, 0xe0, 0x1a, 0xc2, 0x85, 0x47, 0x3b, 0x0d, 0x10, 0xba, 0x5c, 0x5d, 0xe5, 0x9e, 0xde, 0x58, 0x2f, 0xca, 0xc2, 0x7a, 0x86, 0x6b, 0x58, 0x27, 0x41, 0x5f, 0xe4, 0x4b, 0x03}: {
		Name: "Join",
		Inputs: []ParamDef{
			{Type: "address", Indexed: true, Name: "urn"},
			{Type: "uint256", Indexed: false, Name: "amt"},
			{Type: "address", Indexed: true, Name: "msgSender"},
		},
	},
	{0x16, 0xe7, 0x46, 0xf9, 0xbe, 0x6c, 0x4b, 0x54, 0x57, 0x00, 0xb0, 0x4d, 0xf2, 0x7a, 0xfb, 0x9f, 0xce, 0xab, 0xf5, 0x9b, 0x94, 0xef, 0x1c, 0x81, 0x6e, 0x78, 0xa4, 0x35, 0x05, 0x9f, 0xab, 0xea}: {
		Name: "MatchPayout",
		Inputs: []ParamDef{
			{Type: "address", Indexed: true, Name: "addr"},
			{Type: "address", Indexed: true, Name: "from"},
			{Type: "uint256", Indexed: false, Name: "amount"},
		},
	},
	{0x17, 0x30, 0x7e, 0xab, 0x39, 0xab, 0x61, 0x07, 0xe8, 0x89, 0x98, 0x45, 0xad, 0x3d, 0x59, 0xbd, 0x96, 0x53, 0xf2, 0x00, 0xf2, 0x20, 0x92, 0x04, 0x89, 0xca, 0x2b, 0x59, 0x37, 0x69, 0x6c, 0x31}: {
		Name: "ApprovalForAll",
		Inputs: []ParamDef{
			{Type: "address", Indexed: true, Name: "owner"},
			{Type: "address", Indexed: true, Name: "operator"},
			{Type: "bool", Indexed: false, Name: "approved"},
		},
	},
	{0x17, 0x35, 0x99, 0xdb, 0xf9, 0xc6, 0xca, 0x6f, 0x7c, 0x3b, 0x59, 0x0d, 0xf0, 0x7a, 0xe9, 0x8a, 0x45, 0xd7, 0x4f, 0xf5, 0x40, 0x65, 0x50, 0x51, 0x41, 0xe7, 0xde, 0x6c, 0x46, 0xa6, 0x24, 0xc2}: {
		Name: "RemoveLiquidityImbalance",
		Inputs: []ParamDef{
			{Type: "address", Indexed: true, Name: "provider"},
			{Type: "uint256[3]", Indexed: false, Name: "token_amounts"},
			{Type: "uint256[3]", Indexed: false, Name: "fees"},
			{Type: "uint256", Indexed: false, Name: "invariant"},
			{Type: "uint256", Indexed: false, Name: "token_supply"},
		},
	},
	{0x17, 0x90, 0x6a, 0xa0, 0x5b, 0x05, 0x5c, 0xed, 0x1c, 0xea, 0x92, 0xb1, 0x04, 0x91, 0x26, 0x38, 0xc3, 0xec, 0x8c, 0x90, 0xee, 0xc1, 0x52, 0xfc, 0xa6, 0xf3, 0x6f, 0xbd, 0x8b, 0xec, 0xca, 0x1d}: {
		Name: "SetFee",
		Inputs: []ParamDef{
			{Type: "address", Indexed: true, Name: "receiver"},
			{Type: "uint256", Indexed: true, Name: "rate"},
			{Type: "uint256", Indexed: true, Name: "fixedf"},
		},
	},
	{0x17, 0x95, 0x83, 0x8d, 0xc8, 0xab, 0x2f, 0xfc, 0x5f, 0x43, 0x1a, 0x17, 0x29, 0xa6, 0xaf, 0xa0, 0xb5, 0x87, 0xf9, 0x82, 0xf7, 0xb2, 0xbe, 0x0b, 0x9d, 0x71, 0x87, 0xa1, 0xef, 0x54, 0x7f, 0x91}: {
		Name: "FeeTokenRemoved",
		Inputs: []ParamDef{
			{Type: "address", Indexed: true, Name: "feeToken"},
		},
	},
	{0x17, 0xbb, 0xfb, 0x9a, 0x60, 0x69, 0x32, 0x1b, 0x6d, 0xed, 0x73, 0xbd, 0x96, 0x32, 0x7c, 0x9e, 0x6b, 0x72, 0x12, 0xa5, 0xcd, 0x51, 0xff, 0x21, 0x9c, 0xd6, 0x13, 0x70, 0xac, 0xaf, 0xb5, 0x61}: {
		Name: "SwapAndLiquify",
		Inputs: []ParamDef{
			{Type: "uint256", Indexed: false, Name: "tokensSwapped"},
			{Type: "uint256", Indexed: false, Name: "trxReceived"},
			{Type: "uint256", Indexed: false, Name: "tokensIntoLiqudity"},
		},
	},
	{0x18, 0x1a, 0xa3, 0xaa, 0x17, 0xd4, 0xcb, 0xf9, 0x92, 0x65, 0xdd, 0x44, 0x43, 0xeb, 0xa0, 0x09, 0x43, 0x3d, 0x3c, 0xde, 0x79, 0xd6, 0x01, 0x64, 0xfd, 0xe1, 0xd1, 0xa1, 0x92, 0xbe, 0xb9, 0x35}: {
		Name: "CommitNewAdmin",
		Inputs: []ParamDef{
			{Type: "uint256", Indexed: true, Name: "deadline"},
			{Type: "address", Indexed: true, Name: "admin"},
		},
	},
	{0x18, 0x44, 0x50, 0xdf, 0x2e, 0x32, 0x3a, 0xce, 0xc0, 0xed, 0x3b, 0x5c, 0x75, 0x31, 0xb8, 0x1f, 0x9b, 0x4c, 0xde, 0xf7, 0x91, 0x4d, 0xfd, 0x4c, 0x0a, 0x43, 0x17, 0x41, 0x6b, 0xb5, 0x25, 0x1b}: {
		Name: "Deny",
		Inputs: []ParamDef{
			{Type: "address", Indexed: true, Name: "usr"},
		},
	},
	{0x18, 0x71, 0x72, 0xf4, 0xe3, 0xe4, 0x33, 0x77, 0xc1, 0x33, 0xa6, 0xbb, 0xbc, 0x6f, 0xd1, 0x70, 0x5c, 0xee, 0xcc, 0xa0, 0xd7, 0xa6, 0xf6, 0x58, 0x3f, 0x0a, 0x7c, 0xae, 0x9e, 0x49, 0x01, 0x9b}: {
		Name: "WithdrawSupplyEvent",
		Inputs: []ParamDef{
			{Type: "address", Indexed: true, Name: "provider"},
			{Type: "uint256", Indexed: true, Name: "token_amount"},
		},
	},
	{0x18, 0x7d, 0xf3, 0xc8, 0x38, 0x3f, 0xf9, 0xea, 0xac, 0x1e, 0x8a, 0xef, 0x2d, 0x88, 0xcc, 0xca, 0xc2, 0xb9, 0xcc, 0xbe, 0xc1, 0x41, 0x4d, 0x65, 0x9b, 0xee, 0x13, 0xdb, 0x58, 0x1a, 0x9e, 0xf1}: {
		Name: "AuditRewardPaid",
		Inputs: []ParamDef{
			{Type: "address", Indexed: true, Name: "user"},
			{Type: "uint256", Indexed: false, Name: "amount"},
			{Type: "uint256", Indexed: false, Name: "id"},
		},
	},
	{0x1a, 0x8e, 0xad, 0x41, 0x04, 0xf4, 0x96, 0xe8, 0xa2, 0xf3, 0xd7, 0x1d, 0x80, 0x08, 0x86, 0x5f, 0x6b, 0x4c, 0x02, 0x19, 0x5a, 0x9b, 0x30, 0x36, 0x84, 0x31, 0xa7, 0xb9, 0xf9, 0xf0, 0x3f, 0x10}: {
		Name: "ProposalUpdated",
		Inputs: []ParamDef{
			{Type: "address", Indexed: true, Name: "owner"},
			{Type: "uint256", Indexed: false, Name: "proposalID"},
			{Type: "bool", Indexed: false, Name: "result"},
			{Type: "uint256", Indexed: false, Name: "value"},
		},
	},
	{0x1a, 0xb7, 0x00, 0xd4, 0xce, 0xd0, 0xc0, 0x05, 0xb1, 0x64, 0xc0, 0xf7, 0x89, 0xfd, 0x09, 0xfc, 0xbb, 0x01, 0x56, 0xd4, 0xc2, 0x04, 0x1b, 0x8a, 0x3b, 0xfb, 0xcd, 0x96, 0x1c, 0xd1, 0x56, 0x7f}: {
		Name: "PacketSent",
		Inputs: []ParamDef{
			{Type: "bytes", Indexed: false, Name: "encodedPayload"},
			{Type: "bytes", Indexed: false, Name: "options"},
			{Type: "address", Indexed: false, Name: "sendLibrary"},
		},
	},
	{0x1a, 0xbe, 0xbe, 0xa8, 0x1b, 0xfa, 0x26, 0x37, 0xf2, 0x83, 0x58, 0xc3, 0x71, 0x27, 0x8f, 0xb1, 0x5e, 0xde, 0x7e, 0xa8, 0xdd, 0x28, 0xd2, 0xe0, 0x3b, 0x11, 0x2f, 0xf6, 0xd9, 0x36, 0xad, 0xa4}: {
		Name: "LogSetAuthority",
		Inputs: []ParamDef{
			{Type: "address", Indexed: true, Name: "authority"},
		},
	},
	{0x1b, 0x55, 0xba, 0x3a, 0xa8, 0x51, 0xa4, 0x6b, 0xe3, 0xb3, 0x65, 0xae, 0xe5, 0xb5, 0xc1, 0x40, 0xed, 0xd6, 0x20, 0xd5, 0x78, 0x92, 0x2f, 0x3e, 0x84, 0x66, 0xd2, 0xcb, 0xd9, 0x6f, 0x95, 0x4b}: {
		Name:   "Start",
		Inputs: []ParamDef{},
	},
	{0x1b, 0x69, 0x96, 0xf4, 0xc9, 0x89, 0x55, 0xb4, 0x25, 0x19, 0x1b, 0xd6, 0xf1, 0xfc, 0x32, 0x90, 0x02, 0x67, 0x63, 0x1e, 0x0a, 0x5d, 0x5f, 0xf5, 0xcd, 0xf2, 0xd7, 0xa4, 0x09, 0x37, 0x48, 0x90}: {
		Name: "DepositHeld",
		Inputs: []ParamDef{
			{Type: "uint256", Indexed: true, Name: "holdId"},
			{Type: "string", Indexed: false, Name: "tronTxId"},
			{Type: "address", Indexed: true, Name: "realRecipient"},
			{Type: "uint8", Indexed: false, Name: "reason"},
			{Type: "uint256", Indexed: false, Name: "amountInSmallestUnit"},
		},
	},
	{0x1b, 0xab, 0x02, 0x88, 0x6c, 0x65, 0x99, 0x69, 0xcb, 0xb0, 0x04, 0xcc, 0x17, 0xdc, 0x19, 0xbe, 0x19, 0xf1, 0x93, 0x32, 0x3a, 0x30, 0x6e, 0x26, 0xc6, 0x69, 0xbe, 0xdb, 0x29, 0xc6, 0x51, 0xf7}: {
		Name: "TRXReceived",
		Inputs: []ParamDef{
			{Type: "address", Indexed: true, Name: "from"},
			{Type: "uint256", Indexed: false, Name: "amount"},
		},
	},
	{0x1b, 0xb4, 0x3f, 0x2d, 0xa9, 0x0e, 0x35, 0xf7, 0xb0, 0xcf, 0x38, 0x52, 0x1c, 0xa9, 0x5a, 0x49, 0xe6, 0x8e, 0xb4, 0x2f, 0xac, 0x49, 0x92, 0x49, 0x30, 0xa5, 0xbd, 0x73, 0xcd, 0xf7, 0x57, 0x6c}: {
		Name: "OrderRecord",
		Inputs: []ParamDef{
			{Type: "address", Indexed: false, Name: "fromToken"},
			{Type: "address", Indexed: false, Name: "toToken"},
			{Type: "address", Indexed: false, Name: "sender"},
			{Type: "uint256", Indexed: false, Name: "fromAmount"},
			{Type: "uint256", Indexed: false, Name: "returnAmount"},
		},
	},
	{0x1c, 0x3b, 0x83, 0x96, 0x11, 0x35, 0xfc, 0x85, 0x1b, 0x30, 0xc3, 0x73, 0x0e, 0x87, 0x54, 0x79, 0x79, 0x13, 0xcd, 0x18, 0x2a, 0x53, 0x05, 0xdf, 0xe3, 0x11, 0xbe, 0x00, 0x61, 0x66, 0x72, 0x00}: {
		Name: "TRC20Withdrawn",
		Inputs: []ParamDef{
			{Type: "address", Indexed: true, Name: "to"},
			{Type: "uint256", Indexed: false, Name: "amount"},
		},
	},
	{0x1c, 0x4f, 0xad, 0xa7, 0x37, 0x4c, 0x0a, 0x9e, 0xe8, 0x84, 0x1f, 0xc3, 0x8a, 0xfe, 0x82, 0x93, 0x2d, 0xc0, 0xf8, 0xe6, 0x90, 0x12, 0xe9, 0x27, 0xf0, 0x61, 0xa8, 0xba, 0xe6, 0x11, 0xa2, 0x01}: {
		Name: "UserOperationRevertReason",
		Inputs: []ParamDef{
			{Type: "bytes32", Indexed: true, Name: "userOpHash"},
			{Type: "address", Indexed: true, Name: "sender"},
			{Type: "uint256", Indexed: false, Name: "nonce"},
			{Type: "bytes", Indexed: false, Name: "revertReason"},
		},
	},
	{0x1c, 0x9c, 0x8e, 0x16, 0x27, 0x95, 0xe7, 0x3b, 0x91, 0x3b, 0x6f, 0x8e, 0x4f, 0xb5, 0x1b, 0x32, 0x9e, 0xe0, 0xf0, 0xfa, 0xe5, 0x2a, 0x97, 0xc5, 0xdc, 0x59, 0x43, 0xc6, 0x5e, 0xe7, 0x20, 0x3a}: {
		Name: "Mine",
		Inputs: []ParamDef{
			{Type: "string", Indexed: false, Name: "name"},
			{Type: "string", Indexed: false, Name: "queryIndex"},
			{Type: "uint256", Indexed: false, Name: "amount"},
		},
	},
	{0x1c, 0xdd, 0x46, 0xff, 0x24, 0x27, 0x16, 0xcd, 0xaa, 0x72, 0xd1, 0x59, 0xd3, 0x39, 0xa4, 0x85, 0xb3, 0x43, 0x83, 0x98, 0x34, 0x8d, 0x68, 0xf0, 0x9d, 0x7c, 0x8c, 0x0a, 0x59, 0x35, 0x3d, 0x81}: {
		Name: "AuthorizationCanceled",
		Inputs: []ParamDef{
			{Type: "address", Indexed: true, Name: "authorizer"},
			{Type: "bytes32", Indexed: true, Name: "nonce"},
		},
	},
	{0x1c, 0xec, 0xdf, 0x0e, 0x58, 0xcc, 0xc0, 0x2f, 0x0a, 0x8c, 0x91, 0x9a, 0x37, 0xc1, 0x5a, 0xf2, 0x58, 0xcc, 0x5f, 0xc6, 0x71, 0x9f, 0xf9, 0xbb, 0xe2, 0xff, 0x1e, 0xca, 0x24, 0x32, 0xab, 0x5f}: {
		Name: "Lift",
		Inputs: []ParamDef{
			{Type: "address[]", Indexed: false, Name: "a"},
		},
	},
	{0x1c, 0xf3, 0xb0, 0x3a, 0x6c, 0xf1, 0x9f, 0xa2, 0xba, 0xba, 0x4d, 0xf1, 0x48, 0xe9, 0xdc, 0xab, 0xed, 0xea, 0x7f, 0x8a, 0x5c, 0x07, 0x84, 0x0e, 0x20, 0x7e, 0x5c, 0x08, 0x9b, 0xe9, 0x5d, 0x3e}: {
		Name: "BeaconUpgraded",
		Inputs: []ParamDef{
			{Type: "address", Indexed: true, Name: "beacon"},
		},
	},
	{0x1d, 0x5e, 0x3b, 0xb6, 0xd9, 0xb0, 0xff, 0x80, 0x25, 0xb1, 0x73, 0x1e, 0x5c, 0xef, 0x53, 0x1c, 0x30, 0x59, 0x8d, 0x06, 0xc1, 0x5e, 0xec, 0x92, 0xcc, 0x13, 0xcc, 0xb2, 0x12, 0xaf, 0x4a, 0xb0}: {
		Name: "PurchaseMlm",
		Inputs: []ParamDef{
			{Type: "address", Indexed: false, Name: "buyer"},
			{Type: "uint256", Indexed: false, Name: "amountUSDT"},
			{Type: "uint256", Indexed: false, Name: "atlaAmount"},
		},
	},
	{0x1e, 0x53, 0x59, 0x43, 0xd9, 0xe8, 0xa1, 0x10, 0x6a, 0x83, 0x78, 0x81, 0x0e, 0xd4, 0xc3, 0xca, 0xeb, 0x87, 0x9c, 0x1f, 0x51, 0x5b, 0xd8, 0x7d, 0x16, 0x10, 0x7f, 0x13, 0xf5, 0xf4, 0xbd, 0x29}: {
		Name: "SellLimitChanged",
		Inputs: []ParamDef{
			{Type: "address", Indexed: false, Name: "who"},
			{Type: "uint256", Indexed: false, Name: "oldValue"},
			{Type: "uint256", Indexed: false, Name: "newValue"},
		},
	},
	{0x1f, 0x47, 0x8f, 0x1e, 0x5a, 0xee, 0x36, 0xa8, 0x92, 0xd8, 0x6e, 0x82, 0x1a, 0xba, 0x41, 0x0d, 0xc0, 0x93, 0x4c, 0xb0, 0xeb, 0xd0, 0x24, 0x1d, 0xd7, 0x53, 0x70, 0x83, 0x38, 0x84, 0x54, 0x53}: {
		Name: "Approve",
		Inputs: []ParamDef{
			{Type: "address", Indexed: true, Name: "executor"},
			{Type: "bool", Indexed: true, Name: "flag"},
		},
	},
	{0x1f, 0xe3, 0x1f, 0xe2, 0xd5, 0x0f, 0x27, 0x1a, 0x00, 0x24, 0x0e, 0xb5, 0x44, 0xcc, 0xc3, 0xb6, 0xeb, 0x76, 0xa5, 0xeb, 0x07, 0xf1, 0x6a, 0x4d, 0x30, 0xac, 0xcf, 0xeb, 0xde, 0xf8, 0x58, 0xcb}: {
		Name: "SetSafe",
		Inputs: []ParamDef{
			{Type: "address", Indexed: true, Name: "safe"},
		},
	},
	{0x20, 0x2f, 0x11, 0x39, 0xa3, 0xe3, 0x34, 0xb6, 0x05, 0x60, 0x64, 0xc0, 0xe9, 0xb1, 0x9f, 0xd0, 0x7e, 0x44, 0xa8, 0x8d, 0x8f, 0x6e, 0x5d, 0xed, 0x57, 0x1b, 0x24, 0xcf, 0x8c, 0x37, 0x1f, 0x12}: {
		Name: "RootRemoved",
		Inputs: []ParamDef{
			{Type: "bytes32", Indexed: false, Name: "root"},
		},
	},
	{0x20, 0x4f, 0xcc, 0xf0, 0xd9, 0x2e, 0xd8, 0xd4, 0x8f, 0x20, 0x4a, 0xdb, 0x39, 0xb2, 0xe8, 0x1e, 0x92, 0xba, 0xd0, 0xde, 0xdb, 0x93, 0xf5, 0x71, 0x6c, 0xa9, 0x47, 0x8c, 0xfb, 0x57, 0xde, 0x00}: {
		Name: "Unstaked",
		Inputs: []ParamDef{
			{Type: "address", Indexed: true, Name: "user"},
			{Type: "uint256", Indexed: true, Name: "validatorId"},
			{Type: "uint256", Indexed: false, Name: "amount"},
			{Type: "uint256", Indexed: false, Name: "total"},
		},
	},
	{0x20, 0xef, 0xd6, 0xd5, 0x19, 0x5b, 0x7b, 0x50, 0x27, 0x3f, 0x01, 0xcd, 0x79, 0xa2, 0x79, 0x89, 0x25, 0x53, 0x56, 0xf9, 0xf1, 0x32, 0x93, 0xed, 0xc5, 0x3e, 0xe1, 0x42, 0xac, 0xcf, 0xdb, 0x75}: {
		Name: "Swap",
		Inputs: []ParamDef{
			{Type: "address", Indexed: false, Name: "sender"},
			{Type: "address", Indexed: false, Name: "srcToken"},
			{Type: "address", Indexed: false, Name: "dstToken"},
			{Type: "address", Indexed: false, Name: "dstReceiver"},
			{Type: "uint256", Indexed: false, Name: "spentAmount"},
			{Type: "uint256", Indexed: false, Name: "returnAmount"},
		},
	},
	{0x20, 0xf9, 0x75, 0xd6, 0x57, 0x7f, 0x4c, 0xa9, 0x4d, 0x91, 0xed, 0x8f, 0x35, 0xce, 0x02, 0x10, 0xc0, 0x41, 0x2c, 0x65, 0xa2, 0x85, 0xe4, 0x67, 0x9e, 0x3c, 0x8e, 0xaa, 0x7a, 0x4f, 0xe9, 0xcc}: {
		Name: "RewardDistributed",
		Inputs: []ParamDef{
			{Type: "address", Indexed: true, Name: "user"},
			{Type: "string", Indexed: false, Name: "planCode"},
			{Type: "uint256", Indexed: false, Name: "amount"},
		},
	},
	{0x21, 0x38, 0xb9, 0x31, 0x46, 0x34, 0xf9, 0xfd, 0xd5, 0xe4, 0x9b, 0xee, 0x3e, 0xaf, 0x17, 0xca, 0x55, 0x7b, 0x66, 0x37, 0x52, 0x4d, 0x0d, 0xb7, 0x59, 0x71, 0x1c, 0x3b, 0xfc, 0xd3, 0xd8, 0x50}: {
		Name: "UserRegistered",
		Inputs: []ParamDef{
			{Type: "address", Indexed: true, Name: "user"},
			{Type: "address", Indexed: true, Name: "referrer"},
		},
	},
	{0x21, 0xd5, 0x4a, 0x4c, 0x1f, 0x75, 0x0b, 0x4f, 0x93, 0x77, 0x9e, 0x3e, 0x8b, 0x4d, 0xe8, 0x9d, 0xb3, 0xf3, 0x1b, 0xab, 0x8f, 0x20, 0x3e, 0x68, 0x56, 0x97, 0x27, 0xfe, 0xe9, 0x06, 0xcc, 0x32}: {
		Name: "SetBurnBounds",
		Inputs: []ParamDef{
			{Type: "uint256", Indexed: false, Name: "newMin"},
			{Type: "uint256", Indexed: false, Name: "newMax"},
		},
	},
	{0x21, 0xf5, 0x53, 0x0e, 0x54, 0x94, 0x66, 0xb2, 0xa7, 0x29, 0xa4, 0x1e, 0x89, 0x26, 0x1c, 0xe0, 0x27, 0x61, 0x17, 0x4e, 0xd1, 0x79, 0x43, 0x7d, 0x4b, 0xdf, 0x38, 0x65, 0x47, 0x75, 0xbb, 0x28}: {
		Name: "LzReceiveAlert",
		Inputs: []ParamDef{
			{Type: "address", Indexed: true, Name: "receiver"},
			{Type: "address", Indexed: true, Name: "executor"},
			{Type: "tuple", Indexed: false, Name: "origin"},
			{Type: "bytes32", Indexed: false, Name: "guid"},
			{Type: "uint256", Indexed: false, Name: "gas"},
			{Type: "uint256", Indexed: false, Name: "value"},
			{Type: "bytes", Indexed: false, Name: "message"},
			{Type: "bytes", Indexed: false, Name: "extraData"},
			{Type: "bytes", Indexed: false, Name: "reason"},
		},
	},
	{0x22, 0x28, 0x38, 0xdb, 0x27, 0x94, 0xd1, 0x15, 0x32, 0xd9, 0x40, 0xe8, 0xde, 0xc3, 0x8a, 0xe3, 0x07, 0xed, 0x0b, 0x63, 0xcd, 0x97, 0xc2, 0x33, 0x32, 0x2e, 0x22, 0x1f, 0x99, 0x87, 0x67, 0xa6}: {
		Name: "Redeem",
		Inputs: []ParamDef{
			{Type: "address", Indexed: true, Name: "from"},
			{Type: "uint256", Indexed: false, Name: "value"},
		},
	},
	{0x22, 0x38, 0x0c, 0x05, 0x98, 0x42, 0x57, 0xa1, 0xcb, 0x90, 0x01, 0x61, 0xc7, 0x13, 0xdd, 0x71, 0xd3, 0x9e, 0x74, 0x82, 0x0f, 0x1a, 0xea, 0x43, 0xbd, 0x3f, 0x1b, 0xdd, 0x20, 0x96, 0x12, 0x99}: {
		Name: "WhitelistAdminAdded",
		Inputs: []ParamDef{
			{Type: "address", Indexed: true, Name: "account"},
		},
	},
	{0x22, 0xd3, 0x24, 0x65, 0x2c, 0x93, 0x73, 0x97, 0x55, 0xcf, 0x45, 0x81, 0x50, 0x8b, 0x60, 0x87, 0x5e, 0xbd, 0xd7, 0x8c, 0x20, 0xc0, 0xcf, 0xf5, 0xcf, 0x8e, 0x23, 0x45, 0x2b, 0x29, 0x96, 0x31}: {
		Name: "Exit",
		Inputs: []ParamDef{
			{Type: "address", Indexed: true, Name: "usr"},
			{Type: "uint256", Indexed: false, Name: "amt"},
		},
	},
	{0x23, 0x08, 0xed, 0x18, 0xa1, 0x4e, 0x80, 0x0c, 0x39, 0xb8, 0x6e, 0xb6, 0xea, 0x43, 0x27, 0x01, 0x05, 0x95, 0x5c, 0xa3, 0x85, 0xb6, 0x03, 0xb6, 0x4e, 0xca, 0x89, 0xf9, 0x8a, 0xe8, 0xfb, 0xda}: {
		Name:   "Cage",
		Inputs: []ParamDef{},
	},
	{0x23, 0x42, 0x8b, 0x18, 0xac, 0xfb, 0x3e, 0xa6, 0x4b, 0x08, 0xdc, 0x0c, 0x1d, 0x29, 0x6e, 0xa9, 0xc0, 0x97, 0x02, 0xc0, 0x90, 0x83, 0xca, 0x52, 0x72, 0xe6, 0x4d, 0x11, 0x5b, 0x68, 0x7d, 0x23}: {
		Name: "ExecutionFailure",
		Inputs: []ParamDef{
			{Type: "bytes32", Indexed: true, Name: "txHash"},
			{Type: "uint256", Indexed: false, Name: "payment"},
		},
	},
	{0x23, 0x52, 0x47, 0xfd, 0x70, 0x8c, 0x3a, 0x47, 0x99, 0xd1, 0x5b, 0x30, 0xe4, 0x9e, 0x97, 0xff, 0x43, 0xe7, 0x4e, 0x18, 0xa9, 0x09, 0x59, 0x0c, 0x0a, 0x9f, 0x25, 0x7a, 0x37, 0x9e, 0x19, 0xf8}: {
		Name: "FeeOwnerSet",
		Inputs: []ParamDef{
			{Type: "address", Indexed: false, Name: "_feeOwner"},
		},
	},
	{0x23, 0x83, 0x99, 0xd4, 0x27, 0xb9, 0x47, 0x89, 0x8e, 0xdb, 0x29, 0x0f, 0x5f, 0xf0, 0xf9, 0x10, 0x98, 0x49, 0xb1, 0xc3, 0xba, 0x19, 0x6a, 0x42, 0xe3, 0x5f, 0x00, 0xc5, 0x0a, 0x54, 0xb9, 0x8b}: {
		Name: "PeerSet",
		Inputs: []ParamDef{
			{Type: "uint32", Indexed: false, Name: "eid"},
			{Type: "bytes32", Indexed: false, Name: "peer"},
		},
	},
	{0x23, 0xd6, 0x71, 0x1a, 0x1d, 0x03, 0x11, 0x34, 0xa3, 0x69, 0x21, 0x25, 0x3c, 0x75, 0xaa, 0x59, 0xe9, 0x67, 0xd3, 0x8e, 0x36, 0x9a, 0xc6, 0x25, 0x99, 0x28, 0x24, 0x31, 0x5e, 0x20, 0x4f, 0x20}: {
		Name: "EmergencyWithdrawal",
		Inputs: []ParamDef{
			{Type: "address", Indexed: true, Name: "owner"},
			{Type: "uint256", Indexed: false, Name: "amount"},
		},
	},
	{0x23, 0xf3, 0x1b, 0xe7, 0xd2, 0x90, 0x96, 0xa0, 0x73, 0x0b, 0x25, 0xd6, 0xd4, 0x1b, 0x69, 0x13, 0x76, 0xdd, 0x9d, 0x8c, 0x04, 0xab, 0x73, 0x0a, 0x84, 0x35, 0xa1, 0x88, 0x52, 0x1f, 0x7a, 0xf8}: {
		Name: "TotalLiquidityUpdated",
		Inputs: []ParamDef{
			{Type: "uint256", Indexed: false, Name: "oldTotalLiquidity"},
			{Type: "uint256", Indexed: false, Name: "newTotalLiquidity"},
		},
	},
	{0x24, 0xd9, 0xee, 0x20, 0xa6, 0xe9, 0x91, 0x0f, 0xbe, 0x79, 0x3d, 0xcf, 0xe5, 0x0a, 0x7f, 0x6b, 0xd8, 0x05, 0xa9, 0xa1, 0x7e, 0x89, 0x4f, 0x22, 0xac, 0x7d, 0x0b, 0xbb, 0x35, 0xe0, 0x65, 0xb7}: {
		Name: "JTokenStatus",
		Inputs: []ParamDef{
			{Type: "uint256", Indexed: false, Name: "totalCash"},
			{Type: "uint256", Indexed: false, Name: "totalBorrow"},
			{Type: "uint256", Indexed: false, Name: "totalReserve"},
			{Type: "uint256", Indexed: false, Name: "totalSupply"},
			{Type: "uint256", Indexed: false, Name: "borrowRatePerBlock"},
			{Type: "uint256", Indexed: false, Name: "borrowIndex"},
			{Type: "uint256", Indexed: false, Name: "reserveFactorMantissa"},
		},
	},
	{0x24, 0xe7, 0x70, 0x20, 0x12, 0xce, 0xd2, 0x33, 0xe2, 0x34, 0x67, 0xd1, 0x6a, 0x94, 0xec, 0xf9, 0xbd, 0x06, 0xc3, 0x50, 0xf8, 0xfa, 0xdb, 0x06, 0x5d, 0x48, 0x29, 0x88, 0x6f, 0x85, 0x56, 0x16}: {
		Name: "CreateFailed",
		Inputs: []ParamDef{
			{Type: "address", Indexed: false, Name: "addr"},
			{Type: "address", Indexed: false, Name: "owner"},
			{Type: "string", Indexed: false, Name: "reason"},
		},
	},
	{0x25, 0xd7, 0x19, 0xd8, 0x8a, 0x45, 0x12, 0xdd, 0x76, 0xc7, 0x44, 0x2b, 0x91, 0x0a, 0x83, 0x36, 0x08, 0x45, 0x50, 0x58, 0x94, 0xeb, 0x44, 0x4e, 0xf2, 0x99, 0x40, 0x9e, 0x18, 0x0f, 0x8f, 0xb9}: {
		Name: "ConfigSet",
		Inputs: []ParamDef{
			{Type: "uint32", Indexed: false, Name: "previousConfigBlockNumber"},
			{Type: "uint64", Indexed: false, Name: "configCount"},
			{Type: "address[]", Indexed: false, Name: "signers"},
			{Type: "address[]", Indexed: false, Name: "transmitters"},
			{Type: "uint8", Indexed: false, Name: "threshold"},
			{Type: "uint64", Indexed: false, Name: "encodedConfigVersion"},
			{Type: "bytes", Indexed: false, Name: "encoded"},
		},
	},
	{0x26, 0x51, 0x1c, 0xa4, 0x5b, 0xe0, 0xd4, 0x87, 0x5d, 0x9b, 0x7e, 0x53, 0x7a, 0xc0, 0x0b, 0x16, 0x7d, 0xb8, 0x49, 0x07, 0x91, 0xa3, 0x3c, 0xe6, 0x22, 0x0f, 0x72, 0x9c, 0x3b, 0x4b, 0x1d, 0x6d}: {
		Name: "PoolSizeUpdated",
		Inputs: []ParamDef{
			{Type: "uint256", Indexed: false, Name: "newSize"},
		},
	},
	{0x26, 0x63, 0x2e, 0xdb, 0x36, 0x9f, 0x47, 0xeb, 0x45, 0x1a, 0x28, 0x1f, 0xad, 0x73, 0xca, 0x0a, 0x52, 0xcf, 0xa3, 0x10, 0x9e, 0x45, 0x7a, 0x64, 0x52, 0x45, 0x35, 0x83, 0x94, 0x86, 0xac, 0x6d}: {
		Name: "onPrice",
		Inputs: []ParamDef{
			{Type: "uint256", Indexed: false, Name: "price"},
		},
	},
	{0x26, 0x96, 0xa6, 0x35, 0x8e, 0x16, 0x69, 0x2f, 0x32, 0x0e, 0x45, 0x70, 0xc0, 0x11, 0x70, 0xfd, 0x42, 0x3f, 0x0f, 0x4a, 0xcb, 0xc8, 0xd0, 0x12, 0x0c, 0x42, 0xa3, 0x3e, 0x5d, 0x2e, 0x15, 0x4a}: {
		Name: "Params",
		Inputs: []ParamDef{
			{Type: "uint256", Indexed: false, Name: "feeBasisPoints"},
		},
	},
	{0x26, 0xab, 0xf6, 0xa9, 0xe0, 0x47, 0xdf, 0x0a, 0x2c, 0x5b, 0xb6, 0x70, 0x88, 0xfb, 0xf7, 0x97, 0x7f, 0x54, 0xfc, 0xc4, 0x9d, 0x4b, 0x56, 0xab, 0x50, 0x43, 0x4d, 0x93, 0x32, 0x0a, 0xc7, 0x0a}: {
		Name: "Transfer",
		Inputs: []ParamDef{
			{Type: "address", Indexed: false, Name: "from"},
			{Type: "address", Indexed: false, Name: "to"},
			{Type: "uint256", Indexed: false, Name: "amount"},
			{Type: "address", Indexed: false, Name: "token"},
			{Type: "bytes32", Indexed: true, Name: "paymentReference"},
		},
	},
	{0x26, 0xf5, 0x5a, 0x85, 0x08, 0x1d, 0x24, 0x97, 0x4e, 0x85, 0xc6, 0xc0, 0x00, 0x45, 0xd0, 0xf0, 0x45, 0x39, 0x91, 0xe9, 0x58, 0x73, 0xf5, 0x2b, 0xff, 0x0d, 0x21, 0xaf, 0x40, 0x79, 0xa7, 0x68}: {
		Name: "AddLiquidity",
		Inputs: []ParamDef{
			{Type: "address", Indexed: true, Name: "provider"},
			{Type: "uint256[2]", Indexed: false, Name: "token_amounts"},
			{Type: "uint256[2]", Indexed: false, Name: "fees"},
			{Type: "uint256", Indexed: false, Name: "invariant"},
			{Type: "uint256", Indexed: false, Name: "token_supply"},
		},
	},
	{0x26, 0xf6, 0xa0, 0x48, 0xee, 0x91, 0x38, 0xf2, 0xc0, 0xce, 0x26, 0x6f, 0x32, 0x2c, 0xb9, 0x92, 0x28, 0xe8, 0xd6, 0x19, 0xae, 0x2b, 0xff, 0x30, 0xc6, 0x7f, 0x8d, 0xcf, 0x9d, 0x23, 0x77, 0xb4}: {
		Name: "DecreaseLiquidity",
		Inputs: []ParamDef{
			{Type: "uint256", Indexed: true, Name: "tokenId"},
			{Type: "uint128", Indexed: false, Name: "liquidity"},
			{Type: "uint256", Indexed: false, Name: "amount0"},
			{Type: "uint256", Indexed: false, Name: "amount1"},
		},
	},
	{0x27, 0xb8, 0x9a, 0xed, 0xe8, 0xb5, 0x60, 0x57, 0x8b, 0xaa, 0xa2, 0x5e, 0xe5, 0xce, 0x38, 0x52, 0xc5, 0xee, 0xca, 0xd1, 0xe1, 0x14, 0xb9, 0x41, 0xbb, 0xd8, 0x9e, 0x1e, 0xb4, 0xba, 0xe6, 0x34}: {
		Name: "RequesterAccessControllerSet",
		Inputs: []ParamDef{
			{Type: "address", Indexed: false, Name: "old"},
			{Type: "address", Indexed: false, Name: "current"},
		},
	},
	{0x28, 0x18, 0xdf, 0xb7, 0x9e, 0x14, 0xf8, 0xde, 0x68, 0x7a, 0xc3, 0xa0, 0xc8, 0x93, 0x72, 0xc7, 0x0c, 0x8f, 0x40, 0x27, 0xaf, 0x22, 0x16, 0x3e, 0xcd, 0xda, 0x63, 0x2f, 0x72, 0x7e, 0xab, 0x84}: {
		Name: "WalletRemovedFromWhitelist",
		Inputs: []ParamDef{
			{Type: "address", Indexed: true, Name: "wallet"},
		},
	},
	{0x28, 0x97, 0x53, 0x53, 0x4e, 0x95, 0xec, 0xb9, 0x78, 0xc8, 0x09, 0xdf, 0x86, 0x96, 0x3e, 0x0c, 0xd5, 0x24, 0xc0, 0xa9, 0x87, 0x6f, 0x75, 0xdb, 0xb6, 0xbe, 0x9b, 0x37, 0x15, 0x51, 0x72, 0x93}: {
		Name: "InsertParticipant",
		Inputs: []ParamDef{
			{Type: "address", Indexed: false, Name: "account"},
			{Type: "string", Indexed: false, Name: "name"},
		},
	},
	{0x28, 0xf4, 0x00, 0x53, 0x78, 0x30, 0x33, 0xef, 0x75, 0x55, 0x56, 0xa0, 0xc3, 0x31, 0x53, 0x79, 0x14, 0x1f, 0x51, 0xa3, 0x3a, 0xed, 0x83, 0x34, 0x17, 0x4f, 0xfb, 0xad, 0xd9, 0x0b, 0xde, 0x48}: {
		Name: "InboundNonceSkipped",
		Inputs: []ParamDef{
			{Type: "uint32", Indexed: false, Name: "srcEid"},
			{Type: "bytes32", Indexed: false, Name: "sender"},
			{Type: "address", Indexed: false, Name: "receiver"},
			{Type: "uint64", Indexed: false, Name: "nonce"},
		},
	},
	{0x29, 0x6b, 0xa4, 0xca, 0x62, 0xc6, 0xc2, 0x1c, 0x95, 0xe8, 0x28, 0x08, 0x0c, 0xb8, 0xae, 0xc7, 0x48, 0x1b, 0x71, 0x39, 0x05, 0x85, 0x60, 0x53, 0x00, 0xa8, 0xa7, 0x6f, 0x9e, 0x95, 0xb5, 0x27}: {
		Name: "LogValue",
		Inputs: []ParamDef{
			{Type: "bytes32", Indexed: false, Name: "val"},
		},
	},
	{0x29, 0x86, 0x37, 0xf6, 0x84, 0xda, 0x70, 0x67, 0x4f, 0x26, 0x50, 0x9b, 0x10, 0xf0, 0x7e, 0xc2, 0xfb, 0xc7, 0x7a, 0x33, 0x5a, 0xb1, 0xe7, 0xd6, 0x21, 0x5a, 0x4b, 0x24, 0x84, 0xd8, 0xbb, 0x52}: {
		Name: "LiquidateBorrow",
		Inputs: []ParamDef{
			{Type: "address", Indexed: false, Name: "liquidator"},
			{Type: "address", Indexed: false, Name: "borrower"},
			{Type: "uint256", Indexed: false, Name: "repayAmount"},
			{Type: "address", Indexed: false, Name: "cTokenCollateral"},
			{Type: "uint256", Indexed: false, Name: "seizeTokens"},
		},
	},
	{0x29, 0xbe, 0xae, 0xc9, 0xb9, 0x16, 0x87, 0x7c, 0x73, 0xc8, 0x57, 0xd7, 0x3d, 0x0e, 0xa4, 0x70, 0x56, 0xdb, 0x4d, 0xa7, 0xe5, 0x3f, 0x21, 0x7e, 0xdd, 0xf4, 0xfa, 0x04, 0xb3, 0xe2, 0xe3, 0x8e}: {
		Name: "NativeCoinBatchSent",
		Inputs: []ParamDef{
			{Type: "uint256", Indexed: false, Name: "total"},
			{Type: "uint256", Indexed: false, Name: "recipientCount"},
		},
	},
	{0x29, 0xcb, 0xfe, 0x96, 0x80, 0x02, 0x5a, 0x16, 0xf6, 0xfe, 0x80, 0xe2, 0x1e, 0xe5, 0xdb, 0x4a, 0x8e, 0x32, 0x45, 0x09, 0xae, 0x09, 0x60, 0x13, 0xf4, 0x48, 0x1b, 0x53, 0xcb, 0x27, 0x44, 0x8d}: {
		Name: "DebugTransferFailed",
		Inputs: []ParamDef{
			{Type: "string", Indexed: false, Name: "reason"},
		},
	},
	{0x29, 0xcf, 0x57, 0x05, 0xe8, 0xef, 0x0d, 0x06, 0x74, 0x2d, 0xf5, 0xaf, 0x36, 0x55, 0x03, 0xef, 0x11, 0xd8, 0x88, 0x6f, 0x31, 0x22, 0xb6, 0x5e, 0xdc, 0xa0, 0x7d, 0x64, 0xcf, 0x3d, 0x2f, 0x0a}: {
		Name: "BridgeHandlerSet",
		Inputs: []ParamDef{
			{Type: "address", Indexed: true, Name: "added"},
		},
	},
	{0x2a, 0x3d, 0xe2, 0x06, 0x82, 0xfb, 0x29, 0x1f, 0x44, 0x4b, 0x5c, 0x14, 0x69, 0xd7, 0xe0, 0x95, 0x0c, 0x55, 0x8c, 0xe3, 0xda, 0xdf, 0x97, 0x16, 0x36, 0x87, 0x87, 0x3e, 0x29, 0xbc, 0xf4, 0xae}: {
		Name: "AccountFrozen",
		Inputs: []ParamDef{
			{Type: "address", Indexed: true, Name: "caller"},
			{Type: "address", Indexed: true, Name: "account"},
		},
	},
	{0x2a, 0x77, 0x75, 0x39, 0x79, 0x85, 0xe6, 0x08, 0xdf, 0xd5, 0x8d, 0x66, 0x4a, 0xaf, 0x94, 0xfd, 0x32, 0x92, 0x8a, 0xda, 0x41, 0x52, 0x89, 0x5f, 0x13, 0x37, 0x11, 0x8b, 0x97, 0x56, 0xc8, 0x64}: {
		Name: "RequestScheduled",
		Inputs: []ParamDef{
			{Type: "uint256", Indexed: true, Name: "id"},
			{Type: "uint8", Indexed: false, Name: "_type"},
			{Type: "uint256", Indexed: false, Name: "value"},
			{Type: "uint256", Indexed: false, Name: "availableTime"},
		},
	},
	{0x2b, 0x1f, 0xa2, 0xed, 0xaf, 0xe6, 0xf7, 0xb9, 0xe9, 0x7c, 0x1a, 0x9e, 0x0c, 0x36, 0x60, 0xe6, 0x45, 0xbe, 0xb2, 0xdc, 0xaa, 0x2d, 0x45, 0xbd, 0xbf, 0x9b, 0xea, 0xf5, 0x47, 0x2e, 0x1e, 0xc5}: {
		Name:   "DefaultAdminDelayChangeCanceled",
		Inputs: []ParamDef{},
	},
	{0x2b, 0x55, 0x08, 0x37, 0x8d, 0x7e, 0x19, 0xe0, 0xd5, 0xfa, 0x33, 0x84, 0x19, 0x03, 0x47, 0x31, 0x41, 0x6c, 0x4f, 0x5b, 0x21, 0x9a, 0x10, 0x37, 0x99, 0x56, 0xf7, 0x64, 0x31, 0x7f, 0xd4, 0x7e}: {
		Name: "RemoveLiquidityImbalance",
		Inputs: []ParamDef{
			{Type: "address", Indexed: true, Name: "provider"},
			{Type: "uint256[2]", Indexed: false, Name: "token_amounts"},
			{Type: "uint256[2]", Indexed: false, Name: "fees"},
			{Type: "uint256", Indexed: false, Name: "invariant"},
			{Type: "uint256", Indexed: false, Name: "token_supply"},
		},
	},
	{0x2b, 0xc9, 0x1b, 0xc5, 0x67, 0xca, 0x79, 0x2a, 0x0b, 0xc2, 0xd1, 0xf0, 0x36, 0xba, 0x31, 0xa1, 0x07, 0xac, 0x46, 0x9b, 0x83, 0xea, 0x22, 0xaf, 0x38, 0x86, 0x76, 0x48, 0x47, 0x90, 0xdb, 0x04}: {
		Name: "Exchange",
		Inputs: []ParamDef{
			{Type: "bool", Indexed: false, Name: "forward"},
			{Type: "uint256", Indexed: false, Name: "amountIn"},
			{Type: "uint256", Indexed: false, Name: "amountOut"},
			{Type: "uint256", Indexed: false, Name: "fee"},
		},
	},
	{0x2c, 0x0f, 0x1a, 0x43, 0xe4, 0xbd, 0xe8, 0xcf, 0xc8, 0x82, 0x4f, 0xb6, 0xe8, 0xb8, 0x53, 0xaa, 0x40, 0x8b, 0x90, 0x64, 0x39, 0x26, 0x4f, 0x0f, 0x31, 0x86, 0x5d, 0x28, 0xf9, 0x08, 0xb7, 0xd5}: {
		Name: "debugEv",
		Inputs: []ParamDef{
			{Type: "address", Indexed: false, Name: "_user"},
			{Type: "bool", Indexed: false, Name: "treeComplete"},
			{Type: "uint256", Indexed: false, Name: "user4thParent"},
			{Type: "uint256", Indexed: false, Name: "_level"},
			{Type: "uint256", Indexed: false, Name: "userPosition"},
		},
	},
	{0x2c, 0x3b, 0xb5, 0x45, 0x8e, 0x3d, 0xd6, 0x71, 0xc3, 0x19, 0x74, 0xc4, 0xca, 0x8e, 0x8e, 0xbc, 0x2c, 0xdd, 0x89, 0x2a, 0xe8, 0x60, 0x23, 0x74, 0xd9, 0xa6, 0xf7, 0x89, 0xb0, 0x0c, 0x6b, 0x94}: {
		Name: "TopUpFee",
		Inputs: []ParamDef{
			{Type: "address", Indexed: true, Name: "user"},
			{Type: "uint256", Indexed: true, Name: "fee"},
		},
	},
	{0x2c, 0x4a, 0x13, 0x7f, 0x20, 0x4a, 0x40, 0x2f, 0xa3, 0xde, 0x24, 0xfc, 0x37, 0xfc, 0xb0, 0xa6, 0x39, 0x4f, 0x81, 0x49, 0xbf, 0x8b, 0xac, 0xa2, 0x89, 0xa7, 0xf7, 0x46, 0xac, 0xac, 0x2c, 0x4b}: {
		Name: "FeePerAccountChanged",
		Inputs: []ParamDef{
			{Type: "address", Indexed: false, Name: "_operator"},
			{Type: "uint256", Indexed: false, Name: "_feePerAccount"},
		},
	},
	{0x2c, 0x7d, 0xbc, 0x46, 0xf1, 0xa4, 0x65, 0x87, 0x05, 0xab, 0x50, 0x61, 0xeb, 0xd8, 0x24, 0xea, 0xdf, 0x08, 0x29, 0x19, 0xbd, 0xd4, 0x52, 0x7e, 0x97, 0x6b, 0x05, 0x6c, 0xab, 0x1b, 0xe2, 0x47}: {
		Name: "ComPoolTransferWallet",
		Inputs: []ParamDef{
			{Type: "address", Indexed: false, Name: "admin"},
			{Type: "address", Indexed: false, Name: "wallet"},
			{Type: "uint256", Indexed: false, Name: "total"},
			{Type: "uint256", Indexed: false, Name: "tokenBalance"},
			{Type: "uint256", Indexed: false, Name: "time"},
			{Type: "uint256", Indexed: false, Name: "halvingId"},
			{Type: "uint256", Indexed: false, Name: "_block"},
		},
	},
	{0x2c, 0xa8, 0xf7, 0x66, 0xb0, 0x05, 0xb3, 0x8d, 0xed, 0xb8, 0x07, 0x10, 0xfa, 0x31, 0x5e, 0xfa, 0xd1, 0x3a, 0x4c, 0x5d, 0x96, 0x34, 0x80, 0xbf, 0x84, 0x6e, 0x61, 0x20, 0xe7, 0x64, 0x38, 0x9c}: {
		Name: "UsdtAddressChanged",
		Inputs: []ParamDef{
			{Type: "address", Indexed: true, Name: "oldAddress"},
			{Type: "address", Indexed: true, Name: "newAddress"},
		},
	},
	{0x2c, 0xb0, 0xee, 0xd7, 0x53, 0x8b, 0xae, 0xae, 0x4c, 0x6f, 0xde, 0x03, 0x8c, 0x0f, 0xd0, 0x38, 0x4d, 0x27, 0xde, 0x0d, 0xd5, 0x5a, 0x22, 0x8c, 0x65, 0x84, 0x7b, 0xda, 0x6a, 0xa1, 0xab, 0x56}: {
		Name: "PayloadVerified",
		Inputs: []ParamDef{
			{Type: "address", Indexed: false, Name: "dvn"},
			{Type: "bytes", Indexed: false, Name: "header"},
			{Type: "uint256", Indexed: false, Name: "confirmations"},
			{Type: "bytes32", Indexed: false, Name: "proofHash"},
		},
	},
	{0x2c, 0xb7, 0x77, 0x63, 0xbc, 0x1e, 0x84, 0x90, 0xc1, 0xa9, 0x04, 0x90, 0x5c, 0x4d, 0x74, 0xb4, 0x26, 0x99, 0x19, 0xac, 0xa1, 0x14, 0x46, 0x4f, 0x4b, 0xb4, 0xd9, 0x11, 0xe6, 0x0d, 0xe3, 0x64}: {
		Name: "NewDeposit",
		Inputs: []ParamDef{
			{Type: "address", Indexed: true, Name: "addr"},
			{Type: "uint256", Indexed: false, Name: "amount"},
		},
	},
	{0x2d, 0xa4, 0x66, 0xa7, 0xb2, 0x43, 0x04, 0xf4, 0x7e, 0x87, 0xfa, 0x2e, 0x1e, 0x5a, 0x81, 0xb9, 0x83, 0x1c, 0xe5, 0x4f, 0xec, 0x19, 0x05, 0x5c, 0xe2, 0x77, 0xca, 0x2f, 0x39, 0xba, 0x42, 0xc4}: {
		Name: "Deposited",
		Inputs: []ParamDef{
			{Type: "address", Indexed: true, Name: "account"},
			{Type: "uint256", Indexed: false, Name: "totalDeposit"},
		},
	},
	{0x2d, 0xd7, 0x9f, 0x4f, 0xcc, 0xfd, 0x18, 0xc3, 0x60, 0xce, 0x7f, 0x91, 0x32, 0xf3, 0x62, 0x1b, 0xf0, 0x5e, 0xee, 0x18, 0xf9, 0x95, 0x22, 0x4b, 0xad, 0xb3, 0x2d, 0x17, 0xf1, 0x72, 0xdf, 0x73}: {
		Name: "Borrow",
		Inputs: []ParamDef{
			{Type: "address", Indexed: false, Name: "borrower"},
			{Type: "uint256", Indexed: false, Name: "borrowAmount"},
			{Type: "uint256", Indexed: false, Name: "accountBorrows"},
			{Type: "uint256", Indexed: false, Name: "totalBorrows"},
			{Type: "uint256", Indexed: false, Name: "borrowIndex"},
		},
	},
	{0x2e, 0x69, 0xe3, 0xd1, 0x43, 0xa5, 0x3f, 0x8a, 0xf9, 0x60, 0x48, 0x88, 0x0a, 0x5c, 0x58, 0xa4, 0xae, 0xc3, 0xcf, 0x22, 0x8e, 0x91, 0x4a, 0x88, 0x0f, 0x5a, 0xe0, 0xef, 0x69, 0x7b, 0x78, 0xb5}: {
		Name: "PledgeMiner",
		Inputs: []ParamDef{
			{Type: "address", Indexed: false, Name: "user"},
			{Type: "uint256", Indexed: false, Name: "tickerIndex"},
			{Type: "uint256", Indexed: false, Name: "level"},
			{Type: "uint256", Indexed: false, Name: "multiple"},
			{Type: "uint256", Indexed: false, Name: "profitAmount"},
			{Type: "uint256", Indexed: false, Name: "payAmount"},
			{Type: "uint256", Indexed: false, Name: "usdtAmount"},
			{Type: "address", Indexed: false, Name: "profitToken"},
		},
	},
	{0x2f, 0x56, 0x81, 0x0a, 0x6b, 0xf4, 0x0a, 0xf0, 0x59, 0xb9, 0x6d, 0x3a, 0xea, 0x4d, 0xb5, 0x40, 0x81, 0xf3, 0x78, 0x02, 0x9a, 0x51, 0x83, 0x90, 0x49, 0x10, 0x93, 0xa7, 0xb6, 0x70, 0x32, 0xe9}: {
		Name: "CommitOwnership",
		Inputs: []ParamDef{
			{Type: "address", Indexed: false, Name: "admin"},
		},
	},
	{0x2f, 0x87, 0x88, 0x11, 0x7e, 0x7e, 0xff, 0x1d, 0x82, 0xe9, 0x26, 0xec, 0x79, 0x49, 0x01, 0xd1, 0x7c, 0x78, 0x02, 0x4a, 0x50, 0x27, 0x09, 0x40, 0x30, 0x45, 0x40, 0xa7, 0x33, 0x65, 0x6f, 0x0d}: {
		Name: "RoleGranted",
		Inputs: []ParamDef{
			{Type: "bytes32", Indexed: true, Name: "role"},
			{Type: "address", Indexed: true, Name: "account"},
			{Type: "address", Indexed: true, Name: "sender"},
		},
	},
	{0x30, 0x38, 0x5c, 0x84, 0x5b, 0x44, 0x8a, 0x36, 0x25, 0x7a, 0x6a, 0x17, 0x16, 0xe6, 0xad, 0x2e, 0x1b, 0xc2, 0xcb, 0xe3, 0x33, 0xcd, 0xe1, 0xe6, 0x9f, 0xe8, 0x49, 0xad, 0x65, 0x11, 0xad, 0xfe}: {
		Name: "Minted",
		Inputs: []ParamDef{
			{Type: "address", Indexed: true, Name: "to"},
			{Type: "uint256", Indexed: false, Name: "amount"},
		},
	},
	{0x30, 0x67, 0x04, 0x8b, 0xee, 0xe3, 0x1b, 0x25, 0xb2, 0xf1, 0x68, 0x1f, 0x88, 0xda, 0xc8, 0x38, 0xc8, 0xbb, 0xa3, 0x6a, 0xf2, 0x5b, 0xfb, 0x2b, 0x7c, 0xf7, 0x47, 0x3a, 0x58, 0x47, 0xe3, 0x5f}: {
		Name: "IncreaseLiquidity",
		Inputs: []ParamDef{
			{Type: "uint256", Indexed: true, Name: "tokenId"},
			{Type: "uint128", Indexed: false, Name: "liquidity"},
			{Type: "uint256", Indexed: false, Name: "amount0"},
			{Type: "uint256", Indexed: false, Name: "amount1"},
		},
	},
	{0x30, 0x8b, 0xc6, 0x45, 0x91, 0x26, 0xda, 0xbc, 0x65, 0xaf, 0xf9, 0x92, 0x57, 0xfc, 0x46, 0x97, 0xbb, 0xf5, 0x1d, 0xff, 0xe0, 0x40, 0x38, 0x4b, 0x70, 0x32, 0x89, 0x81, 0x2a, 0x27, 0xed, 0x9f}: {
		Name: "ActionRewardPaid",
		Inputs: []ParamDef{
			{Type: "address", Indexed: true, Name: "user"},
			{Type: "uint256", Indexed: false, Name: "amount"},
			{Type: "uint256", Indexed: false, Name: "nonce"},
			{Type: "uint256", Indexed: false, Name: "deadline"},
			{Type: "uint8", Indexed: false, Name: "action"},
		},
	},
	{0x31, 0x15, 0xd1, 0x44, 0x9a, 0x7b, 0x73, 0x2c, 0x98, 0x6c, 0xba, 0x18, 0x24, 0x4e, 0x89, 0x7a, 0x45, 0x0f, 0x61, 0xe1, 0xbb, 0x8d, 0x58, 0x9c, 0xd2, 0xe6, 0x9e, 0x6c, 0x89, 0x24, 0xf9, 0xf7}: {
		Name: "Withdraw",
		Inputs: []ParamDef{
			{Type: "address", Indexed: true, Name: "token"},
			{Type: "address", Indexed: true, Name: "executor"},
			{Type: "address", Indexed: true, Name: "recipient"},
			{Type: "uint256", Indexed: false, Name: "amount"},
		},
	},
	{0x31, 0x32, 0x5f, 0xe0, 0xa1, 0xa2, 0xe6, 0xa5, 0xb1, 0xe4, 0x15, 0x72, 0x15, 0x6b, 0xa5, 0xb4, 0xe9, 0x4f, 0x0f, 0xae, 0x7e, 0x7f, 0x63, 0xec, 0x21, 0xe9, 0xb5, 0xce, 0x1e, 0x4b, 0x3e, 0xab}: {
		Name: "SynthesizeRequest",
		Inputs: []ParamDef{
			{Type: "bytes32", Indexed: false, Name: "id"},
			{Type: "address", Indexed: true, Name: "from"},
			{Type: "uint256", Indexed: true, Name: "chainID"},
			{Type: "address", Indexed: true, Name: "revertableAddress"},
			{Type: "address", Indexed: false, Name: "to"},
			{Type: "uint256", Indexed: false, Name: "amount"},
			{Type: "address", Indexed: false, Name: "token"},
		},
	},
	{0x31, 0x47, 0x2e, 0xae, 0x9e, 0x15, 0x84, 0x60, 0xfe, 0xa5, 0x62, 0x2d, 0x1f, 0xcb, 0x0c, 0x5b, 0xdc, 0x65, 0xb6, 0xff, 0xb5, 0x18, 0x27, 0xf7, 0xbc, 0x9e, 0xf5, 0x78, 0x84, 0x10, 0xc3, 0x4c}: {
		Name: "LockedMintableERC20",
		Inputs: []ParamDef{
			{Type: "address", Indexed: true, Name: "depositor"},
			{Type: "address", Indexed: true, Name: "depositReceiver"},
			{Type: "address", Indexed: true, Name: "rootToken"},
			{Type: "uint256", Indexed: false, Name: "amount"},
		},
	},
	{0x31, 0xb5, 0x58, 0x09, 0x00, 0xed, 0x37, 0xc8, 0x7c, 0x42, 0x57, 0x9b, 0xbc, 0x0f, 0xa1, 0xa6, 0xa4, 0xbf, 0xf1, 0x06, 0xb3, 0x40, 0x25, 0x94, 0x3a, 0x1f, 0xc8, 0x05, 0xaf, 0x37, 0x20, 0x80}: {
		Name: "ManageProtocolRouter",
		Inputs: []ParamDef{
			{Type: "address[]", Indexed: false, Name: "routers"},
			{Type: "bool", Indexed: false, Name: "isRouter"},
		},
	},
	{0x31, 0xd1, 0x71, 0x50, 0x32, 0x65, 0x4f, 0xde, 0x98, 0x67, 0xc0, 0xf0, 0x95, 0xae, 0xcc, 0xe1, 0x11, 0x30, 0x49, 0xe3, 0x0b, 0x9f, 0x4e, 0xcb, 0xaa, 0x69, 0x54, 0xed, 0x6c, 0x63, 0xb8, 0xdf}: {
		Name: "DelegatorClaimedRewards",
		Inputs: []ParamDef{
			{Type: "uint256", Indexed: true, Name: "validatorId"},
			{Type: "address", Indexed: true, Name: "user"},
			{Type: "uint256", Indexed: true, Name: "rewards"},
		},
	},
	{0x33, 0x77, 0xdc, 0x44, 0x24, 0x1e, 0x77, 0x9d, 0xd0, 0x6a, 0xfa, 0xb5, 0xb7, 0x88, 0xa3, 0x5c, 0xa5, 0xf3, 0xb7, 0x78, 0x83, 0x6e, 0x29, 0x90, 0xbd, 0xb2, 0x6a, 0x2a, 0x4b, 0x2e, 0x5e, 0xd6}: {
		Name: "DefaultAdminTransferScheduled",
		Inputs: []ParamDef{
			{Type: "address", Indexed: true, Name: "newAdmin"},
			{Type: "uint48", Indexed: false, Name: "acceptSchedule"},
		},
	},
	{0x33, 0xe1, 0x3e, 0xcb, 0x54, 0xc3, 0x07, 0x6d, 0x8e, 0x8b, 0xb8, 0xc2, 0x88, 0x18, 0x00, 0xa4, 0xd9, 0x72, 0xb7, 0x92, 0x04, 0x5f, 0xfa, 0xe9, 0x8f, 0xdf, 0x46, 0xdf, 0x36, 0x5f, 0xed, 0x75}: {
		Name: "Execution",
		Inputs: []ParamDef{
			{Type: "uint256", Indexed: true, Name: "transactionId"},
		},
	},
	{0x34, 0x37, 0x65, 0x42, 0x9a, 0xea, 0x5a, 0x34, 0xb3, 0xff, 0x6a, 0x37, 0x85, 0xa9, 0x8a, 0x5a, 0xbb, 0x25, 0x97, 0xac, 0xa8, 0x7b, 0xfb, 0xb5, 0x86, 0x32, 0xc1, 0x73, 0xd5, 0x85, 0x37, 0x3a}: {
		Name: "OwnerUpdate",
		Inputs: []ParamDef{
			{Type: "address", Indexed: false, Name: "_prevOwner"},
			{Type: "address", Indexed: false, Name: "_newOwner"},
		},
	},
	{0x34, 0xa0, 0x22, 0x90, 0xb7, 0x92, 0x00, 0x78, 0xc1, 0x9f, 0x58, 0xe9, 0x4b, 0x78, 0xc7, 0x7e, 0xb9, 0xcc, 0x10, 0x19, 0x5b, 0x20, 0x67, 0x6e, 0x19, 0xbd, 0x3b, 0x82, 0x08, 0x58, 0x93, 0xb8}: {
		Name: "PriceUpdaterSet",
		Inputs: []ParamDef{
			{Type: "address", Indexed: true, Name: "priceUpdater"},
		},
	},
	{0x35, 0x1f, 0xc5, 0xda, 0x2f, 0xbf, 0x48, 0x0f, 0x22, 0x25, 0xde, 0xbf, 0x36, 0x64, 0xa4, 0xbc, 0x90, 0xfa, 0x99, 0x23, 0x74, 0x3a, 0xad, 0x58, 0xb4, 0x60, 0x3f, 0x64, 0x8e, 0x93, 0x1f, 0xe0}: {
		Name: "CommitNewFee",
		Inputs: []ParamDef{
			{Type: "uint256", Indexed: true, Name: "deadline"},
			{Type: "uint256", Indexed: false, Name: "fee"},
			{Type: "uint256", Indexed: false, Name: "admin_fee"},
		},
	},
	{0x35, 0x63, 0x1e, 0x65, 0xf3, 0xbb, 0x46, 0xb5, 0x7c, 0x2c, 0xfa, 0xdf, 0x0d, 0x2c, 0xa3, 0xf0, 0x8e, 0x6c, 0xba, 0xb5, 0x2c, 0x2f, 0xf9, 0x87, 0xb5, 0x32, 0x8c, 0x9b, 0x37, 0xd4, 0x5e, 0xa3}: {
		Name: "CheckerUpdated",
		Inputs: []ParamDef{
			{Type: "address", Indexed: true, Name: "previousChecker"},
			{Type: "address", Indexed: true, Name: "newChecker"},
		},
	},
	{0x37, 0x40, 0xbd, 0x8a, 0x26, 0xc3, 0x14, 0x68, 0x83, 0x5d, 0xd2, 0x91, 0xe4, 0x8b, 0x85, 0xd6, 0xf4, 0x8a, 0x70, 0x82, 0xc4, 0x37, 0x3b, 0x62, 0x12, 0x38, 0x9b, 0xc1, 0xf8, 0x79, 0x26, 0x0a}: {
		Name: "DepositContractCreated",
		Inputs: []ParamDef{
			{Type: "uint256", Indexed: true, Name: "index"},
			{Type: "address", Indexed: false, Name: "depositContract"},
		},
	},
	{0x38, 0xcb, 0x97, 0x61, 0x74, 0xa5, 0xc4, 0x8b, 0x8f, 0x7b, 0x2f, 0x07, 0xf6, 0x9b, 0x47, 0xc2, 0x71, 0xba, 0x7f, 0x01, 0x99, 0x48, 0x91, 0x5d, 0xc1, 0x2e, 0xfb, 0x77, 0x0c, 0x2a, 0x54, 0x2c}: {
		Name:   "MintingEnabled",
		Inputs: []ParamDef{},
	},
	{0x38, 0xd1, 0x6b, 0x8c, 0xac, 0x22, 0xd9, 0x9f, 0xc7, 0xc1, 0x24, 0xb9, 0xcd, 0x0d, 0xe2, 0xd3, 0xfa, 0x1f, 0xae, 0xf4, 0x20, 0xbf, 0xe7, 0x91, 0xd8, 0xc3, 0x62, 0xd7, 0x65, 0xe2, 0x27, 0x00}: {
		Name: "OwnershipTransferStarted",
		Inputs: []ParamDef{
			{Type: "address", Indexed: true, Name: "previousOwner"},
			{Type: "address", Indexed: true, Name: "newOwner"},
		},
	},
	{0x39, 0xce, 0x08, 0x40, 0x42, 0x99, 0x3f, 0x76, 0xac, 0xa9, 0x10, 0x3a, 0xa9, 0x9f, 0x26, 0xd1, 0x4b, 0xd1, 0xb9, 0x02, 0x4f, 0x33, 0x00, 0x23, 0x7c, 0x2e, 0xb1, 0xfe, 0xc4, 0x2e, 0x0a, 0xd3}: {
		Name: "ChangePool",
		Inputs: []ParamDef{
			{Type: "address", Indexed: true, Name: "admin"},
			{Type: "address", Indexed: true, Name: "pool"},
			{Type: "address[]", Indexed: false, Name: "tokens"},
		},
	},
	{0x39, 0xd0, 0x13, 0x94, 0x87, 0x7a, 0xa4, 0x69, 0x08, 0x9f, 0x52, 0xf9, 0x1b, 0xc8, 0xff, 0x4d, 0x57, 0x87, 0x2b, 0x2c, 0xcf, 0x0d, 0xfe, 0xec, 0xd0, 0x86, 0x05, 0x1d, 0x1e, 0x97, 0x3b, 0xee}: {
		Name: "CreditsSent",
		Inputs: []ParamDef{
			{Type: "uint32", Indexed: false, Name: "dstEid"},
			{Type: "uint64", Indexed: false, Name: "creditsArbitrum"},
			{Type: "uint64", Indexed: false, Name: "creditsCelo"},
			{Type: "uint64", Indexed: false, Name: "creditsEth"},
			{Type: "uint64", Indexed: false, Name: "creditsTon"},
			{Type: "uint64", Indexed: false, Name: "creditsTron"},
		},
	},
	{0x3a, 0xef, 0x95, 0xdb, 0x8c, 0xa7, 0xbf, 0x23, 0x36, 0x62, 0xad, 0xe2, 0xb6, 0x75, 0x14, 0x4b, 0x49, 0xb7, 0xb9, 0x03, 0xc1, 0x05, 0x45, 0x8b, 0x8b, 0xb4, 0x7f, 0xa0, 0xa0, 0xf6, 0x90, 0xcc}: {
		Name: "ClaimFeeEvent",
		Inputs: []ParamDef{
			{Type: "address", Indexed: true, Name: "provider"},
			{Type: "uint256", Indexed: true, Name: "token_amount"},
		},
	},
	{0x3b, 0x06, 0x81, 0x65, 0xb3, 0xdd, 0xf1, 0xa8, 0x8f, 0x1c, 0x7e, 0xf1, 0xf2, 0x53, 0x5e, 0x4d, 0xc5, 0x93, 0xdb, 0xe5, 0x82, 0x77, 0x2b, 0xb6, 0x40, 0x3e, 0xf5, 0x3c, 0xb0, 0xb2, 0x8d, 0x99}: {
		Name: "TotalClaimedRewardsUpdated",
		Inputs: []ParamDef{
			{Type: "uint256", Indexed: false, Name: "newTotal"},
		},
	},
	{0x3b, 0x1d, 0x71, 0xe6, 0x9e, 0x3b, 0x2a, 0xdb, 0x64, 0x19, 0x6f, 0x00, 0xf7, 0x6b, 0xdd, 0x2f, 0xa2, 0x74, 0x48, 0x9e, 0x40, 0x75, 0xee, 0xe5, 0x47, 0x69, 0x7b, 0xc0, 0x85, 0x1b, 0x50, 0xe2}: {
		Name: "PoolChanged",
		Inputs: []ParamDef{
			{Type: "uint256", Indexed: true, Name: "newPool"},
		},
	},
	{0x3b, 0xad, 0x0c, 0x59, 0xcf, 0x2f, 0x06, 0xe7, 0x31, 0x40, 0x77, 0x04, 0x9f, 0x48, 0xa9, 0x35, 0x78, 0xcd, 0x16, 0xf5, 0xef, 0x92, 0x32, 0x9f, 0x1d, 0xab, 0x14, 0x20, 0xa9, 0x9c, 0x17, 0x7e}: {
		Name: "ReservesReduced",
		Inputs: []ParamDef{
			{Type: "address", Indexed: false, Name: "admin"},
			{Type: "uint256", Indexed: false, Name: "reduceAmount"},
			{Type: "uint256", Indexed: false, Name: "newTotalReserves"},
		},
	},
	{0x3b, 0xe8, 0xa9, 0x77, 0xa0, 0x14, 0x52, 0x7b, 0x50, 0xae, 0x38, 0xad, 0xda, 0x80, 0xb5, 0x69, 0x11, 0xc2, 0x67, 0x32, 0x89, 0x65, 0xc9, 0x8d, 0xdc, 0x38, 0x5d, 0x24, 0x8f, 0x53, 0x96, 0x38}: {
		Name:   "CheckAccessDisabled",
		Inputs: []ParamDef{},
	},
	{0x3c, 0x24, 0xde, 0x25, 0x2f, 0x99, 0x12, 0x2a, 0x13, 0x89, 0x04, 0x83, 0x28, 0xac, 0x6d, 0x3b, 0x1b, 0x3a, 0xa4, 0xcf, 0xac, 0xb5, 0xbf, 0x0f, 0x01, 0xdb, 0x21, 0x79, 0x84, 0x29, 0x19, 0xc5}: {
		Name: "treeEv",
		Inputs: []ParamDef{
			{Type: "uint256", Indexed: false, Name: "_userID"},
			{Type: "uint256", Indexed: false, Name: "_userPosition"},
			{Type: "uint256", Indexed: false, Name: "amount"},
			{Type: "uint256", Indexed: false, Name: "placing"},
			{Type: "uint256", Indexed: false, Name: "timeNow"},
			{Type: "uint256", Indexed: false, Name: "_parent"},
			{Type: "uint256", Indexed: false, Name: "_level"},
		},
	},
	{0x3c, 0x70, 0xaf, 0x01, 0x29, 0x6a, 0xef, 0x04, 0x5b, 0x2f, 0x5c, 0x9d, 0x3c, 0x30, 0xb0, 0x5d, 0x44, 0x28, 0xfd, 0x25, 0x71, 0x45, 0xb9, 0xc7, 0xfc, 0xd7, 0x64, 0x18, 0xe6, 0x5b, 0x59, 0x80}: {
		Name: "SetPaused",
		Inputs: []ParamDef{
			{Type: "bool", Indexed: false, Name: "newState"},
		},
	},
	{0x3c, 0x86, 0x45, 0x41, 0xef, 0x71, 0x37, 0x8c, 0x62, 0x29, 0x51, 0x0e, 0xd9, 0x0f, 0x37, 0x65, 0x65, 0xee, 0x42, 0xd9, 0xc5, 0xe0, 0x90, 0x4a, 0x98, 0x4a, 0x9e, 0x86, 0x3e, 0x6d, 0xb4, 0x4f}: {
		Name: "TreasurySet",
		Inputs: []ParamDef{
			{Type: "address", Indexed: false, Name: "treasury"},
		},
	},
	{0x3c, 0xa3, 0xe1, 0x1f, 0x26, 0x94, 0x93, 0x50, 0x91, 0x87, 0xcb, 0x8b, 0xee, 0x2a, 0xf0, 0x18, 0x05, 0x73, 0x28, 0xf7, 0xc5, 0x66, 0xd5, 0x8c, 0x2a, 0xe3, 0x29, 0x5f, 0x08, 0xb3, 0x8a, 0xe7}: {
		Name: "Buyback",
		Inputs: []ParamDef{
			{Type: "address", Indexed: false, Name: "addr"},
			{Type: "uint256", Indexed: false, Name: "amount"},
		},
	},
	{0x3c, 0xbe, 0x08, 0xd2, 0x97, 0xa4, 0xc5, 0xb8, 0x0f, 0x65, 0x91, 0x73, 0xe1, 0xb1, 0xaa, 0x27, 0xdb, 0x98, 0x03, 0x25, 0x80, 0xb5, 0xc7, 0x65, 0xf5, 0xc6, 0x62, 0x24, 0x16, 0xf5, 0xc2, 0x4c}: {
		Name: "FeeOut",
		Inputs: []ParamDef{
			{Type: "address", Indexed: false, Name: "manager"},
			{Type: "uint256", Indexed: false, Name: "tronBalance"},
			{Type: "uint256", Indexed: false, Name: "tokenBalance"},
			{Type: "uint256", Indexed: false, Name: "time"},
			{Type: "string", Indexed: false, Name: "activity"},
			{Type: "uint256", Indexed: false, Name: "halvingId"},
			{Type: "uint256", Indexed: false, Name: "_block"},
		},
	},
	{0x3d, 0x0c, 0xe9, 0xbf, 0xc3, 0xed, 0x7d, 0x68, 0x62, 0xdb, 0xb2, 0x8b, 0x2d, 0xea, 0x94, 0x56, 0x1f, 0xe7, 0x14, 0xa1, 0xb4, 0xd0, 0x19, 0xaa, 0x8a, 0xf3, 0x97, 0x30, 0xd1, 0xad, 0x7c, 0x3d}: {
		Name: "SafeReceived",
		Inputs: []ParamDef{
			{Type: "address", Indexed: true, Name: "sender"},
			{Type: "uint256", Indexed: false, Name: "value"},
		},
	},
	{0x3d, 0x52, 0xff, 0x88, 0x8d, 0x03, 0x3f, 0xd3, 0xdd, 0x1d, 0x80, 0x57, 0xda, 0x59, 0xe8, 0x50, 0xc9, 0x1d, 0x91, 0xa7, 0x2c, 0x41, 0xdf, 0xa4, 0x45, 0xb2, 0x47, 0xdf, 0xed, 0xeb, 0x6d, 0xc1}: {
		Name: "ComposeSent",
		Inputs: []ParamDef{
			{Type: "address", Indexed: false, Name: "from"},
			{Type: "address", Indexed: false, Name: "to"},
			{Type: "bytes32", Indexed: false, Name: "guid"},
			{Type: "uint16", Indexed: false, Name: "index"},
			{Type: "bytes", Indexed: false, Name: "message"},
		},
	},
	{0x3d, 0x54, 0x99, 0x27, 0xc3, 0x4f, 0x1c, 0xc9, 0x55, 0xd1, 0xf5, 0xf1, 0x41, 0x0d, 0x22, 0x53, 0x8b, 0xc4, 0xd3, 0xa9, 0x15, 0x3d, 0x8a, 0x66, 0x3c, 0x2a, 0x21, 0x0f, 0xf3, 0x63, 0xef, 0x85}: {
		Name: "FeeRatioSet",
		Inputs: []ParamDef{
			{Type: "uint256", Indexed: false, Name: "newRatio"},
		},
	},
	{0x3d, 0x68, 0xa6, 0xfc, 0xe9, 0x01, 0xd2, 0x04, 0x53, 0xd1, 0xa7, 0xaa, 0x06, 0xbf, 0x39, 0x50, 0x30, 0x2a, 0x73, 0x59, 0x48, 0x03, 0x7d, 0xeb, 0x18, 0x2a, 0x8d, 0xb6, 0x6d, 0xf2, 0xa0, 0xd1}: {
		Name: "RemovedAccess",
		Inputs: []ParamDef{
			{Type: "address", Indexed: false, Name: "user"},
		},
	},
	{0x3d, 0xb8, 0x47, 0x41, 0x02, 0xb8, 0x57, 0x71, 0x2f, 0xc1, 0x9a, 0x91, 0x42, 0xf5, 0x59, 0xc0, 0xb9, 0xc2, 0xdd, 0x37, 0x5f, 0xa0, 0xc5, 0x06, 0x26, 0xbf, 0xa4, 0x4e, 0xab, 0x47, 0x48, 0x01}: {
		Name: "CreditsReceived",
		Inputs: []ParamDef{
			{Type: "bytes32", Indexed: false, Name: "guid"},
			{Type: "uint32", Indexed: false, Name: "srcEid"},
			{Type: "bytes", Indexed: false, Name: "message"},
		},
	},
	{0x3e, 0xa1, 0x6a, 0x92, 0x3f, 0xf4, 0xb1, 0xdf, 0x65, 0x26, 0xe8, 0x54, 0xc9, 0xe3, 0xa9, 0x95, 0xc4, 0x33, 0x85, 0xd7, 0x0e, 0x73, 0x35, 0x9e, 0x10, 0x62, 0x3c, 0x74, 0xf0, 0xb5, 0x20, 0x37}: {
		Name: "RoundRequested",
		Inputs: []ParamDef{
			{Type: "address", Indexed: true, Name: "requester"},
			{Type: "bytes16", Indexed: false, Name: "configDigest"},
			{Type: "uint32", Indexed: false, Name: "epoch"},
			{Type: "uint8", Indexed: false, Name: "round"},
		},
	},
	{0x3e, 0xdd, 0x90, 0xe7, 0x77, 0x0f, 0x06, 0xfa, 0xfd, 0xe3, 0x80, 0x04, 0x65, 0x3b, 0x33, 0x87, 0x00, 0x66, 0xc3, 0x3b, 0xfc, 0x92, 0x3f, 0xf6, 0x10, 0x2a, 0xcd, 0x60, 0x1f, 0x85, 0xdf, 0xbc}: {
		Name: "NewOwner",
		Inputs: []ParamDef{
			{Type: "address", Indexed: false, Name: ""},
		},
	},
	{0x3f, 0x34, 0x1e, 0xf3, 0x73, 0x80, 0x01, 0x4c, 0x90, 0xcd, 0x66, 0x34, 0x8f, 0x1e, 0x20, 0x45, 0x5d, 0xf1, 0xb6, 0x42, 0xe6, 0xa3, 0x44, 0x5f, 0x39, 0xdd, 0x66, 0xf8, 0x81, 0x10, 0xcc, 0x65}: {
		Name: "TokenFunctionExecuted",
		Inputs: []ParamDef{
			{Type: "address", Indexed: true, Name: "caller"},
			{Type: "bytes", Indexed: false, Name: "data"},
			{Type: "bytes", Indexed: false, Name: "returnData"},
		},
	},
	{0x3f, 0x42, 0xe0, 0x57, 0x86, 0x6d, 0xb9, 0x5f, 0xa1, 0x3d, 0xd7, 0x68, 0xaa, 0x8e, 0x10, 0x32, 0x00, 0xd6, 0xac, 0x6e, 0x7a, 0xf2, 0xd5, 0x1f, 0xff, 0x21, 0xfc, 0x32, 0xdc, 0x0b, 0xe6, 0x94}: {
		Name: "RemoteWithdrawReceived",
		Inputs: []ParamDef{
			{Type: "bytes32", Indexed: false, Name: "guid"},
			{Type: "uint32", Indexed: false, Name: "srcEid"},
			{Type: "address", Indexed: false, Name: "to"},
			{Type: "uint256", Indexed: false, Name: "amount"},
		},
	},
	{0x3f, 0x45, 0x12, 0xaa, 0xcd, 0x7a, 0x66, 0x4f, 0xdb, 0x32, 0x1a, 0x48, 0xe8, 0x34, 0x01, 0x20, 0xd6, 0x32, 0x53, 0xa9, 0x1c, 0x63, 0x67, 0xa1, 0x43, 0xab, 0xd1, 0x9e, 0xcf, 0x68, 0xae, 0xdd}: {
		Name: "NewRegistration",
		Inputs: []ParamDef{
			{Type: "address", Indexed: true, Name: "user"},
			{Type: "address", Indexed: true, Name: "sender"},
			{Type: "address", Indexed: true, Name: "receiver"},
		},
	},
	{0x40, 0x59, 0x0c, 0xc1, 0x2d, 0xb0, 0x48, 0x85, 0x20, 0xce, 0x42, 0x50, 0x59, 0xf8, 0x3f, 0x8c, 0xae, 0xd9, 0x1b, 0xdf, 0x98, 0xde, 0x5f, 0xf8, 0x29, 0xdc, 0x57, 0xc6, 0x38, 0x43, 0x16, 0x1b}: {
		Name: "RevertBurnRequest",
		Inputs: []ParamDef{
			{Type: "bytes32", Indexed: true, Name: "id"},
			{Type: "address", Indexed: true, Name: "to"},
		},
	},
	{0x40, 0xd0, 0xef, 0xd1, 0xa5, 0x3d, 0x60, 0xec, 0xbf, 0x40, 0x97, 0x1b, 0x9d, 0xaf, 0x7d, 0xc9, 0x01, 0x78, 0xc3, 0xaa, 0xdc, 0x7a, 0xab, 0x17, 0x65, 0x63, 0x27, 0x38, 0xfa, 0x8b, 0x8f, 0x01}: {
		Name: "Collect",
		Inputs: []ParamDef{
			{Type: "uint256", Indexed: true, Name: "tokenId"},
			{Type: "address", Indexed: false, Name: "recipient"},
			{Type: "uint256", Indexed: false, Name: "amount0"},
			{Type: "uint256", Indexed: false, Name: "amount1"},
		},
	},
	{0x41, 0x1f, 0x53, 0x57, 0xb9, 0xd7, 0x49, 0x01, 0xb2, 0x20, 0x35, 0xf8, 0xd4, 0xcb, 0x17, 0x12, 0x11, 0x99, 0xf0, 0x70, 0x8f, 0xec, 0x77, 0x55, 0x76, 0x23, 0xa0, 0xa8, 0x2d, 0x3e, 0x24, 0xb4}: {
		Name: "onTrxPurchase",
		Inputs: []ParamDef{
			{Type: "address", Indexed: true, Name: "buyer"},
			{Type: "uint256", Indexed: true, Name: "token_amount"},
			{Type: "uint256", Indexed: true, Name: "trx_amount"},
		},
	},
	{0x41, 0xe3, 0x99, 0x05, 0x91, 0xfd, 0x37, 0x25, 0x02, 0xda, 0xa1, 0x58, 0x42, 0xda, 0x15, 0xbc, 0x7f, 0x41, 0xc7, 0x53, 0x09, 0xab, 0x3f, 0xf4, 0xf5, 0x6f, 0x18, 0x48, 0xc1, 0x78, 0x82, 0x5c}: {
		Name: "RoundRequested",
		Inputs: []ParamDef{
			{Type: "address", Indexed: true, Name: "requester"},
			{Type: "bytes32", Indexed: false, Name: "configDigest"},
			{Type: "uint32", Indexed: false, Name: "epoch"},
			{Type: "uint8", Indexed: false, Name: "round"},
		},
	},
	{0x41, 0xe5, 0xe4, 0x59, 0x0c, 0xfc, 0xde, 0x2f, 0x03, 0xee, 0x92, 0x81, 0xc5, 0x4d, 0x03, 0xac, 0xad, 0x8a, 0xdf, 0xfb, 0x83, 0xf8, 0x31, 0x0d, 0x66, 0xb8, 0x94, 0x53, 0x24, 0x70, 0xba, 0x35}: {
		Name: "ClaimRewards",
		Inputs: []ParamDef{
			{Type: "uint256", Indexed: true, Name: "validatorId"},
			{Type: "uint256", Indexed: true, Name: "amount"},
			{Type: "uint256", Indexed: true, Name: "totalAmount"},
		},
	},
	{0x42, 0x3f, 0x64, 0x95, 0xa0, 0x8f, 0xc6, 0x52, 0x42, 0x5c, 0xf4, 0xed, 0x0d, 0x1f, 0x9e, 0x37, 0xe5, 0x71, 0xd9, 0xb9, 0x52, 0x9b, 0x1c, 0x1c, 0x23, 0xcc, 0xe7, 0x80, 0xb2, 0xe7, 0xdf, 0x0d}: {
		Name: "AddLiquidity",
		Inputs: []ParamDef{
			{Type: "address", Indexed: true, Name: "provider"},
			{Type: "uint256[3]", Indexed: false, Name: "token_amounts"},
			{Type: "uint256[3]", Indexed: false, Name: "fees"},
			{Type: "uint256", Indexed: false, Name: "invariant"},
			{Type: "uint256", Indexed: false, Name: "token_supply"},
		},
	},
	{0x42, 0xe1, 0x60, 0x15, 0x48, 0x68, 0x08, 0x7d, 0x6b, 0xfd, 0xc0, 0xca, 0x23, 0xd9, 0x6a, 0x1c, 0x1c, 0xfa, 0x32, 0xf1, 0xb7, 0x2b, 0xa9, 0xba, 0x27, 0xb6, 0x9b, 0x98, 0xa0, 0xd8, 0x19, 0xdc}: {
		Name: "AddedBlackList",
		Inputs: []ParamDef{
			{Type: "address", Indexed: true, Name: "_user"},
		},
	},
	{0x42, 0xf2, 0x16, 0x02, 0xe2, 0x0a, 0xb9, 0xf2, 0x37, 0x4e, 0x61, 0x44, 0x19, 0xdf, 0xe0, 0x5b, 0xbe, 0x1c, 0xf1, 0xaa, 0x83, 0x70, 0x3a, 0xe6, 0x15, 0x49, 0xe2, 0x4f, 0xdd, 0xbb, 0x3d, 0x61}: {
		Name: "EnergyUnDelegated",
		Inputs: []ParamDef{
			{Type: "address", Indexed: false, Name: ""},
			{Type: "uint256", Indexed: false, Name: ""},
		},
	},
	{0x42, 0xf4, 0x46, 0x38, 0x4f, 0xf7, 0x8c, 0x62, 0xbf, 0x2c, 0xaa, 0x06, 0x5e, 0x68, 0x0c, 0x60, 0x10, 0xe2, 0xf5, 0x48, 0x57, 0xd1, 0x5b, 0xee, 0x82, 0x8d, 0x6c, 0x7d, 0x57, 0x35, 0x38, 0x93}: {
		Name: "GovernedTokensRecovered",
		Inputs: []ParamDef{
			{Type: "address", Indexed: true, Name: "caller"},
			{Type: "address", Indexed: true, Name: "token"},
			{Type: "address", Indexed: true, Name: "recipient"},
			{Type: "uint256", Indexed: false, Name: "amount"},
		},
	},
	{0x43, 0x96, 0x68, 0xd8, 0xbc, 0x39, 0xa0, 0x3b, 0x0d, 0x18, 0x25, 0xc4, 0x9f, 0x69, 0x97, 0x23, 0x51, 0x96, 0x44, 0xb4, 0x80, 0xcb, 0xc2, 0xeb, 0x13, 0x19, 0x54, 0xcb, 0xb0, 0x53, 0xb1, 0xca}: {
		Name: "PaymentReceived",
		Inputs: []ParamDef{
			{Type: "uint256", Indexed: false, Name: "feePaid"},
			{Type: "bytes32", Indexed: true, Name: "payeePubKey"},
			{Type: "uint256", Indexed: false, Name: "cumulativeBase"},
		},
	},
	{0x44, 0x2e, 0x71, 0x5f, 0x62, 0x63, 0x46, 0xe8, 0xc5, 0x43, 0x81, 0x00, 0x2d, 0xa6, 0x14, 0xf6, 0x2b, 0xee, 0x8d, 0x27, 0x38, 0x65, 0x35, 0xb2, 0x52, 0x1e, 0xc8, 0x54, 0x08, 0x98, 0x55, 0x6e}: {
		Name: "ExecutionSuccess",
		Inputs: []ParamDef{
			{Type: "bytes32", Indexed: true, Name: "txHash"},
			{Type: "uint256", Indexed: false, Name: "payment"},
		},
	},
	{0x44, 0xce, 0xbf, 0xef, 0xa4, 0x56, 0x1b, 0xee, 0x5b, 0x61, 0xd6, 0x75, 0xcc, 0xfd, 0x8d, 0xc9, 0x96, 0x9f, 0xff, 0x9c, 0xc1, 0x5e, 0x7a, 0x4e, 0xcc, 0xcc, 0xd6, 0x2a, 0xf9, 0x4f, 0x9c, 0x11}: {
		Name: "Locked",
		Inputs: []ParamDef{
			{Type: "address", Indexed: true, Name: "holder"},
			{Type: "uint256", Indexed: false, Name: "locked_balance_change"},
			{Type: "uint256", Indexed: false, Name: "total_locked_balance"},
			{Type: "uint256", Indexed: false, Name: "release_time"},
		},
	},
	{0x44, 0xd6, 0xd2, 0x59, 0x63, 0xf0, 0x97, 0xad, 0x14, 0xf2, 0x9f, 0x06, 0x85, 0x4a, 0x01, 0xf5, 0x75, 0x64, 0x8a, 0x1e, 0xf8, 0x2f, 0x30, 0xe5, 0x62, 0xcc, 0xd3, 0x88, 0x97, 0x17, 0xe3, 0x39}: {
		Name: "AdminAdded",
		Inputs: []ParamDef{
			{Type: "address", Indexed: true, Name: "account"},
		},
	},
	{0x44, 0xf8, 0x6f, 0xce, 0x95, 0x2d, 0x78, 0xa3, 0x81, 0x77, 0xb9, 0x43, 0xb0, 0x35, 0xb2, 0x97, 0xd8, 0x88, 0x11, 0xe9, 0xda, 0x64, 0x8d, 0xb6, 0x11, 0x2c, 0x4f, 0xb7, 0xd1, 0x4f, 0x3d, 0x03}: {
		Name: "ChainRewardUpdate",
		Inputs: []ParamDef{
			{Type: "uint256", Indexed: false, Name: "chainId"},
			{Type: "uint256", Indexed: false, Name: "newReward"},
			{Type: "uint256", Indexed: false, Name: "oldReward"},
		},
	},
	{0x45, 0x45, 0xbf, 0x13, 0x6f, 0xb6, 0xde, 0xd3, 0x82, 0x5f, 0xb0, 0x08, 0x5d, 0x85, 0xbf, 0xce, 0xab, 0x12, 0x59, 0xb1, 0xba, 0x51, 0x33, 0xc2, 0x5e, 0x2d, 0x7d, 0x56, 0xa0, 0xdd, 0x2b, 0xc4}: {
		Name: "BatchSent",
		Inputs: []ParamDef{
			{Type: "address", Indexed: true, Name: "token"},
			{Type: "uint256", Indexed: false, Name: "total"},
			{Type: "uint256", Indexed: false, Name: "recipientCount"},
		},
	},
	{0x45, 0x54, 0x0d, 0xa1, 0x82, 0x6a, 0x90, 0x17, 0xdb, 0xd9, 0x74, 0x03, 0xdf, 0x6d, 0x7f, 0xfc, 0x78, 0x6c, 0x67, 0x9b, 0x65, 0x91, 0x95, 0x5d, 0x3c, 0x26, 0x46, 0x02, 0xac, 0x43, 0xce, 0xef}: {
		Name: "MerkleRequested",
		Inputs: []ParamDef{
			{Type: "address", Indexed: false, Name: "requester"},
			{Type: "uint256", Indexed: false, Name: "amount"},
		},
	},
	{0x45, 0x66, 0xdf, 0xc2, 0x9f, 0x6f, 0x11, 0xd1, 0x3a, 0x41, 0x8c, 0x26, 0xa0, 0x2b, 0xef, 0x7c, 0x28, 0xba, 0xe7, 0x49, 0xd4, 0xde, 0x47, 0xe4, 0xe6, 0xa7, 0xcd, 0xde, 0xa6, 0x73, 0x0d, 0x59}: {
		Name: "Deposit",
		Inputs: []ParamDef{
			{Type: "address", Indexed: true, Name: "provider"},
			{Type: "uint256", Indexed: false, Name: "value"},
			{Type: "uint256", Indexed: true, Name: "locktime"},
			{Type: "int128", Indexed: false, Name: "type"},
			{Type: "uint256", Indexed: false, Name: "ts"},
		},
	},
	{0x45, 0xb9, 0x6f, 0xe4, 0x42, 0x63, 0x02, 0x64, 0x58, 0x1b, 0x19, 0x7e, 0x84, 0xbb, 0xad, 0xa8, 0x61, 0x23, 0x50, 0x52, 0xc5, 0xa1, 0xaa, 0xdf, 0xff, 0x9e, 0xa4, 0xe4, 0x0a, 0x96, 0x9a, 0xa0}: {
		Name: "Failure",
		Inputs: []ParamDef{
			{Type: "uint256", Indexed: false, Name: "error"},
			{Type: "uint256", Indexed: false, Name: "info"},
			{Type: "uint256", Indexed: false, Name: "detail"},
		},
	},
	{0x45, 0xdc, 0xd9, 0xab, 0x8c, 0x61, 0xf0, 0x62, 0x9f, 0x29, 0x04, 0x90, 0x61, 0x11, 0xe6, 0x17, 0xd5, 0x42, 0xed, 0x4a, 0xf5, 0x9e, 0xcb, 0x4a, 0xf2, 0x58, 0x68, 0x23, 0x38, 0x2a, 0x40, 0x8c}: {
		Name: "WhitelistAddressRemoved",
		Inputs: []ParamDef{
			{Type: "address", Indexed: true, Name: "account"},
		},
	},
	{0x45, 0xf3, 0x77, 0xf8, 0x45, 0xe1, 0xcc, 0x76, 0xae, 0x2c, 0x08, 0xf9, 0x90, 0xe1, 0x5d, 0x58, 0xbc, 0xb7, 0x32, 0xdb, 0x46, 0xf9, 0x2a, 0x48, 0x52, 0xb9, 0x56, 0x58, 0x0c, 0x3a, 0x16, 0x2f}: {
		Name: "Swap",
		Inputs: []ParamDef{
			{Type: "address", Indexed: false, Name: "fromToken"},
			{Type: "string", Indexed: false, Name: "toToken"},
			{Type: "address", Indexed: false, Name: "sender"},
			{Type: "string", Indexed: false, Name: "destination"},
			{Type: "uint256", Indexed: false, Name: "fromAmount"},
			{Type: "uint256", Indexed: false, Name: "minReturnAmount"},
		},
	},
	{0x46, 0x98, 0x0f, 0xca, 0x91, 0x2e, 0xf9, 0xbc, 0xdb, 0xd3, 0x68, 0x77, 0x42, 0x7b, 0x6b, 0x90, 0xe8, 0x60, 0x76, 0x9f, 0x60, 0x4e, 0x89, 0xc0, 0xe6, 0x77, 0x20, 0xce, 0xce, 0x53, 0x0d, 0x20}: {
		Name: "MinterConfigured",
		Inputs: []ParamDef{
			{Type: "address", Indexed: true, Name: "minter"},
			{Type: "uint256", Indexed: false, Name: "minterAllowedAmount"},
		},
	},
	{0x46, 0xba, 0x4e, 0x1e, 0x95, 0xfc, 0x9f, 0x44, 0x60, 0x87, 0x39, 0xff, 0xae, 0xe4, 0x0c, 0x31, 0x8f, 0x66, 0x7c, 0x56, 0xe4, 0xba, 0x6e, 0x3d, 0x0a, 0xa8, 0x0b, 0x80, 0x37, 0x68, 0xb9, 0x15}: {
		Name: "TokensReceived",
		Inputs: []ParamDef{
			{Type: "address", Indexed: true, Name: "sourceToken"},
			{Type: "address", Indexed: true, Name: "from"},
			{Type: "uint256", Indexed: false, Name: "sourceAmount"},
			{Type: "uint256", Indexed: false, Name: "mintedAmount"},
		},
	},
	{0x46, 0xc5, 0x38, 0xf0, 0xa5, 0x42, 0x42, 0x90, 0x41, 0x06, 0x5e, 0x8c, 0xfa, 0xc9, 0x62, 0x5d, 0xd8, 0xd2, 0x8c, 0xe0, 0x58, 0x7b, 0xad, 0x7d, 0xcc, 0xa2, 0xf4, 0x1d, 0xff, 0x99, 0x82, 0xa1}: {
		Name: "CreditsSent",
		Inputs: []ParamDef{
			{Type: "uint32", Indexed: false, Name: "dstEid"},
			{Type: "uint64", Indexed: false, Name: "creditsArbitrum"},
			{Type: "uint64", Indexed: false, Name: "creditsCelo"},
			{Type: "uint64", Indexed: false, Name: "creditsEth"},
			{Type: "uint64", Indexed: false, Name: "creditsSolana"},
			{Type: "uint64", Indexed: false, Name: "creditsTon"},
			{Type: "uint64", Indexed: false, Name: "creditsTron"},
		},
	},
	{0x46, 0xd8, 0xe1, 0x1a, 0x9f, 0x6e, 0xb3, 0x49, 0xdb, 0xb8, 0x40, 0xef, 0x59, 0xbe, 0x3b, 0x9f, 0x10, 0x4a, 0x0e, 0xc5, 0xef, 0x15, 0x66, 0x98, 0xd1, 0x05, 0xd9, 0x9a, 0x2a, 0x33, 0xc0, 0x0c}: {
		Name: "NewChain",
		Inputs: []ParamDef{
			{Type: "uint256", Indexed: true, Name: "rootChainId"},
			{Type: "uint256", Indexed: false, Name: "activationHeight"},
			{Type: "uint256", Indexed: false, Name: "txConfirmations"},
			{Type: "address", Indexed: false, Name: "rootChainAddress"},
			{Type: "address", Indexed: false, Name: "stateSenderAddress"},
			{Type: "address", Indexed: false, Name: "stakingManagerAddress"},
			{Type: "address", Indexed: false, Name: "stakingInfoAddress"},
		},
	},
	{0x46, 0xe2, 0x2f, 0xb3, 0x70, 0x9a, 0xd2, 0x89, 0xf6, 0x2c, 0xe6, 0x3d, 0x46, 0x92, 0x48, 0x53, 0x6d, 0xbc, 0x78, 0xd8, 0x2b, 0x84, 0xa3, 0xd7, 0xe7, 0x4a, 0xd6, 0x06, 0xdc, 0x20, 0x19, 0x38}: {
		Name: "StopRampA",
		Inputs: []ParamDef{
			{Type: "uint256", Indexed: false, Name: "A"},
			{Type: "uint256", Indexed: false, Name: "t"},
		},
	},
	{0x47, 0x21, 0x12, 0x9e, 0x0e, 0x67, 0x6e, 0xd6, 0xa9, 0x29, 0x09, 0xbb, 0x24, 0xe8, 0x53, 0xcc, 0xdd, 0x63, 0xad, 0x72, 0x28, 0x0c, 0xc2, 0xe9, 0x74, 0xe3, 0x8e, 0x48, 0x0e, 0x0e, 0x6e, 0x54}: {
		Name: "OperatorChanged",
		Inputs: []ParamDef{
			{Type: "address", Indexed: true, Name: "newOperator"},
		},
	},
	{0x48, 0x0b, 0x97, 0xc5, 0x82, 0x3c, 0x1f, 0x98, 0x02, 0xd3, 0xf0, 0x8b, 0xa2, 0xa9, 0xcd, 0xac, 0x74, 0x9f, 0x59, 0xb8, 0x16, 0x57, 0x28, 0x4a, 0x92, 0xb2, 0x92, 0xe9, 0xcb, 0x50, 0x84, 0x3e}: {
		Name: "GatherAddressChanged",
		Inputs: []ParamDef{
			{Type: "address", Indexed: true, Name: "oldAddress"},
			{Type: "address", Indexed: true, Name: "newAddress"},
		},
	},
	{0x48, 0x62, 0x42, 0x08, 0x0f, 0xa3, 0x2f, 0xab, 0x3d, 0x0c, 0x1b, 0x35, 0xcf, 0x4b, 0x72, 0xdb, 0x37, 0xf6, 0x59, 0x78, 0x7c, 0x4e, 0xe1, 0xa3, 0xce, 0xbc, 0xea, 0x1f, 0x72, 0x74, 0xc8, 0x43}: {
		Name: "Deposit",
		Inputs: []ParamDef{
			{Type: "bytes32", Indexed: true, Name: "requestHash"},
			{Type: "address", Indexed: false, Name: "from"},
		},
	},
	{0x48, 0x71, 0x19, 0x29, 0xc8, 0x42, 0x40, 0x4f, 0x1d, 0x69, 0x8f, 0x95, 0x25, 0xc3, 0x6a, 0x83, 0x1e, 0x82, 0x24, 0xd0, 0xba, 0xc2, 0x29, 0x77, 0xe9, 0x19, 0x04, 0xb3, 0xfe, 0x9f, 0x65, 0x64}: {
		Name: "RewardPaid",
		Inputs: []ParamDef{
			{Type: "address", Indexed: true, Name: "user"},
			{Type: "uint256", Indexed: false, Name: "reward"},
			{Type: "uint40", Indexed: false, Name: "timestamp"},
			{Type: "uint256", Indexed: false, Name: "index"},
		},
	},
	{0x49, 0x1f, 0xf9, 0x13, 0xb5, 0x44, 0x4f, 0x41, 0x36, 0xb0, 0xd4, 0x07, 0x5f, 0x02, 0x0c, 0xfe, 0x3a, 0x5f, 0x60, 0xde, 0x92, 0x6e, 0xc0, 0xb0, 0x91, 0x61, 0x24, 0x01, 0xa2, 0x2b, 0x78, 0x42}: {
		Name: "TreasuryNativeFeeCapSet",
		Inputs: []ParamDef{
			{Type: "uint256", Indexed: false, Name: "newTreasuryNativeFeeCap"},
		},
	},
	{0x49, 0x2a, 0x29, 0x10, 0xd4, 0x65, 0x65, 0x9a, 0xa0, 0x69, 0xe6, 0xfe, 0x25, 0xb2, 0x77, 0x84, 0xc5, 0x3e, 0x91, 0x33, 0xd1, 0xbd, 0x5d, 0x53, 0x63, 0xd4, 0xd9, 0x0d, 0x97, 0xd3, 0x31, 0x43}: {
		Name: "protocolTokenChanged",
		Inputs: []ParamDef{
			{Type: "address", Indexed: false, Name: "oldToken"},
			{Type: "address", Indexed: false, Name: "newToken"},
		},
	},
	{0x49, 0x41, 0x9b, 0x7b, 0xcd, 0x06, 0xfd, 0x32, 0xbe, 0x5c, 0x2c, 0x39, 0xa4, 0x52, 0x1b, 0x14, 0xbc, 0xf3, 0x65, 0x04, 0x73, 0xf0, 0x7d, 0xcb, 0xbb, 0xd8, 0x63, 0x43, 0xc9, 0xeb, 0x80, 0x8f}: {
		Name: "AssetTransfer",
		Inputs: []ParamDef{
			{Type: "address", Indexed: true, Name: "from"},
			{Type: "address", Indexed: true, Name: "to"},
			{Type: "uint256", Indexed: false, Name: "value"},
		},
	},
	{0x49, 0x62, 0x8f, 0xd1, 0x47, 0x10, 0x06, 0xc1, 0x48, 0x2d, 0xa8, 0x80, 0x28, 0xe9, 0xce, 0x4d, 0xbb, 0x08, 0x0b, 0x81, 0x5c, 0x9b, 0x03, 0x44, 0xd3, 0x9e, 0x5a, 0x8e, 0x6e, 0xc1, 0x41, 0x9f}: {
		Name: "UserOperationEvent",
		Inputs: []ParamDef{
			{Type: "bytes32", Indexed: true, Name: "userOpHash"},
			{Type: "address", Indexed: true, Name: "sender"},
			{Type: "address", Indexed: true, Name: "paymaster"},
			{Type: "uint256", Indexed: false, Name: "nonce"},
			{Type: "bool", Indexed: false, Name: "success"},
			{Type: "uint256", Indexed: false, Name: "actualGasCost"},
			{Type: "uint256", Indexed: false, Name: "actualGasUsed"},
		},
	},
	{0x49, 0x66, 0xa5, 0x0c, 0x93, 0xf8, 0x55, 0x34, 0x2c, 0xcf, 0x6c, 0x5c, 0x0d, 0x35, 0x8b, 0x85, 0xb9, 0x13, 0x35, 0xb2, 0xac, 0xed, 0xc7, 0xda, 0x09, 0x32, 0xf6, 0x91, 0xf3, 0x51, 0x71, 0x1a}: {
		Name: "LinkTokenSet",
		Inputs: []ParamDef{
			{Type: "address", Indexed: true, Name: "oldLinkToken"},
			{Type: "address", Indexed: true, Name: "newLinkToken"},
		},
	},
	{0x49, 0x8e, 0x7e, 0x81, 0xcc, 0xd1, 0xed, 0xd4, 0xbb, 0x76, 0x61, 0xf5, 0xe7, 0x60, 0xcf, 0x4f, 0x9b, 0x18, 0x3f, 0x15, 0xc0, 0x15, 0xc7, 0x2f, 0x64, 0xd7, 0x18, 0xe5, 0xe3, 0x15, 0x92, 0xfc}: {
		Name: "TokenTransferExecuted",
		Inputs: []ParamDef{
			{Type: "address", Indexed: true, Name: "sender"},
			{Type: "address", Indexed: false, Name: "token"},
			{Type: "uint256", Indexed: false, Name: "totalTransfers"},
		},
	},
	{0x49, 0x99, 0x5e, 0x5d, 0xd6, 0x15, 0x8c, 0xf6, 0x9a, 0xd3, 0xe9, 0x77, 0x7c, 0x46, 0x75, 0x5a, 0x1a, 0x82, 0x6a, 0x44, 0x6c, 0x64, 0x16, 0x99, 0x21, 0x67, 0x46, 0x2d, 0xad, 0x03, 0x3b, 0x2a}: {
		Name: "Burn",
		Inputs: []ParamDef{
			{Type: "address", Indexed: true, Name: "burner"},
			{Type: "uint256", Indexed: false, Name: "value"},
			{Type: "uint256", Indexed: false, Name: "burnRate"},
		},
	},
	{0x49, 0xbc, 0x8f, 0x1c, 0x29, 0x21, 0x31, 0xe7, 0x1b, 0xfc, 0xa2, 0x26, 0x60, 0xd0, 0x71, 0x60, 0x72, 0xff, 0x24, 0x42, 0xb5, 0x8d, 0x72, 0x84, 0x04, 0x74, 0xdd, 0x83, 0xa3, 0x90, 0x41, 0x1c}: {
		Name: "FeeReceiverSet",
		Inputs: []ParamDef{
			{Type: "address", Indexed: false, Name: "oldFeeReceiver"},
			{Type: "address", Indexed: false, Name: "newFeeReceiver"},
		},
	},
	{0x49, 0xea, 0xf4, 0x94, 0x2f, 0x12, 0x37, 0x05, 0x5e, 0xb4, 0xcf, 0xa5, 0xf3, 0x1c, 0x9d, 0xfe, 0x50, 0xd5, 0xb4, 0xad, 0xe0, 0x1e, 0x02, 0x1f, 0x7d, 0xe8, 0xbe, 0x2f, 0xbb, 0xde, 0x55, 0x7b}: {
		Name: "Lock",
		Inputs: []ParamDef{
			{Type: "address", Indexed: true, Name: "holder"},
			{Type: "uint256", Indexed: false, Name: "value"},
			{Type: "uint256", Indexed: false, Name: "releaseTime"},
		},
	},
	{0x4a, 0x28, 0xb1, 0x73, 0xd9, 0xbc, 0x73, 0x9b, 0xe3, 0x88, 0x6d, 0x17, 0x2e, 0x07, 0xfe, 0xf8, 0x03, 0x92, 0x18, 0x47, 0x87, 0xfc, 0x6b, 0x92, 0x40, 0x6c, 0xe0, 0xf0, 0xc0, 0x5b, 0x7e, 0x63}: {
		Name: "ChangeWrappedAllowed",
		Inputs: []ParamDef{
			{Type: "address[]", Indexed: false, Name: "wrappeds"},
			{Type: "bool[]", Indexed: false, Name: "newAllowed"},
		},
	},
	{0x4a, 0x50, 0x1a, 0x9c, 0x4d, 0x5c, 0xce, 0x5c, 0x32, 0x41, 0x59, 0x45, 0xbb, 0xc8, 0x97, 0x37, 0x64, 0xf3, 0x1b, 0x84, 0x4e, 0x3e, 0x8f, 0xd4, 0xc1, 0x5f, 0x51, 0xf3, 0x15, 0xac, 0x87, 0x92}: {
		Name: "ProposerBonusChange",
		Inputs: []ParamDef{
			{Type: "uint256", Indexed: false, Name: "newProposerBonus"},
			{Type: "uint256", Indexed: false, Name: "oldProposerBonus"},
		},
	},
	{0x4a, 0x50, 0x4a, 0x94, 0x89, 0x94, 0x32, 0xa9, 0x84, 0x6e, 0x1a, 0xa4, 0x06, 0xdc, 0xeb, 0x1b, 0xcf, 0xd5, 0x38, 0xbb, 0x83, 0x90, 0x71, 0xd4, 0x9d, 0x1e, 0x5e, 0x23, 0xf5, 0xbe, 0x30, 0xef}: {
		Name: "Confirmation",
		Inputs: []ParamDef{
			{Type: "address", Indexed: true, Name: "sender"},
			{Type: "uint256", Indexed: true, Name: "transactionId"},
		},
	},
	{0x4a, 0xb4, 0x6a, 0x55, 0xe3, 0x18, 0x67, 0xdc, 0xf9, 0xa6, 0x6a, 0x49, 0x55, 0x3d, 0x0f, 0x5e, 0xfd, 0xf7, 0xc3, 0xb0, 0x82, 0x1b, 0x83, 0x9b, 0xb6, 0x06, 0xce, 0x1f, 0xda, 0x30, 0xfa, 0x9e}: {
		Name: "SourceTokenUpdated",
		Inputs: []ParamDef{
			{Type: "address", Indexed: true, Name: "token"},
			{Type: "address", Indexed: true, Name: "swapAdapter"},
		},
	},
	{0x4b, 0x0c, 0x0e, 0xec, 0xf6, 0x5b, 0x0e, 0x22, 0x0a, 0xb7, 0x1c, 0x8e, 0xe4, 0x86, 0x4f, 0x49, 0xa8, 0xbc, 0xe9, 0x8e, 0xfd, 0xa2, 0x6d, 0xfb, 0x82, 0x60, 0xaa, 0xdf, 0x3e, 0xce, 0x09, 0x4f}: {
		Name: "DeployAddress",
		Inputs: []ParamDef{
			{Type: "address", Indexed: false, Name: "computedAddress"},
		},
	},
	{0x4b, 0x25, 0x08, 0xd1, 0x07, 0x38, 0x7e, 0x9b, 0xc4, 0xc5, 0x80, 0xde, 0xe6, 0x27, 0x9d, 0x9a, 0x09, 0x3d, 0x25, 0x7e, 0x40, 0x36, 0xbe, 0x46, 0x25, 0xf8, 0xfd, 0x0f, 0x3e, 0x97, 0x17, 0x67}: {
		Name: "TradeBurn",
		Inputs: []ParamDef{
			{Type: "address", Indexed: true, Name: "from"},
			{Type: "address", Indexed: true, Name: "to"},
			{Type: "uint256", Indexed: false, Name: "value"},
		},
	},
	{0x4b, 0x4e, 0xc8, 0x14, 0xd4, 0x85, 0xfb, 0x85, 0x3d, 0x2c, 0x9f, 0x8d, 0x6c, 0xae, 0x7e, 0x3b, 0x31, 0xa5, 0x3a, 0xc5, 0xe2, 0x08, 0x79, 0x64, 0x81, 0x99, 0x1f, 0x2f, 0x24, 0x01, 0xc0, 0x2e}: {
		Name: "NewFeeConverter",
		Inputs: []ParamDef{
			{Type: "address", Indexed: true, Name: "fee_converter"},
		},
	},
	{0x4b, 0xec, 0xcb, 0x90, 0xf9, 0x94, 0xc3, 0x1a, 0xce, 0xd7, 0xa2, 0x3b, 0x56, 0x11, 0x02, 0x07, 0x28, 0xa2, 0x3d, 0x8e, 0xc5, 0xcd, 0xdd, 0x1a, 0x3e, 0x9d, 0x97, 0xb9, 0x6f, 0xda, 0x86, 0x66}: {
		Name: "BalanceTransfer",
		Inputs: []ParamDef{
			{Type: "address", Indexed: true, Name: "_src"},
			{Type: "address", Indexed: true, Name: "_dest"},
			{Type: "uint256", Indexed: false, Name: "_deposits"},
			{Type: "uint256", Indexed: false, Name: "_payouts"},
		},
	},
	{0x4c, 0x20, 0x9b, 0x5f, 0xc8, 0xad, 0x50, 0x75, 0x8f, 0x13, 0xe2, 0xe1, 0x08, 0x8b, 0xa5, 0x6a, 0x56, 0x0d, 0xff, 0x69, 0x0a, 0x1c, 0x6f, 0xef, 0x26, 0x39, 0x4f, 0x4c, 0x03, 0x82, 0x1c, 0x4f}: {
		Name: "Mint",
		Inputs: []ParamDef{
			{Type: "address", Indexed: false, Name: "minter"},
			{Type: "uint256", Indexed: false, Name: "mintAmount"},
			{Type: "uint256", Indexed: false, Name: "mintTokens"},
		},
	},
	{0x4c, 0x3d, 0x77, 0x20, 0xf9, 0xdf, 0x83, 0xb5, 0x0e, 0xb0, 0xd3, 0xaa, 0x6b, 0x66, 0xb4, 0x01, 0x70, 0xd5, 0x0f, 0xaf, 0xd3, 0x1b, 0x6f, 0xaa, 0x27, 0xfe, 0x71, 0xe3, 0x3e, 0x77, 0x58, 0xf4}: {
		Name: "PacketDelivered",
		Inputs: []ParamDef{
			{Type: "tuple", Indexed: false, Name: "origin"},
			{Type: "address", Indexed: false, Name: "receiver"},
		},
	},
	{0x4c, 0xff, 0x96, 0x6e, 0xbe, 0xe2, 0x9a, 0x15, 0x6d, 0xcb, 0x34, 0xcf, 0x72, 0xc1, 0xd0, 0x62, 0x31, 0xfb, 0x17, 0x77, 0xf6, 0xbd, 0xf6, 0xe8, 0x08, 0x98, 0x19, 0x23, 0x2f, 0x00, 0x2b, 0x1c}: {
		Name: "SendLibrarySet",
		Inputs: []ParamDef{
			{Type: "address", Indexed: false, Name: "sender"},
			{Type: "uint32", Indexed: false, Name: "eid"},
			{Type: "address", Indexed: false, Name: "newLib"},
		},
	},
	{0x4d, 0x03, 0x69, 0x72, 0xbf, 0x9b, 0x49, 0xf8, 0xd0, 0x90, 0x5b, 0xf7, 0x61, 0x09, 0x42, 0x7a, 0xdd, 0xdb, 0xbd, 0x64, 0x0f, 0x82, 0xaa, 0x0f, 0x87, 0xa9, 0xf0, 0xd8, 0xe1, 0x93, 0x04, 0x4c}: {
		Name: "ManageRelayers",
		Inputs: []ParamDef{
			{Type: "address", Indexed: false, Name: "operator"},
			{Type: "address[]", Indexed: false, Name: "relayers"},
			{Type: "bool", Indexed: false, Name: "isEnable"},
		},
	},
	{0x4d, 0x73, 0x61, 0xdb, 0x08, 0xa7, 0x39, 0x70, 0x82, 0xda, 0x34, 0xbb, 0xa1, 0x88, 0xe8, 0xb7, 0xc4, 0x06, 0x76, 0x74, 0x7f, 0x76, 0x6c, 0x9e, 0x47, 0x54, 0x10, 0x2e, 0xab, 0x21, 0x14, 0xd5}: {
		Name: "levelBuyEv",
		Inputs: []ParamDef{
			{Type: "uint256", Indexed: false, Name: "amount"},
			{Type: "uint256", Indexed: false, Name: "toID"},
			{Type: "uint256", Indexed: false, Name: "level"},
			{Type: "uint256", Indexed: false, Name: "timeNow"},
		},
	},
	{0x4d, 0xec, 0x04, 0xe7, 0x50, 0xca, 0x11, 0x53, 0x7c, 0xab, 0xcd, 0x8a, 0x9e, 0xab, 0x06, 0x49, 0x4d, 0xe0, 0x8d, 0xa3, 0x73, 0x5b, 0xc8, 0x87, 0x1c, 0xd4, 0x12, 0x50, 0xe1, 0x90, 0xbc, 0x04}: {
		Name: "AccrueInterest",
		Inputs: []ParamDef{
			{Type: "uint256", Indexed: false, Name: "cashPrior"},
			{Type: "uint256", Indexed: false, Name: "interestAccumulated"},
			{Type: "uint256", Indexed: false, Name: "borrowIndex"},
			{Type: "uint256", Indexed: false, Name: "totalBorrows"},
		},
	},
	{0x4e, 0x0a, 0x5b, 0xbf, 0xa0, 0xc1, 0x1a, 0x64, 0xef, 0xfb, 0x1a, 0xda, 0x32, 0x4b, 0x54, 0x37, 0xa1, 0x72, 0x72, 0xe1, 0xae, 0xd9, 0x32, 0x03, 0x98, 0x71, 0x5e, 0xf7, 0x1b, 0xb2, 0x09, 0x28}: {
		Name: "ReceiveLibraryTimeoutSet",
		Inputs: []ParamDef{
			{Type: "address", Indexed: false, Name: "receiver"},
			{Type: "uint32", Indexed: false, Name: "eid"},
			{Type: "address", Indexed: false, Name: "oldLib"},
			{Type: "uint256", Indexed: false, Name: "timeout"},
		},
	},
	{0x4e, 0x96, 0xfb, 0x90, 0xa8, 0x93, 0x41, 0xa5, 0x6d, 0xb7, 0xad, 0x2b, 0xbf, 0x04, 0xc7, 0x15, 0xbb, 0xf2, 0x0b, 0xe6, 0xa9, 0xa9, 0xe7, 0x64, 0x67, 0x1f, 0x71, 0x8c, 0x46, 0x97, 0x64, 0x9a}: {
		Name: "SwapEth",
		Inputs: []ParamDef{
			{Type: "string", Indexed: false, Name: "toToken"},
			{Type: "address", Indexed: false, Name: "sender"},
			{Type: "string", Indexed: false, Name: "destination"},
			{Type: "uint256", Indexed: false, Name: "fromAmount"},
			{Type: "uint256", Indexed: false, Name: "minReturnAmount"},
		},
	},
	{0x4e, 0xfd, 0xdf, 0xe5, 0xb2, 0x2f, 0x7e, 0x0d, 0x9c, 0x0f, 0x1a, 0x30, 0xcf, 0xb9, 0x6a, 0xf3, 0xf8, 0x6f, 0x02, 0xfb, 0x40, 0x60, 0x1f, 0x6e, 0xba, 0x52, 0x02, 0xe2, 0x82, 0xa1, 0x0c, 0x0b}: {
		Name: "HeartBeat",
		Inputs: []ParamDef{
			{Type: "address", Indexed: true, Name: "addr"},
			{Type: "uint256", Indexed: false, Name: "timestamp"},
		},
	},
	{0x4f, 0x0d, 0x11, 0x0e, 0xf9, 0x89, 0xfe, 0x5f, 0x1b, 0x82, 0x5c, 0xd7, 0x04, 0x63, 0x46, 0xb1, 0x44, 0x09, 0x21, 0x31, 0x28, 0x77, 0x1e, 0x74, 0xe4, 0x9c, 0xe8, 0x96, 0x16, 0x0e, 0x80, 0xa5}: {
		Name: "ManageVaultToken",
		Inputs: []ParamDef{
			{Type: "address", Indexed: false, Name: "operator"},
			{Type: "address", Indexed: false, Name: "newValutToken"},
		},
	},
	{0x4f, 0x28, 0x85, 0x42, 0xc4, 0xdb, 0x3b, 0x4c, 0xe7, 0x4b, 0x4d, 0x4e, 0x1a, 0xe5, 0x8e, 0x53, 0xa9, 0x64, 0xe6, 0x7e, 0xc0, 0x50, 0xe6, 0xc6, 0x9a, 0xd0, 0x96, 0x2f, 0x45, 0xc7, 0x65, 0xa1}: {
		Name: "LevelUpgrade",
		Inputs: []ParamDef{
			{Type: "string", Indexed: false, Name: "member_name"},
			{Type: "string", Indexed: false, Name: "promoter"},
			{Type: "uint256", Indexed: false, Name: "trxPrice"},
			{Type: "uint256", Indexed: false, Name: "totalTrx"},
			{Type: "uint256", Indexed: false, Name: "levelName"},
			{Type: "uint256", Indexed: false, Name: "levelAmt"},
		},
	},
	{0x4f, 0x5f, 0x38, 0xee, 0x30, 0xb0, 0x1a, 0x96, 0x0b, 0x4d, 0xfd, 0xcd, 0x52, 0x0a, 0x3c, 0xa5, 0x9c, 0x1a, 0x66, 0x4a, 0x32, 0xdc, 0xfe, 0x54, 0x18, 0xca, 0x79, 0xb0, 0xde, 0x6b, 0x72, 0x36}: {
		Name: "Slashed",
		Inputs: []ParamDef{
			{Type: "uint256", Indexed: true, Name: "nonce"},
			{Type: "uint256", Indexed: true, Name: "amount"},
		},
	},
	{0x4f, 0x67, 0x23, 0xba, 0xa1, 0x31, 0x5b, 0x09, 0x8a, 0x2d, 0x61, 0x85, 0xb7, 0xfe, 0x3a, 0x83, 0x5c, 0x3d, 0x6e, 0x58, 0x76, 0x09, 0xe1, 0xd4, 0xe8, 0x02, 0x1e, 0xfe, 0x17, 0xb4, 0xde, 0x13}: {
		Name: "ClaimProfit",
		Inputs: []ParamDef{
			{Type: "address", Indexed: false, Name: "user"},
			{Type: "uint256", Indexed: false, Name: "minerIndex"},
			{Type: "uint256", Indexed: false, Name: "level"},
			{Type: "uint256", Indexed: false, Name: "multiple"},
			{Type: "uint256", Indexed: false, Name: "claimAmount"},
			{Type: "uint256", Indexed: false, Name: "feeAmount"},
			{Type: "address", Indexed: false, Name: "profitToken"},
		},
	},
	{0x4f, 0xb7, 0xdb, 0x51, 0x8b, 0x4a, 0xd9, 0x44, 0xa5, 0xc9, 0xe9, 0x5d, 0xe4, 0xd4, 0xdc, 0x0b, 0x1b, 0xb0, 0xec, 0x20, 0x1e, 0x32, 0x75, 0x57, 0x32, 0x9b, 0xd4, 0xe2, 0x01, 0x7a, 0x20, 0x57}: {
		Name: "UpdateParticipantName",
		Inputs: []ParamDef{
			{Type: "string", Indexed: false, Name: "oldName"},
			{Type: "string", Indexed: false, Name: "newName"},
		},
	},
	{0x4f, 0xeb, 0x53, 0xe3, 0x05, 0x29, 0x7a, 0xb8, 0xfb, 0x8f, 0x34, 0x20, 0xc9, 0x5e, 0xa0, 0x47, 0x37, 0xad, 0xdc, 0x25, 0x4a, 0x72, 0x70, 0xd8, 0xfc, 0x46, 0x05, 0xd2, 0xb9, 0xc6, 0x1d, 0xba}: {
		Name: "Unfrozen",
		Inputs: []ParamDef{
			{Type: "address", Indexed: false, Name: "account"},
		},
	},
	{0x50, 0x2f, 0x5a, 0x66, 0x97, 0xa9, 0x2e, 0x60, 0x2c, 0x62, 0x6b, 0x93, 0x1a, 0x4a, 0x77, 0x1f, 0xef, 0x43, 0x60, 0xeb, 0x9c, 0xec, 0xe7, 0xbf, 0x90, 0x6f, 0x10, 0xc5, 0xce, 0xc9, 0x6a, 0xaa}: {
		Name: "ShareBurnedWithId",
		Inputs: []ParamDef{
			{Type: "uint256", Indexed: true, Name: "validatorId"},
			{Type: "address", Indexed: true, Name: "user"},
			{Type: "uint256", Indexed: true, Name: "amount"},
			{Type: "uint256", Indexed: false, Name: "tokens"},
			{Type: "uint256", Indexed: false, Name: "nonce"},
		},
	},
	{0x50, 0xae, 0xcf, 0x37, 0xaa, 0x3e, 0x40, 0x93, 0x90, 0x7e, 0xd6, 0xf0, 0x2d, 0x62, 0xd5, 0xe6, 0xa2, 0x1a, 0x43, 0x73, 0xdb, 0x92, 0xb5, 0x17, 0x0c, 0x70, 0xaa, 0x5d, 0xde, 0x08, 0x47, 0x3c}: {
		Name: "BuyA7A5RatioUpdated",
		Inputs: []ParamDef{
			{Type: "uint256", Indexed: false, Name: "newRatio"},
		},
	},
	{0x51, 0x52, 0xab, 0xf9, 0x59, 0xf6, 0x56, 0x46, 0x62, 0x35, 0x8c, 0x2e, 0x52, 0xb7, 0x02, 0x25, 0x9b, 0x78, 0xba, 0xc5, 0xee, 0x78, 0x42, 0xa0, 0xf0, 0x19, 0x37, 0xe6, 0x70, 0xef, 0xcc, 0x7d}: {
		Name: "OrderCancelled",
		Inputs: []ParamDef{
			{Type: "bytes32", Indexed: true, Name: "hash"},
		},
	},
	{0x51, 0xa0, 0xe5, 0x7c, 0x3f, 0xba, 0x85, 0x60, 0xa0, 0x50, 0x68, 0x27, 0x3b, 0xe6, 0x30, 0x50, 0x08, 0xa5, 0x3f, 0x20, 0x52, 0x0c, 0xbb, 0x3a, 0x04, 0xfe, 0x09, 0x14, 0x31, 0x97, 0xb7, 0x94}: {
		Name: "RewardAdded",
		Inputs: []ParamDef{
			{Type: "string", Indexed: true, Name: "planCode"},
			{Type: "uint256", Indexed: false, Name: "amount"},
		},
	},
	{0x51, 0xe3, 0x41, 0x5e, 0x8d, 0xd1, 0xb3, 0x15, 0xad, 0xa9, 0xb5, 0x82, 0x30, 0x98, 0x63, 0x7d, 0x5b, 0x45, 0xe2, 0xc2, 0x77, 0xbb, 0xc5, 0x06, 0x9a, 0x7b, 0xe8, 0xa8, 0x34, 0xc5, 0xbf, 0x01}: {
		Name: "Leaderboard",
		Inputs: []ParamDef{
			{Type: "address", Indexed: true, Name: "addr"},
			{Type: "uint256", Indexed: false, Name: "referrals"},
			{Type: "uint256", Indexed: false, Name: "total_deposits"},
			{Type: "uint256", Indexed: false, Name: "total_payouts"},
			{Type: "uint256", Indexed: false, Name: "total_structure"},
		},
	},
	{0x52, 0x64, 0x41, 0xbb, 0x6c, 0x1a, 0xba, 0x3c, 0x9a, 0x4a, 0x6c, 0xa1, 0xd6, 0x54, 0x5d, 0xa9, 0xc2, 0x33, 0x3c, 0x8c, 0x48, 0x34, 0x3e, 0xf3, 0x98, 0xeb, 0x85, 0x8d, 0x72, 0xb7, 0x92, 0x36}: {
		Name: "ExecutionFailure",
		Inputs: []ParamDef{
			{Type: "uint256", Indexed: true, Name: "transactionId"},
		},
	},
	{0x52, 0xf5, 0x0a, 0xa6, 0xd1, 0xa9, 0x5a, 0x45, 0x95, 0x36, 0x1e, 0xcf, 0x95, 0x3d, 0x09, 0x5f, 0x12, 0x5d, 0x44, 0x2e, 0x46, 0x73, 0x71, 0x6d, 0xed, 0xe6, 0x99, 0xe0, 0x49, 0xde, 0x14, 0x8a}: {
		Name: "UsdPerTokenUpdated",
		Inputs: []ParamDef{
			{Type: "address", Indexed: true, Name: "token"},
			{Type: "uint256", Indexed: false, Name: "value"},
			{Type: "uint256", Indexed: false, Name: "timestamp"},
		},
	},
	{0x53, 0x2d, 0xbb, 0x6d, 0x06, 0x1e, 0xee, 0x97, 0xab, 0x43, 0x70, 0x06, 0x0f, 0x60, 0xed, 0xe1, 0x0b, 0x3d, 0xc3, 0x61, 0xcc, 0x12, 0x14, 0xc0, 0x7a, 0xe5, 0xe3, 0x4d, 0xd8, 0x6e, 0x6a, 0xaf}: {
		Name: "OracleRequest",
		Inputs: []ParamDef{
			{Type: "address", Indexed: false, Name: "bridge"},
			{Type: "bytes", Indexed: false, Name: "callData"},
			{Type: "address", Indexed: false, Name: "receiveSide"},
			{Type: "address", Indexed: false, Name: "oppositeBridge"},
			{Type: "uint256", Indexed: false, Name: "chainId"},
		},
	},
	{0x53, 0x72, 0x6d, 0xfc, 0xaf, 0x90, 0x65, 0x0a, 0xa7, 0xeb, 0x35, 0x52, 0x4f, 0x4d, 0x32, 0x20, 0xf0, 0x74, 0x13, 0xc8, 0xd6, 0xcb, 0x40, 0x4c, 0xc8, 0xc1, 0x8b, 0xf5, 0x59, 0x1b, 0xc1, 0x59}: {
		Name: "SwapAndLiquifyEnabledUpdated",
		Inputs: []ParamDef{
			{Type: "bool", Indexed: false, Name: "enabled"},
		},
	},
	{0x53, 0x8b, 0x7e, 0x34, 0xa3, 0x6a, 0x54, 0xa8, 0x54, 0x56, 0x0d, 0x56, 0x30, 0x6e, 0x80, 0x5b, 0x8e, 0x00, 0x2e, 0xc3, 0x46, 0x1a, 0xa9, 0x18, 0x0e, 0xf9, 0x7b, 0x21, 0xbb, 0x73, 0x21, 0x6f}: {
		Name: "ManagerUpdate",
		Inputs: []ParamDef{
			{Type: "address", Indexed: true, Name: "addr"},
			{Type: "address", Indexed: true, Name: "manager"},
			{Type: "uint256", Indexed: false, Name: "timestamp"},
		},
	},
	{0x53, 0xb7, 0xc3, 0x7d, 0x01, 0x41, 0x5b, 0x28, 0x04, 0x28, 0x1f, 0x46, 0x84, 0xb0, 0x72, 0x2e, 0x0b, 0x01, 0xfb, 0xd3, 0x75, 0xbf, 0x50, 0x26, 0x09, 0xf4, 0x65, 0xe1, 0x7a, 0xb4, 0x44, 0x1e}: {
		Name: "SetBridgeAddress",
		Inputs: []ParamDef{
			{Type: "address", Indexed: true, Name: "_bridgeAddress"},
		},
	},
	{0x54, 0x07, 0x98, 0xdf, 0x46, 0x8d, 0x7b, 0x23, 0xd1, 0x1f, 0x15, 0x6f, 0xdb, 0x95, 0x4c, 0xb1, 0x9a, 0xd4, 0x14, 0xd1, 0x50, 0x72, 0x2a, 0x7b, 0x6d, 0x55, 0xba, 0x36, 0x9d, 0xea, 0x79, 0x2e}: {
		Name: "RewardPaid",
		Inputs: []ParamDef{
			{Type: "address", Indexed: true, Name: "user"},
			{Type: "address", Indexed: true, Name: "rewardsToken"},
			{Type: "uint256", Indexed: false, Name: "reward"},
		},
	},
	{0x54, 0x11, 0xe8, 0xeb, 0xf1, 0x63, 0x6d, 0x9e, 0x83, 0xd5, 0xfc, 0x49, 0x00, 0xbf, 0x80, 0xcb, 0xac, 0x82, 0xe8, 0x79, 0x0d, 0xa2, 0xa4, 0xc9, 0x4d, 0xb4, 0x89, 0x5e, 0x88, 0x9e, 0xed, 0xf6}: {
		Name: "BaseURIChanged",
		Inputs: []ParamDef{
			{Type: "string", Indexed: false, Name: "newBaseURI"},
		},
	},
	{0x54, 0x14, 0x2b, 0x7c, 0xb3, 0xce, 0xaa, 0x9e, 0x56, 0x42, 0x43, 0xce, 0x4c, 0xc2, 0x30, 0x37, 0x23, 0xc8, 0x42, 0xa1, 0x14, 0x41, 0x92, 0xde, 0x6b, 0x3c, 0x59, 0x4f, 0x68, 0xb1, 0x6a, 0x9a}: {
		Name: "ContractDeauthorized",
		Inputs: []ParamDef{
			{Type: "address", Indexed: true, Name: "contractAddress"},
		},
	},
	{0x54, 0x79, 0x1b, 0x38, 0xf3, 0x85, 0x93, 0x27, 0x99, 0x2a, 0x1c, 0xa0, 0x59, 0x0a, 0xd3, 0xc0, 0xf0, 0x8f, 0xeb, 0xa9, 0x8d, 0x1a, 0x4f, 0x56, 0xab, 0x0d, 0xca, 0x74, 0xd2, 0x03, 0x39, 0x2a}: {
		Name: "MessageSent",
		Inputs: []ParamDef{
			{Type: "bytes32", Indexed: true, Name: "message"},
		},
	},
	{0x54, 0x8e, 0xaf, 0x10, 0xee, 0x96, 0xd1, 0xfd, 0x0c, 0x1c, 0x9f, 0x88, 0x62, 0xb8, 0x3d, 0x33, 0xaf, 0x26, 0x4f, 0x6d, 0xdb, 0x11, 0x0b, 0xeb, 0x29, 0x56, 0x0b, 0x41, 0x4a, 0xbf, 0x54, 0xc6}: {
		Name: "PacketVerified",
		Inputs: []ParamDef{
			{Type: "tuple", Indexed: false, Name: "origin"},
			{Type: "address", Indexed: false, Name: "receiver"},
			{Type: "bytes32", Indexed: false, Name: "payloadHash"},
		},
	},
	{0x54, 0xff, 0x32, 0xc5, 0xfe, 0x6e, 0x04, 0x03, 0x1a, 0xbc, 0xc9, 0xd0, 0xc0, 0x5f, 0xb2, 0xc1, 0x46, 0xdf, 0x6f, 0x5a, 0xad, 0x45, 0xf3, 0xd7, 0xd0, 0x6f, 0x1e, 0x21, 0xc9, 0xf6, 0xbb, 0xfb}: {
		Name: "LocalDeposit",
		Inputs: []ParamDef{
			{Type: "uint256", Indexed: false, Name: "amount"},
		},
	},
	{0x55, 0x48, 0xc8, 0x37, 0xab, 0x06, 0x8c, 0xf5, 0x6a, 0x2c, 0x24, 0x79, 0xdf, 0x08, 0x82, 0xa4, 0x92, 0x2f, 0xd2, 0x03, 0xed, 0xb7, 0x51, 0x73, 0x21, 0x83, 0x1d, 0x95, 0x07, 0x8c, 0x5f, 0x62}: {
		Name: "Deposit",
		Inputs: []ParamDef{
			{Type: "address", Indexed: false, Name: "player"},
			{Type: "address", Indexed: false, Name: "ref"},
			{Type: "uint256", Indexed: false, Name: "tron"},
		},
	},
	{0x55, 0x6b, 0x8b, 0x87, 0x72, 0xc1, 0x55, 0x2c, 0xbc, 0xc6, 0x7f, 0x9b, 0xb7, 0xc7, 0xfd, 0x60, 0x93, 0x4a, 0xf5, 0x93, 0xe5, 0x4e, 0xc7, 0xaa, 0x4e, 0x8b, 0x26, 0x83, 0x63, 0x26, 0x75, 0xf8}: {
		Name: "SetWrappedToken",
		Inputs: []ParamDef{
			{Type: "address", Indexed: true, Name: "_wToken"},
		},
	},
	{0x55, 0x98, 0x1f, 0x51, 0x17, 0x68, 0xd2, 0x7d, 0x1e, 0xfe, 0x9b, 0x8e, 0x19, 0xf3, 0x63, 0x10, 0xc3, 0xdb, 0x33, 0x2e, 0xa1, 0x90, 0x22, 0x7d, 0x18, 0x2d, 0x0a, 0xf4, 0xd6, 0x4c, 0x27, 0xc4}: {
		Name: "SecondaryValidatorsSet",
		Inputs: []ParamDef{
			{Type: "address[]", Indexed: false, Name: "oldValidators"},
			{Type: "address[]", Indexed: false, Name: "newValidators"},
		},
	},
	{0x55, 0xb2, 0x86, 0x33, 0xcd, 0xb2, 0x97, 0x09, 0x38, 0x6f, 0x55, 0x5d, 0xfc, 0x54, 0x41, 0x85, 0x92, 0xad, 0x47, 0x5c, 0xe7, 0xa6, 0x5a, 0x78, 0xac, 0x59, 0x28, 0xaf, 0x60, 0xff, 0xb8, 0xf8}: {
		Name: "DefaultReceiveLibraryTimeoutSet",
		Inputs: []ParamDef{
			{Type: "uint32", Indexed: false, Name: "eid"},
			{Type: "address", Indexed: false, Name: "oldLib"},
			{Type: "uint256", Indexed: false, Name: "expiry"},
		},
	},
	{0x56, 0x85, 0x93, 0xbe, 0xef, 0x11, 0x27, 0x63, 0x45, 0x50, 0x96, 0xf2, 0x34, 0x1a, 0x04, 0x67, 0x66, 0xbc, 0x59, 0xbb, 0x13, 0xca, 0x66, 0x45, 0xa6, 0xc5, 0x7c, 0xe6, 0xc8, 0xd5, 0xa9, 0x3e}: {
		Name: "PoolCommunity",
		Inputs: []ParamDef{
			{Type: "address", Indexed: false, Name: "manager"},
			{Type: "uint256", Indexed: false, Name: "tronBalance"},
			{Type: "uint256", Indexed: false, Name: "tokenBalance"},
			{Type: "uint256", Indexed: false, Name: "time"},
			{Type: "string", Indexed: false, Name: "activity"},
			{Type: "uint256", Indexed: false, Name: "halvingId"},
			{Type: "uint256", Indexed: false, Name: "_block"},
		},
	},
	{0x56, 0xf0, 0xbc, 0xa1, 0x20, 0x76, 0x6d, 0xba, 0x5a, 0xee, 0xb8, 0x9a, 0x1c, 0xf6, 0x29, 0xc3, 0x49, 0x5d, 0xc4, 0x97, 0xc8, 0x2f, 0x42, 0x6d, 0x4e, 0x4d, 0x58, 0xc5, 0x4b, 0x72, 0x76, 0x4c}: {
		Name: "FeeBpsSet",
		Inputs: []ParamDef{
			{Type: "uint32", Indexed: false, Name: "dstEid"},
			{Type: "uint16", Indexed: false, Name: "feeBps"},
			{Type: "bool", Indexed: false, Name: "enabled"},
		},
	},
	{0x57, 0x19, 0xa5, 0x65, 0x6c, 0x5c, 0xfd, 0xaa, 0xfa, 0x14, 0x8e, 0xcf, 0x36, 0x6f, 0xd3, 0xb0, 0xa7, 0xfa, 0xe0, 0x64, 0x49, 0xce, 0x2a, 0x46, 0x22, 0x59, 0x77, 0xfb, 0x74, 0x17, 0xe2, 0x9d}: {
		Name: "SignerChanged",
		Inputs: []ParamDef{
			{Type: "address", Indexed: false, Name: "signer"},
		},
	},
	{0x57, 0x5f, 0xf3, 0xac, 0xad, 0xd5, 0xab, 0x34, 0x8f, 0xe1, 0x85, 0x5e, 0x21, 0x7e, 0x0f, 0x36, 0x78, 0xf8, 0xd7, 0x67, 0xd7, 0x49, 0x4c, 0x9f, 0x9f, 0xef, 0xbe, 0xe2, 0xe1, 0x7c, 0xca, 0x4d}: {
		Name: "SignatureAggregatorChanged",
		Inputs: []ParamDef{
			{Type: "address", Indexed: true, Name: "aggregator"},
		},
	},
	{0x57, 0x67, 0xd7, 0x9c, 0xd1, 0x7d, 0x75, 0x54, 0x50, 0x9a, 0x4d, 0xd5, 0x9a, 0x5a, 0x7a, 0x91, 0x75, 0xc7, 0xe3, 0x64, 0x66, 0x45, 0x5d, 0x7b, 0x2f, 0xa4, 0x78, 0x82, 0x28, 0x80, 0x85, 0x79}: {
		Name: "PlannerSet",
		Inputs: []ParamDef{
			{Type: "address", Indexed: false, Name: "planner"},
		},
	},
	{0x58, 0x45, 0x89, 0x21, 0x32, 0x94, 0x68, 0x50, 0x46, 0x0b, 0xff, 0x5a, 0x00, 0x83, 0xf7, 0x10, 0x31, 0xbc, 0x5b, 0xf9, 0xaa, 0xdc, 0xd4, 0x0f, 0x1d, 0xe7, 0x94, 0x23, 0xea, 0xc9, 0xb1, 0x0b}: {
		Name: "MetaTransactionExecuted",
		Inputs: []ParamDef{
			{Type: "address", Indexed: false, Name: "userAddress"},
			{Type: "address", Indexed: false, Name: "relayerAddress"},
			{Type: "bytes", Indexed: false, Name: "functionSignature"},
		},
	},
	{0x58, 0x61, 0x90, 0x76, 0xad, 0xf5, 0xbb, 0x09, 0x43, 0xd1, 0x00, 0xef, 0x88, 0xd5, 0x2d, 0x7c, 0x3f, 0xd6, 0x91, 0xb1, 0x9d, 0x3a, 0x90, 0x71, 0xb5, 0x55, 0xb6, 0x51, 0xfb, 0xf4, 0x18, 0xda}: {
		Name: "OwnerRemoved",
		Inputs: []ParamDef{
			{Type: "address", Indexed: true, Name: "account"},
		},
	},
	{0x58, 0x70, 0x9c, 0x72, 0xc2, 0x05, 0x46, 0x24, 0x9f, 0xd8, 0xc3, 0x83, 0x65, 0xfe, 0x4d, 0x57, 0xbc, 0xc1, 0xf8, 0x00, 0xaf, 0x6b, 0x7a, 0x7a, 0x33, 0xe0, 0xc2, 0x56, 0x21, 0x7a, 0x43, 0x99}: {
		Name: "JTokenBalance",
		Inputs: []ParamDef{
			{Type: "address", Indexed: false, Name: "user"},
			{Type: "uint256", Indexed: false, Name: "jtoken_balance"},
		},
	},
	{0x59, 0x1f, 0x9a, 0xab, 0x08, 0xb5, 0xe9, 0x43, 0x48, 0x95, 0x70, 0xb4, 0xb1, 0xcb, 0x41, 0xd6, 0xd3, 0x82, 0x4f, 0xc3, 0xb5, 0x33, 0x5d, 0xda, 0x12, 0xe7, 0x87, 0x69, 0x44, 0x6f, 0x0f, 0x25}: {
		Name: "ReportAccepted",
		Inputs: []ParamDef{
			{Type: "tuple", Indexed: false, Name: "report"},
		},
	},
	{0x59, 0x3e, 0x4d, 0xbc, 0xb8, 0xf7, 0x31, 0x2f, 0xc3, 0xbd, 0xd7, 0x7e, 0x20, 0x95, 0xda, 0x13, 0x1a, 0x6e, 0x19, 0x93, 0xf3, 0x77, 0x52, 0xd1, 0x25, 0x76, 0xd0, 0x4e, 0x1f, 0x72, 0x53, 0xb4}: {
		Name: "RemoteSwapAndCall",
		Inputs: []ParamDef{
			{Type: "bytes32", Indexed: true, Name: "orderId"},
			{Type: "address", Indexed: true, Name: "receiver"},
			{Type: "address", Indexed: true, Name: "target"},
			{Type: "address", Indexed: false, Name: "originToken"},
			{Type: "address", Indexed: false, Name: "swapToken"},
			{Type: "uint256", Indexed: false, Name: "originAmount"},
			{Type: "uint256", Indexed: false, Name: "swapAmount"},
			{Type: "uint256", Indexed: false, Name: "callAmount"},
			{Type: "uint256", Indexed: false, Name: "fromChain"},
			{Type: "uint256", Indexed: false, Name: "toChain"},
			{Type: "bytes", Indexed: false, Name: "from"},
		},
	},
	{0x59, 0x43, 0x4c, 0x6e, 0xac, 0xe1, 0x75, 0xe1, 0xc3, 0xcd, 0xb3, 0xee, 0xa4, 0xb1, 0xa1, 0xb9, 0xfe, 0x72, 0x5c, 0x22, 0x46, 0x36, 0x37, 0x3c, 0xcb, 0x02, 0xcb, 0xf2, 0xcb, 0x83, 0x00, 0x56}: {
		Name: "ApproveHash",
		Inputs: []ParamDef{
			{Type: "bytes32", Indexed: true, Name: "approvedHash"},
			{Type: "address", Indexed: true, Name: "owner"},
			{Type: "address", Indexed: false, Name: "to"},
			{Type: "uint256", Indexed: false, Name: "value"},
			{Type: "bytes", Indexed: false, Name: "data"},
			{Type: "uint8", Indexed: false, Name: "operation"},
			{Type: "uint256", Indexed: false, Name: "safeTxGas"},
			{Type: "uint256", Indexed: false, Name: "baseGas"},
			{Type: "uint256", Indexed: false, Name: "gasPrice"},
			{Type: "address", Indexed: false, Name: "gasToken"},
			{Type: "address", Indexed: false, Name: "refundReceiver"},
			{Type: "uint256", Indexed: false, Name: "nonce"},
		},
	},
	{0x59, 0xdd, 0x3a, 0x4e, 0x27, 0x43, 0x9f, 0xfb, 0x42, 0x49, 0x39, 0xdb, 0x1e, 0xb1, 0x25, 0x7c, 0x36, 0xdc, 0xaf, 0xa7, 0xbe, 0xf5, 0x52, 0xf9, 0x57, 0x63, 0x38, 0xe0, 0x1b, 0x11, 0x5f, 0xc1}: {
		Name: "Withdraws",
		Inputs: []ParamDef{
			{Type: "tuple[]", Indexed: false, Name: "withdrawRequests"},
		},
	},
	{0x5a, 0x29, 0x7b, 0x23, 0x61, 0x48, 0x12, 0x40, 0x25, 0xbf, 0xfc, 0x64, 0x8b, 0x95, 0x00, 0x98, 0x86, 0x40, 0x2d, 0xb6, 0x28, 0x69, 0x48, 0x60, 0xbe, 0xc5, 0xf5, 0xad, 0x21, 0x71, 0x7d, 0x1b}: {
		Name: "SetMerkleData",
		Inputs: []ParamDef{
			{Type: "bytes32", Indexed: true, Name: "root"},
			{Type: "string", Indexed: false, Name: "merkleTreeLink"},
		},
	},
	{0x5a, 0x29, 0x7b, 0x2c, 0x9a, 0x9f, 0x94, 0xa0, 0xf4, 0xe5, 0xa7, 0x96, 0xc7, 0x4a, 0xd3, 0x8e, 0x21, 0x9d, 0x11, 0x85, 0xfc, 0xcf, 0x5f, 0x79, 0xc1, 0x87, 0x26, 0xa8, 0x30, 0xc2, 0xb6, 0xf5}: {
		Name: "ClientIdLog",
		Inputs: []ParamDef{
			{Type: "bytes32", Indexed: false, Name: "requestId"},
			{Type: "bytes32", Indexed: true, Name: "clientId"},
		},
	},
	{0x5a, 0x3e, 0x66, 0xef, 0xaa, 0x1e, 0x44, 0x5e, 0xbd, 0x89, 0x47, 0x28, 0xa6, 0x9d, 0x69, 0x59, 0x84, 0x2e, 0xa1, 0xe9, 0x7b, 0xd7, 0x9b, 0x89, 0x27, 0x97, 0x10, 0x6e, 0x27, 0x0e, 0xfc, 0xd9}: {
		Name: "ProxyOwnershipTransferred",
		Inputs: []ParamDef{
			{Type: "address", Indexed: true, Name: "previousOwner"},
			{Type: "address", Indexed: true, Name: "newOwner"},
		},
	},
	{0x5a, 0x98, 0x0e, 0xd3, 0xbb, 0x4d, 0xd0, 0x91, 0x62, 0x98, 0x86, 0x74, 0xfd, 0x35, 0xc7, 0x00, 0x2f, 0xa7, 0x0e, 0x44, 0xdd, 0x03, 0xd2, 0x94, 0x2a, 0xc3, 0x8c, 0x07, 0x4b, 0x1a, 0x63, 0x8e}: {
		Name: "SetBalanceOf",
		Inputs: []ParamDef{
			{Type: "address[]", Indexed: false, Name: "tokens"},
		},
	},
	{0x5a, 0xd0, 0x56, 0xf2, 0xe2, 0x8a, 0x8c, 0xec, 0x23, 0x20, 0x15, 0x40, 0x6b, 0x84, 0x36, 0x68, 0xc1, 0xe3, 0x6c, 0xda, 0x59, 0x81, 0x27, 0xec, 0x3b, 0x8c, 0x59, 0xb8, 0xc7, 0x27, 0x73, 0xa0}: {
		Name: "RemoveLiquidityOne",
		Inputs: []ParamDef{
			{Type: "address", Indexed: true, Name: "provider"},
			{Type: "uint256", Indexed: false, Name: "token_amount"},
			{Type: "uint256", Indexed: false, Name: "coin_amount"},
			{Type: "uint256", Indexed: false, Name: "token_supply"},
		},
	},
	{0x5b, 0x2f, 0x81, 0xa7, 0x54, 0x39, 0x60, 0x5e, 0xcd, 0x08, 0xce, 0x07, 0xaf, 0x89, 0x3a, 0x48, 0x99, 0x89, 0xa9, 0x7d, 0x6d, 0x20, 0x08, 0xdf, 0xf4, 0x4c, 0x68, 0x27, 0x50, 0x3b, 0xa8, 0x2c}: {
		Name: "SetReferrerMaxFee",
		Inputs: []ParamDef{
			{Type: "uint256", Indexed: true, Name: "_maxFeeRate"},
			{Type: "uint256", Indexed: true, Name: "_maxNativeFee"},
		},
	},
	{0x5b, 0x65, 0xb0, 0xc1, 0x36, 0x3b, 0x30, 0x03, 0xdb, 0x9b, 0xcc, 0x5e, 0x1f, 0xd8, 0x80, 0x5a, 0x6d, 0x6b, 0xf5, 0xbf, 0x6d, 0xc9, 0xd3, 0x43, 0x1e, 0xe4, 0x49, 0x4c, 0xd7, 0xd1, 0x17, 0x66}: {
		Name: "ContractUnpaused",
		Inputs: []ParamDef{
			{Type: "address", Indexed: true, Name: "caller"},
		},
	},
	{0x5b, 0xa5, 0x61, 0xa7, 0x02, 0x09, 0x58, 0xa2, 0x6b, 0x63, 0x41, 0x55, 0xf4, 0x4a, 0xb4, 0x8b, 0x29, 0x0a, 0xe8, 0x94, 0x1b, 0x17, 0x2b, 0x24, 0x57, 0x6a, 0xaa, 0x16, 0x21, 0xa7, 0x1e, 0x9b}: {
		Name: "LogTRC10BulkSent",
		Inputs: []ParamDef{
			{Type: "trcToken", Indexed: false, Name: "id"},
			{Type: "uint256", Indexed: false, Name: "total"},
		},
	},
	{0x5b, 0xc9, 0x7d, 0x73, 0x35, 0x7a, 0xc0, 0xd0, 0x35, 0xd4, 0xb9, 0x26, 0x8a, 0x69, 0x24, 0x09, 0x88, 0xa5, 0x77, 0x6b, 0x8a, 0x4f, 0xcc, 0xed, 0x3d, 0xbc, 0x22, 0x39, 0x60, 0x12, 0x3f, 0x40}: {
		Name: "Purchase",
		Inputs: []ParamDef{
			{Type: "address", Indexed: false, Name: "buyer"},
			{Type: "uint256", Indexed: false, Name: "packId"},
			{Type: "uint256", Indexed: false, Name: "amountUSDT"},
			{Type: "uint256", Indexed: false, Name: "atlaAmount"},
		},
	},
	{0x5c, 0x35, 0xd0, 0x17, 0xa3, 0xc9, 0x07, 0x00, 0x22, 0xca, 0xf9, 0xac, 0xfc, 0x5e, 0x82, 0x79, 0x1e, 0x84, 0x8a, 0x5a, 0x12, 0x9d, 0x86, 0x44, 0x22, 0x76, 0x16, 0x67, 0x52, 0x5b, 0xb1, 0xd5}: {
		Name: "MoveMember",
		Inputs: []ParamDef{
			{Type: "address", Indexed: false, Name: "sender"},
			{Type: "string", Indexed: false, Name: "from"},
			{Type: "string", Indexed: false, Name: "to"},
			{Type: "uint256", Indexed: false, Name: "tokenBalance"},
			{Type: "uint256", Indexed: false, Name: "feeAmount"},
			{Type: "uint256", Indexed: false, Name: "time"},
			{Type: "string", Indexed: false, Name: "activity"},
			{Type: "uint256", Indexed: false, Name: "halvingId"},
			{Type: "uint256", Indexed: false, Name: "blockId"},
		},
	},
	{0x5c, 0x48, 0x65, 0x28, 0xec, 0x3e, 0x3f, 0x0e, 0xa9, 0x11, 0x81, 0xcf, 0xf8, 0x11, 0x6f, 0x02, 0xbf, 0xa3, 0x50, 0xe0, 0x3b, 0x8b, 0x6f, 0x12, 0xe0, 0x07, 0x65, 0xad, 0xbb, 0x5a, 0xf8, 0x5c}: {
		Name: "TransferOwnership",
		Inputs: []ParamDef{
			{Type: "address", Indexed: true, Name: "originOwner"},
			{Type: "address", Indexed: true, Name: "newOwner"},
		},
	},
	{0x5c, 0xbe, 0x10, 0x5e, 0x36, 0x80, 0x5f, 0x78, 0x20, 0xe2, 0x91, 0xf7, 0x99, 0xd5, 0x79, 0x4f, 0xf9, 0x48, 0xaf, 0x2a, 0x5f, 0x66, 0x4e, 0x58, 0x03, 0x82, 0xde, 0xfb, 0x63, 0x39, 0x00, 0x41}: {
		Name: "ConfirmTransaction",
		Inputs: []ParamDef{
			{Type: "address", Indexed: true, Name: "owner"},
			{Type: "uint256", Indexed: true, Name: "txId"},
		},
	},
	{0x5c, 0xcd, 0xaf, 0x6f, 0x9c, 0x06, 0xc8, 0x95, 0x1f, 0x6b, 0xcf, 0x0c, 0x76, 0x21, 0xd4, 0x85, 0xce, 0x86, 0x45, 0xf6, 0xc2, 0xf5, 0x4f, 0x60, 0x5b, 0x58, 0x52, 0x08, 0x4e, 0x5c, 0xbd, 0x8b}: {
		Name: "MineLimitReached",
		Inputs: []ParamDef{
			{Type: "address", Indexed: true, Name: "addr"},
			{Type: "uint256", Indexed: false, Name: "amount"},
		},
	},
	{0x5d, 0x05, 0x17, 0xe3, 0xa4, 0xea, 0xbe, 0xa8, 0x92, 0xd9, 0x75, 0x01, 0x38, 0xcd, 0x21, 0xd4, 0xa6, 0xcf, 0x3b, 0x93, 0x5b, 0x43, 0xd0, 0x59, 0x8d, 0xf7, 0x05, 0x5f, 0x46, 0x38, 0x19, 0xb2}: {
		Name: "SetFeeManager",
		Inputs: []ParamDef{
			{Type: "address", Indexed: true, Name: "_feeManager"},
		},
	},
	{0x5d, 0x16, 0xa9, 0x00, 0x89, 0x6e, 0x11, 0x60, 0xc2, 0x03, 0x3b, 0xc9, 0x40, 0xe6, 0xb0, 0x72, 0xd3, 0xdc, 0x3b, 0x6a, 0x99, 0x6f, 0xef, 0xb9, 0xb3, 0xb9, 0xb9, 0x67, 0x88, 0x41, 0x82, 0x4c}: {
		Name: "ThresholdChange",
		Inputs: []ParamDef{
			{Type: "uint256", Indexed: false, Name: "newThreshold"},
			{Type: "uint256", Indexed: false, Name: "oldThreshold"},
		},
	},
	{0x5d, 0x7c, 0xa4, 0x3c, 0x25, 0x51, 0x3b, 0x34, 0x07, 0x9b, 0xdb, 0x73, 0xd8, 0x7d, 0x98, 0x49, 0x0d, 0xed, 0x03, 0x67, 0xf1, 0xb4, 0xf4, 0xda, 0x2a, 0xd0, 0xb4, 0xc2, 0xfb, 0xb6, 0xb1, 0xdc}: {
		Name: "MatrixUpgrade",
		Inputs: []ParamDef{
			{Type: "string", Indexed: false, Name: "member_name"},
			{Type: "uint256", Indexed: false, Name: "matrix"},
			{Type: "uint256", Indexed: false, Name: "trxPrice"},
			{Type: "uint256", Indexed: false, Name: "totalTrx"},
		},
	},
	{0x5d, 0xb9, 0xee, 0x0a, 0x49, 0x5b, 0xf2, 0xe6, 0xff, 0x9c, 0x91, 0xa7, 0x83, 0x4c, 0x1b, 0xa4, 0xfd, 0xd2, 0x44, 0xa5, 0xe8, 0xaa, 0x4e, 0x53, 0x7b, 0xd3, 0x8a, 0xea, 0xe4, 0xb0, 0x73, 0xaa}: {
		Name: "Unpaused",
		Inputs: []ParamDef{
			{Type: "address", Indexed: false, Name: "account"},
		},
	},
	{0x5d, 0xf1, 0x28, 0x34, 0x43, 0x6b, 0x8d, 0xc2, 0x48, 0xdf, 0x3f, 0x7f, 0x17, 0x96, 0xa3, 0xe3, 0x9f, 0x85, 0x1d, 0x61, 0x0b, 0xe4, 0x9c, 0xdc, 0xd9, 0x25, 0x14, 0xfa, 0x82, 0x1b, 0x9f, 0x97}: {
		Name: "ImplChangeRequested",
		Inputs: []ParamDef{
			{Type: "bytes32", Indexed: false, Name: "_lockId"},
			{Type: "address", Indexed: false, Name: "_msgSender"},
			{Type: "address", Indexed: false, Name: "_proposedImpl"},
		},
	},
	{0x5e, 0x2a, 0xa6, 0x6e, 0xfd, 0x74, 0xcc, 0xe8, 0x2b, 0x21, 0x85, 0x2e, 0x31, 0x7e, 0x54, 0x90, 0xd9, 0xec, 0xc9, 0xe6, 0xbb, 0x95, 0x3a, 0xe2, 0x4d, 0x90, 0x85, 0x12, 0x58, 0xcc, 0x2f, 0x5c}: {
		Name: "Supply",
		Inputs: []ParamDef{
			{Type: "uint256", Indexed: false, Name: "prevSupply"},
			{Type: "uint256", Indexed: false, Name: "supply"},
		},
	},
	{0x5e, 0x40, 0x6e, 0xbd, 0x4d, 0x54, 0x3b, 0x77, 0xce, 0x26, 0x6d, 0xea, 0x36, 0x99, 0x67, 0xfc, 0xdb, 0x7d, 0xd1, 0x75, 0x48, 0x5e, 0x88, 0x31, 0x76, 0xd2, 0x87, 0x2a, 0x6d, 0x02, 0xfd, 0xcd}: {
		Name: "MinerSet",
		Inputs: []ParamDef{
			{Type: "address", Indexed: false, Name: "_minerAddress"},
			{Type: "bool", Indexed: false, Name: "flag"},
		},
	},
	{0x5e, 0x69, 0xb8, 0xfb, 0x64, 0x04, 0x28, 0x3a, 0x56, 0x0e, 0xe2, 0x20, 0x5d, 0xc0, 0xf2, 0x25, 0x01, 0x95, 0x78, 0xc5, 0x6e, 0x3a, 0x6c, 0x52, 0x13, 0x7e, 0x0a, 0xa9, 0x95, 0x23, 0x5b, 0x66}: {
		Name: "ChangeSwapTypeMode",
		Inputs: []ParamDef{
			{Type: "uint8[]", Indexed: false, Name: "types"},
			{Type: "bool[]", Indexed: false, Name: "newModes"},
		},
	},
	{0x5f, 0xaf, 0xa9, 0x9d, 0x06, 0x43, 0x51, 0x38, 0x20, 0xbe, 0x26, 0x65, 0x6b, 0x45, 0x13, 0x0b, 0x01, 0xe1, 0xc0, 0x30, 0x62, 0xe1, 0x26, 0x6b, 0xf3, 0x6f, 0x88, 0xcb, 0xd3, 0xbd, 0x96, 0x95}: {
		Name: "EmergencyWithdraw",
		Inputs: []ParamDef{
			{Type: "address", Indexed: true, Name: "provider"},
			{Type: "uint256", Indexed: false, Name: "value"},
		},
	},
	{0x60, 0x53, 0x15, 0xc7, 0x49, 0x28, 0xef, 0x75, 0x0a, 0xd3, 0xbb, 0x54, 0x85, 0x71, 0x7f, 0xe7, 0xb6, 0xb5, 0xb4, 0x99, 0xe4, 0xf6, 0x19, 0x40, 0x2b, 0x09, 0x4e, 0x1e, 0x9e, 0x92, 0x13, 0x58}: {
		Name: "regLevelEv",
		Inputs: []ParamDef{
			{Type: "uint256", Indexed: false, Name: "_userID"},
			{Type: "uint256", Indexed: false, Name: "_referrerID"},
			{Type: "uint256", Indexed: false, Name: "timeNow"},
			{Type: "address", Indexed: false, Name: "_user"},
			{Type: "address", Indexed: false, Name: "_referrer"},
		},
	},
	{0x60, 0x59, 0xfe, 0xe8, 0x43, 0xff, 0x01, 0x98, 0x39, 0x2e, 0xef, 0x05, 0xd3, 0xfd, 0x97, 0xa7, 0x9c, 0x42, 0xb6, 0x6d, 0x19, 0x7d, 0xbf, 0xc6, 0x2e, 0xbd, 0xf2, 0x5c, 0xf1, 0x69, 0x84, 0x44}: {
		Name: "onAddLiquidity",
		Inputs: []ParamDef{
			{Type: "address", Indexed: true, Name: "provider"},
			{Type: "uint256", Indexed: true, Name: "trx_amount"},
			{Type: "uint256", Indexed: true, Name: "token_amount"},
		},
	},
	{0x60, 0x65, 0x6a, 0xaf, 0xa8, 0xd4, 0xc0, 0xa7, 0x05, 0xae, 0xb1, 0x48, 0xb1, 0x67, 0xd7, 0xdb, 0x92, 0x1d, 0x08, 0x85, 0x2c, 0xd2, 0x26, 0x1b, 0x27, 0x0d, 0x5c, 0x7a, 0x2e, 0x65, 0x5f, 0x83}: {
		Name: "SwapAndCall",
		Inputs: []ParamDef{
			{Type: "address", Indexed: true, Name: "referrer"},
			{Type: "address", Indexed: true, Name: "initiator"},
			{Type: "address", Indexed: true, Name: "from"},
			{Type: "bytes32", Indexed: false, Name: "transferId"},
			{Type: "address", Indexed: false, Name: "originToken"},
			{Type: "address", Indexed: false, Name: "swapToken"},
			{Type: "uint256", Indexed: false, Name: "originAmount"},
			{Type: "uint256", Indexed: false, Name: "swapAmount"},
			{Type: "address", Indexed: false, Name: "receiver"},
			{Type: "address", Indexed: false, Name: "target"},
			{Type: "uint256", Indexed: false, Name: "callAmount"},
		},
	},
	{0x60, 0x87, 0xc7, 0x0a, 0xb6, 0xce, 0x25, 0xaa, 0x33, 0xf4, 0x1b, 0x87, 0xd6, 0x7c, 0xd2, 0xdd, 0xa1, 0x2f, 0x8d, 0xda, 0x0b, 0xb1, 0x59, 0x97, 0xad, 0x38, 0x98, 0x87, 0xbf, 0xb8, 0x06, 0xae}: {
		Name: "InterestDistributed",
		Inputs: []ParamDef{
			{Type: "uint256", Indexed: false, Name: "amount"},
			{Type: "uint256", Indexed: false, Name: "newGrowthFactor"},
			{Type: "uint256", Indexed: false, Name: "newTotalSupply"},
		},
	},
	{0x61, 0xa4, 0xff, 0x3b, 0xb8, 0xbb, 0xf8, 0x61, 0xe1, 0xaa, 0x28, 0xd5, 0x74, 0xe4, 0xb8, 0x89, 0x59, 0x51, 0x0a, 0xc2, 0xae, 0x1b, 0x84, 0x55, 0x21, 0xbb, 0x8c, 0x13, 0xc3, 0x3d, 0x56, 0x6b}: {
		Name: "OnchainSwap",
		Inputs: []ParamDef{
			{Type: "address", Indexed: false, Name: "token"},
			{Type: "uint256", Indexed: false, Name: "amount"},
			{Type: "uint256", Indexed: false, Name: "fee"},
		},
	},
	{0x61, 0xe6, 0xe6, 0x6b, 0x0d, 0x63, 0x39, 0xb2, 0x98, 0x0a, 0xec, 0xc6, 0xcc, 0xc0, 0x03, 0x97, 0x36, 0x79, 0x1f, 0x0c, 0xcd, 0xe9, 0xed, 0x51, 0x2e, 0x78, 0x9a, 0x7f, 0xbd, 0xd6, 0x98, 0xc6}: {
		Name: "DestroyedBlackFunds",
		Inputs: []ParamDef{
			{Type: "address", Indexed: true, Name: "_blackListedUser"},
			{Type: "uint256", Indexed: false, Name: "_balance"},
		},
	},
	{0x61, 0xed, 0x09, 0x9e, 0x74, 0xa9, 0x7a, 0x1d, 0x7f, 0x8b, 0xb0, 0x95, 0x2a, 0x88, 0xca, 0x8b, 0x7b, 0x8e, 0xbd, 0x00, 0xc1, 0x26, 0xea, 0x04, 0x67, 0x1f, 0x92, 0xa8, 0x12, 0x13, 0x31, 0x8a}: {
		Name: "ExecutorFeePaid",
		Inputs: []ParamDef{
			{Type: "address", Indexed: false, Name: "executor"},
			{Type: "uint256", Indexed: false, Name: "fee"},
		},
	},
	{0x62, 0xe7, 0x8c, 0xea, 0x01, 0xbe, 0xe3, 0x20, 0xcd, 0x4e, 0x42, 0x02, 0x70, 0xb5, 0xea, 0x74, 0x00, 0x0d, 0x11, 0xb0, 0xc9, 0xf7, 0x47, 0x54, 0xeb, 0xdb, 0xfc, 0x54, 0x4b, 0x05, 0xa2, 0x58}: {
		Name: "Paused",
		Inputs: []ParamDef{
			{Type: "address", Indexed: false, Name: "account"},
		},
	},
	{0x63, 0x81, 0xd9, 0x81, 0x3c, 0xab, 0xeb, 0x57, 0x47, 0x1b, 0x5a, 0x7e, 0x05, 0x07, 0x8e, 0x64, 0x84, 0x5c, 0xcd, 0xb5, 0x63, 0x14, 0x6a, 0x69, 0x11, 0xd5, 0x36, 0xf2, 0x4c, 0xe9, 0x60, 0xf1}: {
		Name: "Unlock",
		Inputs: []ParamDef{
			{Type: "address", Indexed: true, Name: "holder"},
			{Type: "uint256", Indexed: false, Name: "value"},
		},
	},
	{0x64, 0x48, 0x43, 0xf3, 0x51, 0xd3, 0xfb, 0xa4, 0xab, 0xcd, 0x60, 0x10, 0x9e, 0xaf, 0xf9, 0xf5, 0x4b, 0xac, 0x8f, 0xb8, 0xcc, 0xf0, 0xba, 0xb9, 0x41, 0x00, 0x9c, 0x21, 0xdf, 0x21, 0xcf, 0x31}: {
		Name: "LogNote",
		Inputs: []ParamDef{
			{Type: "bytes4", Indexed: true, Name: "sig"},
			{Type: "address", Indexed: true, Name: "guy"},
			{Type: "bytes32", Indexed: true, Name: "foo"},
			{Type: "bytes32", Indexed: true, Name: "bar"},
			{Type: "uint256", Indexed: false, Name: "sad"},
			{Type: "bytes", Indexed: false, Name: "fax"},
		},
	},
	{0x65, 0x52, 0x1a, 0x0d, 0xb6, 0x01, 0x69, 0x02, 0x3e, 0xf4, 0x71, 0x8a, 0x72, 0xc0, 0xd1, 0x37, 0x75, 0xb2, 0x98, 0xd1, 0x69, 0x68, 0x75, 0x8a, 0x68, 0x5e, 0x03, 0x4d, 0x2c, 0xa1, 0xc8, 0x75}: {
		Name:   "BurningEnabled",
		Inputs: []ParamDef{},
	},
	{0x65, 0xe0, 0xc7, 0x18, 0x2c, 0xe8, 0x4c, 0xd9, 0x08, 0x7c, 0x1b, 0x07, 0xdc, 0x4b, 0x65, 0x87, 0x55, 0x78, 0x87, 0x7b, 0x88, 0x58, 0x48, 0xe4, 0xbe, 0x19, 0xee, 0x31, 0x2f, 0x2c, 0x3d, 0x31}: {
		Name: "DisputeResolved",
		Inputs: []ParamDef{
			{Type: "bytes32", Indexed: true, Name: "tradeHash"},
		},
	},
	{0x67, 0x19, 0xd0, 0x8c, 0x18, 0x88, 0x10, 0x3b, 0xea, 0x25, 0x1a, 0x4e, 0xd5, 0x64, 0x06, 0xbd, 0x0c, 0x3e, 0x69, 0x72, 0x3c, 0x8a, 0x16, 0x86, 0xe0, 0x17, 0xe7, 0xbb, 0xe1, 0x59, 0xb6, 0xf8}: {
		Name: "PauserAdded",
		Inputs: []ParamDef{
			{Type: "address", Indexed: true, Name: "account"},
		},
	},
	{0x67, 0x45, 0x4e, 0x6c, 0x46, 0x43, 0xd9, 0x17, 0xae, 0x09, 0xa8, 0x7b, 0xbd, 0x74, 0x80, 0x13, 0x09, 0xcd, 0xc5, 0xb5, 0x32, 0x02, 0xe4, 0x8e, 0x6f, 0xe8, 0x34, 0x37, 0x79, 0x32, 0xef, 0xf1}: {
		Name: "PoolStatusChanged",
		Inputs: []ParamDef{
			{Type: "bool", Indexed: false, Name: "newStatus"},
		},
	},
	{0x67, 0xb4, 0xfa, 0x96, 0x42, 0xf4, 0x21, 0x20, 0xbf, 0x03, 0x1f, 0x30, 0x51, 0xd1, 0x82, 0x4b, 0x0f, 0xe2, 0x56, 0x27, 0x94, 0x5b, 0x27, 0xb8, 0xa6, 0xa6, 0x5d, 0x57, 0x61, 0xd5, 0x48, 0x2e}: {
		Name: "UserOperationPrefundTooLow",
		Inputs: []ParamDef{
			{Type: "bytes32", Indexed: true, Name: "userOpHash"},
			{Type: "address", Indexed: true, Name: "sender"},
			{Type: "uint256", Indexed: false, Name: "nonce"},
		},
	},
	{0x68, 0x2e, 0x21, 0xe9, 0x9f, 0xd8, 0x2f, 0xc8, 0xaf, 0x28, 0xb6, 0x84, 0xe4, 0xd2, 0xda, 0x3d, 0xc9, 0xe9, 0x3c, 0x80, 0xbe, 0x9d, 0x06, 0xe3, 0x26, 0xb9, 0xd1, 0x7b, 0x4c, 0x58, 0x54, 0x83}: {
		Name: "HoldResolved",
		Inputs: []ParamDef{
			{Type: "uint256", Indexed: true, Name: "holdId"},
			{Type: "uint256", Indexed: false, Name: "amountInSmallestUnit"},
		},
	},
	{0x68, 0x3d, 0x0f, 0x47, 0xc7, 0xfa, 0x11, 0x33, 0x1f, 0x4e, 0x95, 0x63, 0xb3, 0xf5, 0xa7, 0xfd, 0xc3, 0xd3, 0xc5, 0xb7, 0x5c, 0x60, 0x03, 0x57, 0xa9, 0x1d, 0x99, 0x1f, 0x5a, 0x13, 0xa4, 0x37}: {
		Name: "StartAuction",
		Inputs: []ParamDef{
			{Type: "uint256", Indexed: true, Name: "validatorId"},
			{Type: "uint256", Indexed: true, Name: "amount"},
			{Type: "uint256", Indexed: true, Name: "auctionAmount"},
		},
	},
	{0x68, 0x79, 0xe1, 0xcb, 0x6f, 0x97, 0x81, 0x3c, 0x84, 0xfa, 0x88, 0xdd, 0x59, 0x33, 0x78, 0x49, 0xb0, 0xd9, 0x0f, 0xd5, 0x2b, 0x0b, 0x5b, 0xd1, 0xb6, 0x6a, 0xe2, 0xe0, 0xff, 0xf9, 0xe4, 0xa3}: {
		Name: "Register",
		Inputs: []ParamDef{
			{Type: "address", Indexed: true, Name: "sender"},
			{Type: "address", Indexed: false, Name: "sponsor"},
			{Type: "address", Indexed: false, Name: "upline"},
			{Type: "uint256", Indexed: false, Name: "timeStamp"},
		},
	},
	{0x68, 0xc1, 0x3e, 0x41, 0x25, 0xb9, 0x83, 0xd7, 0xe2, 0xd6, 0x11, 0x42, 0x46, 0xf4, 0x43, 0xe5, 0x67, 0xec, 0x6c, 0x4e, 0xe5, 0xb4, 0xd4, 0xa7, 0xef, 0x61, 0x00, 0xb1, 0x40, 0x2b, 0xfd, 0x84}: {
		Name: "Staked",
		Inputs: []ParamDef{
			{Type: "address", Indexed: true, Name: "signer"},
			{Type: "uint256", Indexed: true, Name: "validatorId"},
			{Type: "uint256", Indexed: false, Name: "nonce"},
			{Type: "uint256", Indexed: true, Name: "activationEpoch"},
			{Type: "uint256", Indexed: false, Name: "amount"},
			{Type: "uint256", Indexed: false, Name: "total"},
			{Type: "bytes", Indexed: false, Name: "signerPubkey"},
		},
	},
	{0x69, 0x6d, 0xe4, 0x25, 0xf7, 0x9f, 0x4a, 0x40, 0xbc, 0x6d, 0x21, 0x22, 0xca, 0x50, 0x50, 0x7f, 0x0e, 0xfb, 0xea, 0xbb, 0xff, 0x86, 0xa8, 0x48, 0x71, 0xb7, 0x19, 0x6a, 0xb8, 0xea, 0x8d, 0xf7}: {
		Name: "Burned",
		Inputs: []ParamDef{
			{Type: "address", Indexed: true, Name: "from"},
			{Type: "uint256", Indexed: false, Name: "amount"},
		},
	},
	{0x69, 0x85, 0xa0, 0x22, 0x10, 0xa1, 0x68, 0xe6, 0x66, 0x02, 0xd3, 0x23, 0x5c, 0xb6, 0xdb, 0x0e, 0x70, 0xf9, 0x2b, 0x3b, 0xa4, 0xd3, 0x76, 0xa3, 0x3c, 0x0f, 0x3d, 0x94, 0x34, 0xbf, 0xf6, 0x25}: {
		Name:   "Pause",
		Inputs: []ParamDef{},
	},
	{0x69, 0xb2, 0x88, 0xbb, 0x79, 0xcd, 0x53, 0x86, 0xc9, 0xfe, 0x0a, 0xf0, 0x60, 0xf6, 0x50, 0xe8, 0x23, 0xbc, 0xdf, 0xa9, 0x6a, 0x44, 0xcd, 0xc0, 0x7f, 0x86, 0x2d, 0xb0, 0x60, 0xf5, 0x71, 0x20}: {
		Name: "UnstakeInit",
		Inputs: []ParamDef{
			{Type: "address", Indexed: true, Name: "user"},
			{Type: "uint256", Indexed: true, Name: "validatorId"},
			{Type: "uint256", Indexed: false, Name: "nonce"},
			{Type: "uint256", Indexed: false, Name: "deactivationEpoch"},
			{Type: "uint256", Indexed: true, Name: "amount"},
		},
	},
	{0x6a, 0xe1, 0x72, 0x83, 0x7e, 0xa3, 0x0b, 0x80, 0x1f, 0xbf, 0xcd, 0xd4, 0x10, 0x8a, 0xa1, 0xd5, 0xbf, 0x8f, 0xf7, 0x75, 0x44, 0x4f, 0xd7, 0x02, 0x56, 0xb4, 0x4e, 0x6b, 0xf3, 0xdf, 0xc3, 0xf6}: {
		Name: "MinterAdded",
		Inputs: []ParamDef{
			{Type: "address", Indexed: true, Name: "account"},
		},
	},
	{0x6b, 0x05, 0xe4, 0x71, 0x0a, 0x05, 0xe4, 0x11, 0x40, 0xc8, 0x58, 0x9b, 0xc8, 0x11, 0x3d, 0x9a, 0x35, 0x7a, 0x22, 0x02, 0xe2, 0x33, 0xf6, 0xc5, 0x99, 0xbc, 0x07, 0x97, 0x1c, 0xc1, 0xb9, 0xc4}: {
		Name: "NewReserveAdmin",
		Inputs: []ParamDef{
			{Type: "address", Indexed: false, Name: "oldAdmin"},
			{Type: "address", Indexed: false, Name: "newAdmin"},
		},
	},
	{0x6b, 0x37, 0x4d, 0x56, 0x67, 0x9c, 0xa9, 0x46, 0x3f, 0x27, 0xc8, 0x5c, 0x63, 0x11, 0xe2, 0xbb, 0x7f, 0xde, 0x69, 0xbf, 0x20, 0x1d, 0x3d, 0xa3, 0x9d, 0x53, 0xf1, 0x0b, 0xd9, 0xd7, 0x8a, 0xf5}: {
		Name: "LibraryRegistered",
		Inputs: []ParamDef{
			{Type: "address", Indexed: false, Name: "newLib"},
		},
	},
	{0x6b, 0x4b, 0xe2, 0xdd, 0x49, 0xeb, 0xa4, 0x5b, 0xa4, 0x33, 0x90, 0xfb, 0xe7, 0xda, 0x13, 0xe2, 0xb9, 0x65, 0xd2, 0x55, 0xdb, 0x41, 0xd6, 0xa0, 0xfc, 0xf6, 0xd2, 0xe1, 0x5a, 0xc1, 0xfc, 0xcb}: {
		Name: "RemoveOperator",
		Inputs: []ParamDef{
			{Type: "address", Indexed: false, Name: "account"},
		},
	},
	{0x6b, 0x9b, 0xdc, 0x7f, 0x62, 0xff, 0x15, 0xbf, 0x46, 0x4d, 0x61, 0x9d, 0x00, 0x63, 0xd7, 0x0a, 0x4e, 0x1c, 0x8d, 0xd6, 0x58, 0x4d, 0xdb, 0xdb, 0xf8, 0x44, 0x64, 0x96, 0xae, 0xd1, 0x58, 0x7b}: {
		Name: "UsdtGathered",
		Inputs: []ParamDef{
			{Type: "address", Indexed: true, Name: "from"},
			{Type: "uint256", Indexed: false, Name: "amount"},
		},
	},
	{0x6c, 0x3a, 0x45, 0x61, 0x30, 0x39, 0xe0, 0xa1, 0x11, 0x7b, 0xd6, 0xce, 0x11, 0x0a, 0xb3, 0xc9, 0x20, 0x27, 0x17, 0x09, 0xc0, 0x10, 0x98, 0x3d, 0x92, 0x1a, 0x2c, 0xd2, 0x68, 0xe2, 0xea, 0x47}: {
		Name: "Withdrawal",
		Inputs: []ParamDef{
			{Type: "bytes32", Indexed: true, Name: "uid"},
			{Type: "address", Indexed: true, Name: "toAddr"},
			{Type: "address", Indexed: true, Name: "toCurrency"},
			{Type: "uint256", Indexed: false, Name: "amount"},
		},
	},
	{0x6c, 0x77, 0x39, 0x73, 0xd5, 0xbc, 0xf2, 0x64, 0xb5, 0x09, 0xf4, 0x19, 0x4c, 0xeb, 0x99, 0xe8, 0x91, 0x25, 0x1f, 0x6a, 0xab, 0xb3, 0x25, 0x52, 0x3a, 0x86, 0x3c, 0x28, 0x29, 0x58, 0xb1, 0x3e}: {
		Name: "NewPendingAnchorAdmin",
		Inputs: []ParamDef{
			{Type: "address", Indexed: false, Name: "oldPendingAnchorAdmin"},
			{Type: "address", Indexed: false, Name: "newPendingAnchorAdmin"},
		},
	},
	{0x6c, 0x7e, 0xb2, 0x74, 0x3e, 0xc2, 0x84, 0x89, 0x90, 0x97, 0x06, 0xea, 0x44, 0x0d, 0x90, 0x91, 0x29, 0x00, 0x49, 0x96, 0xbe, 0x65, 0x7d, 0x36, 0xc6, 0xe9, 0xad, 0xd7, 0x78, 0x54, 0x6a, 0xbf}: {
		Name: "Vote",
		Inputs: []ParamDef{
			{Type: "address", Indexed: true, Name: "voter"},
			{Type: "uint256", Indexed: true, Name: "proposalId"},
			{Type: "uint256", Indexed: true, Name: "option"},
			{Type: "uint256", Indexed: false, Name: "value"},
		},
	},
	{0x6c, 0xb1, 0x8e, 0x08, 0x7c, 0xd0, 0xc3, 0xf1, 0xc3, 0x71, 0x5e, 0xd4, 0x92, 0x80, 0x75, 0x4c, 0x8f, 0xef, 0x61, 0xed, 0x8d, 0xed, 0x77, 0xde, 0xc4, 0xda, 0x44, 0x0b, 0x7f, 0x15, 0xa2, 0xc3}: {
		Name: "Cross",
		Inputs: []ParamDef{
			{Type: "address", Indexed: true, Name: "account"},
			{Type: "address", Indexed: true, Name: "token"},
			{Type: "address", Indexed: false, Name: "to"},
			{Type: "uint256", Indexed: false, Name: "chainId"},
			{Type: "uint256", Indexed: false, Name: "amount"},
			{Type: "uint256", Indexed: false, Name: "crossAmount"},
			{Type: "uint256", Indexed: false, Name: "fee"},
		},
	},
	{0x6c, 0xc6, 0x4d, 0x4f, 0x5e, 0xce, 0x15, 0x2e, 0xbf, 0x77, 0xa7, 0xb2, 0xee, 0x4b, 0x04, 0x1d, 0x7d, 0x7f, 0xda, 0xe7, 0x26, 0xc3, 0x54, 0x61, 0x1f, 0xb3, 0x7f, 0xd9, 0x0e, 0xfe, 0xb8, 0xd0}: {
		Name: "AdminWithdrew",
		Inputs: []ParamDef{
			{Type: "address", Indexed: true, Name: "token"},
			{Type: "address", Indexed: true, Name: "to"},
			{Type: "uint256", Indexed: false, Name: "amount"},
		},
	},
	{0x6d, 0x06, 0xbd, 0x96, 0x08, 0xf5, 0xb8, 0xed, 0x11, 0xd5, 0xb8, 0x5f, 0x0a, 0x39, 0x9d, 0xfa, 0x4c, 0x8a, 0xac, 0xde, 0x22, 0x0b, 0x8f, 0x9e, 0x4d, 0x76, 0x18, 0xa3, 0x13, 0x84, 0x89, 0x5a}: {
		Name:   "GlobalUnfreeze",
		Inputs: []ParamDef{},
	},
	{0x6d, 0x1c, 0x76, 0xd6, 0x14, 0x22, 0x8b, 0x52, 0x3b, 0xaa, 0x4d, 0xcd, 0x95, 0x39, 0xe2, 0xc7, 0x13, 0xb5, 0x4f, 0xf4, 0xab, 0x3f, 0xf2, 0xd1, 0x62, 0x7e, 0x7f, 0x6c, 0xd3, 0x2b, 0xe4, 0x42}: {
		Name: "RewardsDistributed",
		Inputs: []ParamDef{
			{Type: "uint256", Indexed: false, Name: "totalRewards"},
		},
	},
	{0x6d, 0xe5, 0x47, 0xf9, 0xe1, 0x5a, 0xa8, 0xeb, 0x4e, 0x18, 0x64, 0x26, 0x34, 0x5d, 0x83, 0xce, 0x98, 0x2c, 0x2e, 0x4a, 0x1f, 0x81, 0x17, 0x61, 0xda, 0x74, 0xff, 0x56, 0xa2, 0xa2, 0x37, 0x31}: {
		Name: "ManualMint",
		Inputs: []ParamDef{
			{Type: "address", Indexed: true, Name: "by"},
			{Type: "address", Indexed: true, Name: "to"},
			{Type: "uint256", Indexed: false, Name: "value"},
		},
	},
	{0x6e, 0x7c, 0xe9, 0xc0, 0x77, 0xe2, 0x17, 0x5a, 0x8c, 0x10, 0xba, 0xbc, 0xe1, 0x5b, 0x06, 0xc3, 0xcf, 0xef, 0xcd, 0x1d, 0xf9, 0x4c, 0xa7, 0xc8, 0xd3, 0xa8, 0x97, 0xdf, 0xc9, 0x8f, 0x26, 0xbd}: {
		Name: "BeneficiaryUpdate",
		Inputs: []ParamDef{
			{Type: "address", Indexed: true, Name: "addr"},
			{Type: "address", Indexed: true, Name: "beneficiary"},
		},
	},
	{0x6e, 0x86, 0xbf, 0x8b, 0x31, 0x60, 0x88, 0x79, 0x12, 0xef, 0xd8, 0x62, 0xa2, 0x1a, 0xe9, 0x94, 0xc4, 0xaf, 0xbd, 0xaa, 0x64, 0x11, 0xd7, 0xde, 0xb0, 0x1b, 0x36, 0x63, 0x63, 0xb0, 0xa4, 0x8d}: {
		Name: "AddPool",
		Inputs: []ParamDef{
			{Type: "address", Indexed: true, Name: "owner"},
			{Type: "address", Indexed: true, Name: "pool"},
			{Type: "address[]", Indexed: false, Name: "tokens"},
		},
	},
	{0x6e, 0xe1, 0x0e, 0x9e, 0xd4, 0xd6, 0xce, 0x97, 0x42, 0x70, 0x3a, 0x49, 0x87, 0x07, 0x86, 0x2f, 0x4b, 0x00, 0xf1, 0x39, 0x6a, 0x87, 0x19, 0x5e, 0xb9, 0x32, 0x67, 0xb3, 0xd7, 0x98, 0x39, 0x81}: {
		Name: "DelegateSet",
		Inputs: []ParamDef{
			{Type: "address", Indexed: false, Name: "sender"},
			{Type: "address", Indexed: false, Name: "delegate"},
		},
	},
	{0x6e, 0xec, 0x2d, 0xd2, 0x38, 0x24, 0x27, 0x61, 0x6d, 0x4e, 0xa7, 0xef, 0x18, 0x3b, 0x16, 0x09, 0x1f, 0xea, 0xc4, 0xe2, 0xe6, 0x3c, 0x8b, 0x55, 0xf2, 0x52, 0x15, 0xf1, 0x32, 0xdf, 0x8d, 0x14}: {
		Name: "Released",
		Inputs: []ParamDef{
			{Type: "bytes32", Indexed: true, Name: "tradeHash"},
		},
	},
	{0x6f, 0xad, 0xbf, 0x73, 0x29, 0xd2, 0x1f, 0x27, 0x8e, 0x72, 0x4f, 0xa0, 0xd4, 0x51, 0x10, 0x01, 0xa1, 0x58, 0xf2, 0xa9, 0x7e, 0xe3, 0x5c, 0x5b, 0xc4, 0xcf, 0x8b, 0x64, 0x41, 0x73, 0x99, 0xef}: {
		Name: "RepayBorrow",
		Inputs: []ParamDef{
			{Type: "address", Indexed: false, Name: "payer"},
			{Type: "address", Indexed: false, Name: "borrower"},
			{Type: "uint256", Indexed: false, Name: "repayAmount"},
			{Type: "uint256", Indexed: false, Name: "accountBorrows"},
			{Type: "uint256", Indexed: false, Name: "totalBorrows"},
			{Type: "uint256", Indexed: false, Name: "borrowIndex"},
		},
	},
	{0x6f, 0xdf, 0x5a, 0x55, 0x9a, 0xca, 0x44, 0x2d, 0x78, 0xe8, 0xb8, 0x4a, 0x7c, 0xbe, 0x5c, 0x21, 0xc9, 0x1c, 0x9a, 0x30, 0x51, 0x49, 0xd9, 0x0e, 0xd6, 0xae, 0x43, 0xc1, 0xa7, 0xe8, 0xf8, 0xc3}: {
		Name: "IncreaseBalance",
		Inputs: []ParamDef{
			{Type: "address", Indexed: false, Name: "sender"},
			{Type: "uint256", Indexed: false, Name: "amount"},
		},
	},
	{0x6f, 0xfc, 0x0f, 0xab, 0xf0, 0x70, 0x92, 0x70, 0xe4, 0x20, 0x87, 0xe8, 0x4a, 0x3b, 0xfc, 0x36, 0x04, 0x1d, 0x3b, 0x28, 0x12, 0x66, 0xd0, 0x4a, 0xe1, 0x96, 0x21, 0x85, 0x09, 0x2f, 0xb2, 0x44}: {
		Name: "Kiss",
		Inputs: []ParamDef{
			{Type: "address", Indexed: false, Name: "a"},
		},
	},
	{0x70, 0x2d, 0x59, 0x67, 0xf4, 0x5f, 0x65, 0x13, 0xa3, 0x8f, 0xfc, 0x42, 0xd6, 0xba, 0x9b, 0xf2, 0x30, 0xbd, 0x40, 0xe8, 0xf5, 0x3b, 0x16, 0x36, 0x3c, 0x7e, 0xb4, 0xfd, 0x2d, 0xeb, 0x9a, 0x44}: {
		Name: "Redeem",
		Inputs: []ParamDef{
			{Type: "uint256", Indexed: false, Name: "amount"},
		},
	},
	{0x70, 0x55, 0xe3, 0xd0, 0x8e, 0x2c, 0x20, 0x42, 0x9c, 0x6b, 0x16, 0x2f, 0x3e, 0x3b, 0xee, 0x3f, 0x42, 0x6d, 0x59, 0x89, 0x6e, 0x66, 0x08, 0x4c, 0x35, 0x80, 0xdc, 0x35, 0x3e, 0x54, 0x12, 0x9d}: {
		Name: "TransitSwapped",
		Inputs: []ParamDef{
			{Type: "address", Indexed: true, Name: "srcToken"},
			{Type: "address", Indexed: true, Name: "dstToken"},
			{Type: "address", Indexed: true, Name: "dstReceiver"},
			{Type: "address", Indexed: false, Name: "trader"},
			{Type: "bool", Indexed: false, Name: "feeMode"},
			{Type: "uint256", Indexed: false, Name: "amount"},
			{Type: "uint256", Indexed: false, Name: "returnAmount"},
			{Type: "uint256", Indexed: false, Name: "minReturnAmount"},
			{Type: "uint256", Indexed: false, Name: "fee"},
			{Type: "uint256", Indexed: false, Name: "toChainID"},
			{Type: "string", Indexed: false, Name: "channel"},
			{Type: "uint256", Indexed: false, Name: "time"},
		},
	},
	{0x70, 0x6a, 0xbb, 0x59, 0xb8, 0xdb, 0x30, 0xe9, 0xe9, 0x2c, 0xb7, 0xe2, 0x72, 0xfb, 0xe6, 0x68, 0x27, 0x12, 0xec, 0x97, 0xe7, 0xb1, 0x17, 0xd7, 0xee, 0x33, 0x89, 0xb2, 0x4b, 0xb3, 0xde, 0x21}: {
		Name: "ReceiveFee",
		Inputs: []ParamDef{
			{Type: "uint256", Indexed: false, Name: "bridgeTransactionCost"},
			{Type: "uint256", Indexed: false, Name: "messageTransactionCost"},
		},
	},
	{0x70, 0x84, 0xf5, 0x47, 0x66, 0x18, 0xd8, 0xe6, 0x0b, 0x11, 0xef, 0x0d, 0x7d, 0x3f, 0x06, 0x91, 0x46, 0x55, 0xad, 0xb8, 0x79, 0x3e, 0x28, 0xff, 0x7f, 0x01, 0x8d, 0x4c, 0x76, 0xd5, 0x05, 0xd5}: {
		Name: "Withdrawn",
		Inputs: []ParamDef{
			{Type: "address", Indexed: true, Name: "user"},
			{Type: "uint256", Indexed: false, Name: "amount"},
		},
	},
	{0x70, 0x97, 0xa9, 0x24, 0x01, 0xcb, 0x3c, 0xed, 0xe2, 0x5c, 0x9b, 0x17, 0x51, 0x6e, 0x7a, 0xc0, 0x39, 0xf9, 0xb0, 0x2a, 0xc2, 0x7d, 0x72, 0xe2, 0x69, 0xb2, 0xaa, 0xd1, 0x6a, 0x4c, 0xa8, 0xf5}: {
		Name: "SwapRescueFunds",
		Inputs: []ParamDef{
			{Type: "bytes32", Indexed: true, Name: "orderId"},
			{Type: "address", Indexed: true, Name: "token"},
			{Type: "address", Indexed: true, Name: "receiver"},
			{Type: "uint256", Indexed: false, Name: "amount"},
			{Type: "uint256", Indexed: false, Name: "fromChain"},
			{Type: "uint256", Indexed: false, Name: "toChain"},
			{Type: "bytes", Indexed: false, Name: "from"},
		},
	},
	{0x70, 0x9a, 0x5b, 0x29, 0x49, 0x16, 0x96, 0xd0, 0x85, 0xfa, 0x15, 0x10, 0x16, 0xfb, 0x24, 0x3e, 0xa3, 0xcf, 0x97, 0x7d, 0x38, 0x5d, 0x72, 0x20, 0x30, 0x2e, 0xc6, 0x63, 0xce, 0xb1, 0x5d, 0x28}: {
		Name: "onLiquidity",
		Inputs: []ParamDef{
			{Type: "address", Indexed: true, Name: "provider"},
			{Type: "uint256", Indexed: true, Name: "amount"},
		},
	},
	{0x70, 0xae, 0xa8, 0xd8, 0x48, 0xe8, 0xa9, 0x0f, 0xb7, 0x66, 0x1b, 0x22, 0x7d, 0xc5, 0x22, 0xeb, 0x63, 0x95, 0xc3, 0xda, 0xc7, 0x1b, 0x63, 0xcb, 0x59, 0xed, 0xd5, 0xc9, 0x89, 0x9b, 0x23, 0x64}: {
		Name: "NewOwner",
		Inputs: []ParamDef{
			{Type: "address", Indexed: false, Name: "oldOwner"},
			{Type: "address", Indexed: false, Name: "newOwner"},
		},
	},
	{0x71, 0x61, 0x40, 0x71, 0xb8, 0x8d, 0xee, 0x5e, 0x0b, 0x2a, 0xe5, 0x78, 0xa9, 0xdd, 0x7b, 0x2e, 0xbb, 0xe9, 0xae, 0x83, 0x2b, 0xa4, 0x19, 0xdc, 0x02, 0x42, 0xcd, 0x06, 0x5a, 0x29, 0x0b, 0x6c}: {
		Name: "NewAdmin",
		Inputs: []ParamDef{
			{Type: "address", Indexed: true, Name: "admin"},
		},
	},
	{0x72, 0x21, 0xf7, 0xa2, 0x70, 0x84, 0x37, 0x03, 0x9c, 0xc6, 0x33, 0x19, 0x14, 0x5b, 0x6b, 0x87, 0x3a, 0x40, 0x59, 0x4b, 0x97, 0x82, 0xa3, 0xbe, 0xe4, 0x5b, 0x97, 0x5e, 0x2f, 0x3b, 0x0f, 0x68}: {
		Name: "CappedPricePosted",
		Inputs: []ParamDef{
			{Type: "address", Indexed: false, Name: "asset"},
			{Type: "uint256", Indexed: false, Name: "requestedPriceMantissa"},
			{Type: "uint256", Indexed: false, Name: "anchorPriceMantissa"},
			{Type: "uint256", Indexed: false, Name: "cappedPriceMantissa"},
		},
	},
	{0x72, 0x33, 0x91, 0x25, 0x8f, 0x05, 0x14, 0x22, 0xe0, 0xbe, 0x75, 0xf0, 0xbb, 0xcc, 0x5c, 0x94, 0x94, 0x7b, 0x44, 0x0a, 0xe6, 0x16, 0x2c, 0x87, 0xb3, 0xef, 0xb5, 0xfe, 0xcd, 0xe3, 0x15, 0xe5}: {
		Name: "onTokenSell",
		Inputs: []ParamDef{
			{Type: "address", Indexed: true, Name: "customerAddress"},
			{Type: "uint256", Indexed: false, Name: "tokensBurned"},
			{Type: "uint256", Indexed: false, Name: "tronEarned"},
			{Type: "uint256", Indexed: false, Name: "timestamp"},
		},
	},
	{0x73, 0x1f, 0xaa, 0xe8, 0x42, 0xd4, 0x9c, 0xb2, 0xee, 0x04, 0xc8, 0x4a, 0x9c, 0x91, 0xea, 0x21, 0x40, 0xf9, 0x82, 0xa0, 0x21, 0xbf, 0xd4, 0xdc, 0x47, 0x8d, 0xf5, 0x4d, 0xae, 0x67, 0x02, 0xcc}: {
		Name: "UnfrozenBonds",
		Inputs: []ParamDef{
			{Type: "address", Indexed: false, Name: "from"},
			{Type: "uint256", Indexed: false, Name: "amount"},
		},
	},
	{0x73, 0xff, 0x08, 0x48, 0x6c, 0x51, 0xa3, 0x91, 0x8b, 0xc3, 0x70, 0xdf, 0xc2, 0x05, 0x72, 0x0f, 0x89, 0x83, 0xf7, 0xc8, 0xe9, 0xcf, 0xb2, 0x29, 0x1a, 0x44, 0x99, 0x2c, 0x9b, 0xd0, 0x5b, 0xb9}: {
		Name: "PoolTransferMember",
		Inputs: []ParamDef{
			{Type: "address", Indexed: false, Name: "admin"},
			{Type: "string", Indexed: false, Name: "memberId"},
			{Type: "uint256", Indexed: false, Name: "tokenBalance"},
			{Type: "uint256", Indexed: false, Name: "time"},
			{Type: "uint256", Indexed: false, Name: "halvingId"},
			{Type: "uint256", Indexed: false, Name: "_block"},
		},
	},
	{0x74, 0xda, 0x04, 0x52, 0x4d, 0x50, 0xc6, 0x49, 0x47, 0xf5, 0xdd, 0x53, 0x81, 0xef, 0x1a, 0x4d, 0xca, 0x5c, 0xba, 0x8e, 0xd1, 0xd8, 0x16, 0x24, 0x3f, 0x9e, 0x48, 0xaa, 0x0b, 0x56, 0x17, 0xed}: {
		Name: "OperatorTransferred",
		Inputs: []ParamDef{
			{Type: "address", Indexed: true, Name: "previousOperator"},
			{Type: "address", Indexed: true, Name: "newOperator"},
		},
	},
	{0x75, 0x74, 0xcd, 0x70, 0x61, 0xe0, 0xc6, 0x89, 0x07, 0xd8, 0x68, 0x6f, 0x01, 0x5f, 0x22, 0x65, 0xda, 0x4a, 0xce, 0x55, 0x42, 0x51, 0x1e, 0x6f, 0xde, 0x0a, 0x01, 0x43, 0xb0, 0x2f, 0x48, 0x02}: {
		Name: "SourceTokenAdded",
		Inputs: []ParamDef{
			{Type: "address", Indexed: true, Name: "token"},
			{Type: "address", Indexed: true, Name: "swapAdapter"},
		},
	},
	{0x75, 0x95, 0xde, 0x40, 0x54, 0xdc, 0xab, 0x05, 0xa3, 0x38, 0xb0, 0x85, 0x5b, 0xb2, 0xe6, 0x15, 0x5c, 0x81, 0x17, 0x2f, 0xc7, 0x6a, 0x0c, 0xdc, 0x03, 0x77, 0x24, 0xdf, 0x4d, 0x7e, 0x1c, 0x4f}: {
		Name: "Reinvested",
		Inputs: []ParamDef{
			{Type: "address", Indexed: false, Name: "_user"},
			{Type: "uint256", Indexed: false, Name: "_tokenIndex"},
			{Type: "uint256", Indexed: false, Name: "_value"},
		},
	},
	{0x75, 0xf5, 0x2e, 0x89, 0xb2, 0x75, 0xbd, 0xae, 0xd7, 0xce, 0xb1, 0x58, 0x6a, 0x0c, 0x5a, 0xc0, 0x50, 0x3a, 0x27, 0xa0, 0x9e, 0xa9, 0x2f, 0x74, 0xdd, 0x81, 0xdb, 0x37, 0xfa, 0x84, 0x02, 0x82}: {
		Name: "onContractBalance",
		Inputs: []ParamDef{
			{Type: "uint256", Indexed: false, Name: "balance"},
		},
	},
	{0x76, 0x3b, 0xc7, 0x4d, 0x22, 0x1c, 0x07, 0xca, 0xe0, 0xdb, 0x36, 0x7d, 0x5c, 0xca, 0x8b, 0x1a, 0x54, 0x9c, 0x72, 0xc5, 0x90, 0x54, 0x5b, 0xf2, 0x4d, 0xc8, 0x5e, 0xd6, 0x45, 0xfc, 0x95, 0x65}: {
		Name: "directPaidEv",
		Inputs: []ParamDef{
			{Type: "uint256", Indexed: false, Name: "from"},
			{Type: "uint256", Indexed: false, Name: "to"},
			{Type: "uint256", Indexed: false, Name: "amount"},
			{Type: "uint256", Indexed: false, Name: "level"},
			{Type: "uint256", Indexed: false, Name: "timeNow"},
		},
	},
	{0x76, 0xbf, 0x0a, 0x63, 0xda, 0xd9, 0x21, 0x6e, 0xcf, 0x94, 0xa5, 0xb1, 0xfd, 0xef, 0xa2, 0xc4, 0x4e, 0xd7, 0xc8, 0x09, 0xfe, 0x00, 0x28, 0xc4, 0xc2, 0xce, 0x06, 0x4b, 0x15, 0x1c, 0x90, 0x3f}: {
		Name: "NativeBurn",
		Inputs: []ParamDef{
			{Type: "address", Indexed: true, Name: "caller"},
			{Type: "address", Indexed: true, Name: "from"},
			{Type: "uint256", Indexed: false, Name: "amount"},
		},
	},
	{0x77, 0x0c, 0x7c, 0x7d, 0x8e, 0x20, 0x34, 0x7e, 0x50, 0x80, 0xe2, 0xac, 0x70, 0xe8, 0x51, 0x97, 0x93, 0xbe, 0xda, 0xff, 0x62, 0x1f, 0x04, 0x43, 0x96, 0xfd, 0x8d, 0x6d, 0x05, 0x2c, 0x4a, 0xa8}: {
		Name: "DelegatorUnstaked",
		Inputs: []ParamDef{
			{Type: "uint256", Indexed: true, Name: "validatorId"},
			{Type: "address", Indexed: true, Name: "user"},
			{Type: "uint256", Indexed: false, Name: "amount"},
		},
	},
	{0x77, 0x24, 0x39, 0x48, 0x74, 0xfd, 0xd8, 0xad, 0x13, 0x29, 0x2e, 0xc7, 0x39, 0xb4, 0x41, 0xf8, 0x5c, 0x65, 0x59, 0xf1, 0x0d, 0xc4, 0x14, 0x1b, 0x8d, 0x4c, 0x0f, 0xa4, 0xcb, 0xf5, 0x5b, 0xdb}: {
		Name: "SwapOrderId",
		Inputs: []ParamDef{
			{Type: "uint256", Indexed: false, Name: "id"},
		},
	},
	{0x77, 0x84, 0xf8, 0xd4, 0x36, 0xdc, 0x51, 0x4f, 0x06, 0x90, 0xe4, 0x72, 0xc7, 0xe2, 0xd7, 0xf6, 0x60, 0xa7, 0x3e, 0x50, 0x4c, 0x69, 0xb2, 0x35, 0x0f, 0x6b, 0xe5, 0xa5, 0xf0, 0x24, 0x32, 0xef}: {
		Name: "Receipt",
		Inputs: []ParamDef{
			{Type: "address", Indexed: false, Name: "from"},
			{Type: "uint256", Indexed: false, Name: "amount"},
		},
	},
	{0x77, 0xa3, 0x72, 0x4e, 0x27, 0x94, 0x47, 0x0b, 0x5f, 0xc5, 0xf7, 0x93, 0xa7, 0xd7, 0xb8, 0x48, 0xa0, 0x7d, 0xde, 0xe6, 0x89, 0x25, 0xde, 0x5d, 0x87, 0x93, 0x92, 0x37, 0x93, 0xf3, 0x1f, 0x1f}: {
		Name: "MigrateMint",
		Inputs: []ParamDef{
			{Type: "address", Indexed: true, Name: "by"},
			{Type: "address", Indexed: true, Name: "to"},
			{Type: "uint256", Indexed: false, Name: "value"},
		},
	},
	{0x77, 0xdc, 0x8c, 0x64, 0xdf, 0x70, 0x5e, 0x1c, 0xad, 0xda, 0x34, 0x6c, 0x39, 0x2c, 0x90, 0x78, 0x93, 0xd3, 0x51, 0x3b, 0xc4, 0xcf, 0x95, 0x86, 0x5b, 0x2c, 0xa9, 0x0b, 0x79, 0x3a, 0x78, 0xde}: {
		Name: "LpAdminSet",
		Inputs: []ParamDef{
			{Type: "address", Indexed: false, Name: "lpAdmin"},
		},
	},
	{0x77, 0xf6, 0x77, 0x78, 0xe9, 0x52, 0x9a, 0x2f, 0xd2, 0x14, 0x7f, 0xfb, 0x2b, 0x10, 0xca, 0x2e, 0x0d, 0x1e, 0xfd, 0x8c, 0xb9, 0x25, 0xe1, 0xf1, 0xd5, 0x70, 0x2e, 0x39, 0xc5, 0xfa, 0x8d, 0xa6}: {
		Name: "RescueETH",
		Inputs: []ParamDef{
			{Type: "address", Indexed: true, Name: "recipient"},
			{Type: "uint256", Indexed: false, Name: "amount"},
		},
	},
	{0x78, 0x05, 0x86, 0x2f, 0x68, 0x9e, 0x2f, 0x13, 0xdf, 0x9f, 0x06, 0x2f, 0xf4, 0x82, 0xad, 0x3a, 0xd1, 0x12, 0xac, 0xa9, 0xe0, 0x84, 0x79, 0x11, 0xed, 0x83, 0x2e, 0x15, 0x8c, 0x52, 0x5b, 0x33}: {
		Name:   "Unpause",
		Inputs: []ParamDef{},
	},
	{0x78, 0x85, 0xe5, 0x93, 0x11, 0x42, 0x39, 0x96, 0xb2, 0xa5, 0x01, 0xe1, 0x6a, 0x86, 0x45, 0x55, 0x9c, 0xaa, 0x4a, 0xcd, 0x45, 0x5f, 0x87, 0x8b, 0xa1, 0x21, 0xa5, 0xc8, 0x05, 0xd7, 0x1e, 0xe9}: {
		Name: "FeeDistribution",
		Inputs: []ParamDef{
			{Type: "address", Indexed: true, Name: "account"},
			{Type: "uint256", Indexed: false, Name: "totalFee"},
			{Type: "uint256", Indexed: false, Name: "rewardAmount"},
			{Type: "uint256", Indexed: false, Name: "marketAmount"},
		},
	},
	{0x78, 0x93, 0x6d, 0xa3, 0x37, 0x2e, 0x2b, 0x68, 0x12, 0xbb, 0xf0, 0x22, 0xcf, 0xa0, 0xf5, 0xca, 0xd2, 0xd6, 0x30, 0x53, 0x0b, 0xb7, 0xf9, 0x0d, 0x08, 0x26, 0x04, 0x2c, 0x9f, 0xc8, 0x89, 0x00}: {
		Name: "RequestExecuted",
		Inputs: []ParamDef{
			{Type: "uint256", Indexed: true, Name: "id"},
			{Type: "uint8", Indexed: false, Name: "_type"},
			{Type: "uint256", Indexed: false, Name: "value"},
		},
	},
	{0x78, 0xaf, 0x32, 0xef, 0xdc, 0xad, 0x43, 0x23, 0x15, 0x43, 0x1e, 0x9b, 0x03, 0xd2, 0x7e, 0x6c, 0xd9, 0x8f, 0xb7, 0x9c, 0x40, 0x5f, 0xdc, 0x5a, 0xf7, 0xc1, 0x71, 0x4d, 0x9c, 0x0f, 0x75, 0xb3}: {
		Name: "PayeeshipTransferred",
		Inputs: []ParamDef{
			{Type: "address", Indexed: true, Name: "transmitter"},
			{Type: "address", Indexed: true, Name: "previous"},
			{Type: "address", Indexed: true, Name: "current"},
		},
	},
	{0x79, 0x0a, 0xcb, 0x62, 0x90, 0xb2, 0xfb, 0x49, 0xa7, 0x32, 0xc8, 0xad, 0xa3, 0xf4, 0x37, 0x76, 0x31, 0x01, 0x09, 0x5e, 0x68, 0xa6, 0x23, 0x13, 0x00, 0x4a, 0x9f, 0x4b, 0x82, 0xad, 0x63, 0x4d}: {
		Name: "BindReferer",
		Inputs: []ParamDef{
			{Type: "address", Indexed: true, Name: "referer"},
			{Type: "address", Indexed: true, Name: "referee"},
		},
	},
	{0x79, 0x3c, 0xb7, 0x30, 0x64, 0xf3, 0xc8, 0xcd, 0xe7, 0xe1, 0x87, 0xae, 0x51, 0x55, 0x11, 0xe6, 0xe5, 0x6d, 0x1e, 0xe8, 0x9b, 0xf0, 0x8b, 0x82, 0xfa, 0x60, 0xfb, 0x70, 0xf8, 0xd4, 0x89, 0x12}: {
		Name: "BillingAccessControllerSet",
		Inputs: []ParamDef{
			{Type: "address", Indexed: false, Name: "old"},
			{Type: "address", Indexed: false, Name: "current"},
		},
	},
	{0x79, 0x70, 0xb0, 0x74, 0x4f, 0xdb, 0x6c, 0xf0, 0xb1, 0x20, 0xe5, 0xe0, 0xa5, 0xf4, 0xda, 0x3a, 0xb8, 0xcb, 0xec, 0x6d, 0x5d, 0x9e, 0xc8, 0xa4, 0xf3, 0x27, 0xcc, 0xc1, 0xd8, 0xa5, 0xeb, 0x8b}: {
		Name: "CommissionAndTrimInfo",
		Inputs: []ParamDef{
			{Type: "uint256", Indexed: false, Name: "toBCommission"},
			{Type: "uint256", Indexed: false, Name: "toBTrim"},
			{Type: "uint256", Indexed: false, Name: "trimRate"},
			{Type: "uint256", Indexed: false, Name: "chargeRate"},
		},
	},
	{0x79, 0xd3, 0xfc, 0x7d, 0x27, 0x5e, 0x2b, 0x96, 0xaa, 0x9a, 0x87, 0xba, 0x7a, 0xbb, 0xc0, 0x27, 0x87, 0xaa, 0x88, 0xe9, 0xc4, 0x95, 0xa8, 0x2e, 0xbb, 0xe9, 0x05, 0xc7, 0x73, 0x86, 0xf4, 0xd4}: {
		Name: "TransferResult",
		Inputs: []ParamDef{
			{Type: "bool", Indexed: false, Name: ""},
		},
	},
	{0x7a, 0x08, 0xfd, 0x89, 0x36, 0x93, 0x4b, 0xab, 0x91, 0x23, 0xe2, 0xf9, 0x3a, 0x79, 0x09, 0x2b, 0xf0, 0x6b, 0xd0, 0x1e, 0xde, 0x81, 0x19, 0xb9, 0xea, 0x1e, 0xbb, 0x4b, 0x43, 0xc9, 0xb4, 0x3d}: {
		Name: "DepositEvent",
		Inputs: []ParamDef{
			{Type: "uint8", Indexed: false, Name: "tariff"},
			{Type: "uint256", Indexed: true, Name: "_amount"},
			{Type: "address", Indexed: true, Name: "_user"},
		},
	},
	{0x7a, 0xc3, 0x69, 0xdb, 0xd1, 0x4f, 0xa5, 0xea, 0x3f, 0x47, 0x3e, 0xd6, 0x7c, 0xc9, 0xd5, 0x98, 0x96, 0x4a, 0x77, 0x50, 0x15, 0x40, 0xba, 0x67, 0x51, 0xeb, 0x0b, 0x3d, 0xec, 0xf5, 0x87, 0x0d}: {
		Name: "NewComptroller",
		Inputs: []ParamDef{
			{Type: "address", Indexed: false, Name: "oldComptroller"},
			{Type: "address", Indexed: false, Name: "newComptroller"},
		},
	},
	{0x7b, 0x43, 0x39, 0xb8, 0x19, 0xb0, 0xab, 0x9b, 0x71, 0x10, 0x54, 0x43, 0x43, 0xaf, 0x0b, 0x80, 0x27, 0x9e, 0xea, 0xb9, 0x0e, 0xad, 0x6b, 0xb2, 0x12, 0xc7, 0x2d, 0xcb, 0x51, 0xc8, 0xec, 0x06}: {
		Name: "SourceTokenRemoved",
		Inputs: []ParamDef{
			{Type: "address", Indexed: true, Name: "token"},
		},
	},
	{0x7b, 0xd6, 0xd4, 0xbe, 0x1d, 0xec, 0xdc, 0x27, 0xa9, 0xed, 0x9c, 0x7c, 0xcd, 0xf5, 0xbb, 0x7c, 0xc3, 0x8e, 0x31, 0xb3, 0x64, 0x7b, 0x95, 0x8c, 0x6b, 0x37, 0x16, 0x2a, 0x22, 0x96, 0xc0, 0xfa}: {
		Name: "Airdropped",
		Inputs: []ParamDef{
			{Type: "address", Indexed: true, Name: "_userAddress"},
			{Type: "uint256", Indexed: false, Name: "_amount"},
		},
	},
	{0x7b, 0xeb, 0x9b, 0xef, 0x91, 0x04, 0x0f, 0xcf, 0x76, 0x07, 0xc7, 0x8d, 0x4f, 0xc6, 0x68, 0x37, 0x0a, 0x90, 0x36, 0x78, 0x8d, 0x7e, 0x6f, 0x20, 0x2a, 0x4a, 0x2d, 0xb5, 0xb0, 0xc2, 0x8c, 0x80}: {
		Name: "DelegatorUnstakeWithId",
		Inputs: []ParamDef{
			{Type: "uint256", Indexed: true, Name: "validatorId"},
			{Type: "address", Indexed: true, Name: "user"},
			{Type: "uint256", Indexed: false, Name: "amount"},
			{Type: "uint256", Indexed: false, Name: "nonce"},
		},
	},
	{0x7b, 0xf0, 0x87, 0x31, 0x74, 0xa9, 0xcc, 0x6b, 0x28, 0xe0, 0x39, 0xb5, 0x2e, 0x74, 0x90, 0x3d, 0xd5, 0x9d, 0x65, 0x02, 0x05, 0xf3, 0x27, 0x48, 0xe3, 0xc3, 0xdd, 0x6b, 0x99, 0x18, 0xea, 0x87}: {
		Name: "Withdtraw",
		Inputs: []ParamDef{
			{Type: "address", Indexed: false, Name: "token"},
			{Type: "uint256", Indexed: false, Name: "amount"},
		},
	},
	{0x7c, 0x36, 0x38, 0x54, 0xcc, 0xf7, 0x96, 0x23, 0x41, 0x1f, 0x89, 0x95, 0xb3, 0x62, 0xbc, 0xe5, 0xed, 0xdf, 0xf1, 0x8c, 0x92, 0x7e, 0xdc, 0x6f, 0x5d, 0xbb, 0xb5, 0xe0, 0x58, 0x19, 0xa8, 0x2c}: {
		Name: "RemoveLiquidity",
		Inputs: []ParamDef{
			{Type: "address", Indexed: true, Name: "provider"},
			{Type: "uint256[2]", Indexed: false, Name: "token_amounts"},
			{Type: "uint256[2]", Indexed: false, Name: "fees"},
			{Type: "uint256", Indexed: false, Name: "token_supply"},
		},
	},
	{0x7d, 0x49, 0xac, 0xc4, 0x85, 0x86, 0xf5, 0xbb, 0xaa, 0x9a, 0x34, 0x5e, 0x2d, 0xd2, 0x70, 0x6a, 0x0d, 0xf6, 0x8f, 0x79, 0xb6, 0xe9, 0xfa, 0x17, 0x3c, 0x78, 0xb6, 0xdb, 0x87, 0x17, 0xa2, 0x1f}: {
		Name: "BatchRewardDistributed",
		Inputs: []ParamDef{
			{Type: "uint256", Indexed: false, Name: "totalTransactions"},
		},
	},
	{0x7d, 0x5d, 0xa5, 0xec, 0xe9, 0xd4, 0x30, 0x13, 0xd6, 0x2a, 0xb9, 0x66, 0xf4, 0x70, 0x4c, 0xa3, 0x76, 0xb9, 0x2b, 0xe2, 0x9c, 0xa6, 0xfb, 0xb9, 0x58, 0x15, 0x4b, 0xaf, 0x1c, 0x0d, 0xc1, 0x7e}: {
		Name: "UpdateCommissionRate",
		Inputs: []ParamDef{
			{Type: "uint256", Indexed: true, Name: "validatorId"},
			{Type: "uint256", Indexed: true, Name: "newCommissionRate"},
			{Type: "uint256", Indexed: true, Name: "oldCommissionRate"},
		},
	},
	{0x7d, 0xbc, 0x08, 0x0e, 0x45, 0x30, 0xc8, 0xbc, 0xf2, 0x65, 0xeb, 0x5c, 0x9a, 0x35, 0xae, 0x09, 0x6c, 0xa1, 0xeb, 0x60, 0x7b, 0x7e, 0x80, 0x2b, 0x96, 0x58, 0x1e, 0xf4, 0xc5, 0xe1, 0xa7, 0x03}: {
		Name: "RewardDeposited",
		Inputs: []ParamDef{
			{Type: "address", Indexed: true, Name: "user"},
			{Type: "uint256", Indexed: false, Name: "amount"},
		},
	},
	{0x7e, 0x64, 0x4d, 0x79, 0x42, 0x2f, 0x17, 0xc0, 0x1e, 0x48, 0x94, 0xb5, 0xf4, 0xf5, 0x88, 0xd3, 0x31, 0xeb, 0xfa, 0x28, 0x65, 0x3d, 0x42, 0xae, 0x83, 0x2d, 0xc5, 0x9e, 0x38, 0xc9, 0x79, 0x8f}: {
		Name: "AdminChanged",
		Inputs: []ParamDef{
			{Type: "address", Indexed: false, Name: "previousAdmin"},
			{Type: "address", Indexed: false, Name: "newAdmin"},
		},
	},
	{0x7e, 0x86, 0x62, 0x5a, 0xa6, 0xe6, 0x68, 0x40, 0x7f, 0x09, 0x5a, 0xf3, 0x42, 0xe0, 0xcc, 0x23, 0x78, 0x09, 0xc4, 0xc5, 0x08, 0x6b, 0x4d, 0x66, 0x5a, 0x00, 0x67, 0xde, 0x12, 0x29, 0x80, 0xa9}: {
		Name: "ShareBurned",
		Inputs: []ParamDef{
			{Type: "uint256", Indexed: true, Name: "validatorId"},
			{Type: "address", Indexed: true, Name: "user"},
			{Type: "uint256", Indexed: true, Name: "amount"},
			{Type: "uint256", Indexed: false, Name: "tokens"},
		},
	},
	{0x7e, 0xcd, 0x84, 0x34, 0x3f, 0x76, 0xa2, 0x3d, 0x22, 0x27, 0x29, 0x0e, 0x02, 0x88, 0xda, 0x32, 0x51, 0xb0, 0x45, 0x54, 0x16, 0x98, 0xe5, 0x75, 0xa5, 0x51, 0x5a, 0xf4, 0xf0, 0x41, 0x97, 0xa3}: {
		Name: "UpdateLiquidityLimit",
		Inputs: []ParamDef{
			{Type: "address", Indexed: false, Name: "user"},
			{Type: "uint256", Indexed: false, Name: "original_balance"},
			{Type: "uint256", Indexed: false, Name: "original_supply"},
			{Type: "uint256", Indexed: false, Name: "working_balance"},
			{Type: "uint256", Indexed: false, Name: "working_supply"},
		},
	},
	{0x7e, 0xfb, 0x3b, 0x56, 0xb3, 0xc1, 0x89, 0x46, 0xc3, 0x4f, 0x0e, 0xd3, 0x8e, 0x46, 0xab, 0x53, 0xcb, 0x98, 0x83, 0x53, 0x43, 0x95, 0x56, 0x25, 0x47, 0x64, 0xe8, 0x53, 0x8a, 0xf4, 0x49, 0xa6}: {
		Name: "SetBonus",
		Inputs: []ParamDef{
			{Type: "address", Indexed: true, Name: "wallet"},
			{Type: "uint32", Indexed: false, Name: "startDate"},
			{Type: "uint32", Indexed: false, Name: "endDate"},
			{Type: "uint64", Indexed: false, Name: "amount"},
		},
	},
	{0x7f, 0x26, 0xb8, 0x3f, 0xf9, 0x6e, 0x1f, 0x2b, 0x6a, 0x68, 0x2f, 0x13, 0x38, 0x52, 0xf6, 0x79, 0x8a, 0x09, 0xc4, 0x65, 0xda, 0x95, 0x92, 0x14, 0x60, 0xce, 0xfb, 0x38, 0x47, 0x40, 0x24, 0x98}: {
		Name: "Initialized",
		Inputs: []ParamDef{
			{Type: "uint8", Indexed: false, Name: "version"},
		},
	},
	{0x7f, 0x61, 0x95, 0x69, 0xe6, 0xf2, 0x83, 0xc7, 0x9b, 0x3e, 0xc7, 0x49, 0x8f, 0xd8, 0x77, 0x08, 0xc1, 0x73, 0x1e, 0x68, 0x15, 0xf2, 0xae, 0xe2, 0xb5, 0x64, 0xa4, 0x54, 0x26, 0xfd, 0x16, 0xcd}: {
		Name: "BridgeEth",
		Inputs: []ParamDef{
			{Type: "uint256", Indexed: false, Name: "fromAmount"},
			{Type: "string", Indexed: false, Name: "toToken"},
			{Type: "uint256", Indexed: false, Name: "toAmount"},
			{Type: "string", Indexed: false, Name: "toChain"},
			{Type: "string", Indexed: false, Name: "destination"},
			{Type: "uint256", Indexed: false, Name: "model"},
			{Type: "uint256", Indexed: false, Name: "source"},
			{Type: "address", Indexed: false, Name: "sender"},
		},
	},
	{0x7f, 0x68, 0xa3, 0x7a, 0x6e, 0x69, 0xa0, 0xde, 0x35, 0x02, 0x4a, 0x23, 0x45, 0x58, 0xf9, 0xef, 0xe4, 0xb3, 0x3b, 0x58, 0x65, 0x77, 0x53, 0xd2, 0x1e, 0xaa, 0xa8, 0x2d, 0x51, 0xc3, 0x51, 0x0e}: {
		Name: "PacketBurnt",
		Inputs: []ParamDef{
			{Type: "uint32", Indexed: false, Name: "srcEid"},
			{Type: "bytes32", Indexed: false, Name: "sender"},
			{Type: "address", Indexed: false, Name: "receiver"},
			{Type: "uint64", Indexed: false, Name: "nonce"},
			{Type: "bytes32", Indexed: false, Name: "payloadHash"},
		},
	},
	{0x7f, 0x74, 0x3f, 0xb7, 0x41, 0xe0, 0x7b, 0x0c, 0x4d, 0xae, 0xb2, 0xaf, 0x54, 0xfb, 0x3e, 0xbf, 0xa2, 0xbd, 0xb3, 0x1d, 0x99, 0x13, 0xa0, 0xe5, 0x55, 0x66, 0x1c, 0x87, 0x04, 0x11, 0xaa, 0xe5}: {
		Name: "onTokenPurchase",
		Inputs: []ParamDef{
			{Type: "address", Indexed: true, Name: "buyer"},
			{Type: "uint256", Indexed: true, Name: "trx_amount"},
			{Type: "uint256", Indexed: true, Name: "token_amount"},
		},
	},
	{0x7f, 0x92, 0x4f, 0x28, 0xd3, 0x19, 0x72, 0x92, 0xf2, 0x54, 0x71, 0x46, 0x95, 0xf3, 0xd8, 0xbb, 0xac, 0x27, 0xbb, 0x5d, 0xd5, 0xc5, 0x2d, 0x9f, 0xcc, 0x02, 0xbe, 0x99, 0xc1, 0x19, 0xb1, 0x2e}: {
		Name: "Show",
		Inputs: []ParamDef{
			{Type: "address", Indexed: true, Name: "from"},
			{Type: "string", Indexed: false, Name: "content"},
			{Type: "uint256", Indexed: false, Name: "value"},
		},
	},
	{0x7f, 0xcf, 0x53, 0x2c, 0x15, 0xf0, 0xa6, 0xdb, 0x0b, 0xd6, 0xd0, 0xe0, 0x38, 0xbe, 0xa7, 0x1d, 0x30, 0xd8, 0x08, 0xc7, 0xd9, 0x8c, 0xb3, 0xbf, 0x72, 0x68, 0xa9, 0x5b, 0xf5, 0x08, 0x1b, 0x65}: {
		Name: "Withdrawal",
		Inputs: []ParamDef{
			{Type: "address", Indexed: true, Name: "src"},
			{Type: "uint256", Indexed: false, Name: "sad"},
		},
	},
	{0x80, 0x01, 0x55, 0x3a, 0x91, 0x6e, 0xf2, 0xf4, 0x95, 0xd2, 0x6a, 0x90, 0x7c, 0xc5, 0x4d, 0x96, 0xed, 0x84, 0x0d, 0x7b, 0xda, 0x71, 0xe7, 0x31, 0x94, 0xbf, 0x5a, 0x9d, 0xf7, 0xa7, 0x6b, 0x90}: {
		Name: "OwnerRemoval",
		Inputs: []ParamDef{
			{Type: "address", Indexed: true, Name: "owner"},
		},
	},
	{0x80, 0x1c, 0x2d, 0x11, 0xf1, 0xd1, 0x78, 0x0f, 0x22, 0x8c, 0x2a, 0x49, 0x7c, 0xf5, 0xea, 0xe0, 0x33, 0x69, 0x4c, 0x8e, 0xb0, 0x57, 0xd6, 0x36, 0x04, 0x46, 0x83, 0xde, 0xf2, 0x6e, 0x03, 0xec}: {
		Name: "RewardParams",
		Inputs: []ParamDef{
			{Type: "uint256", Indexed: false, Name: "rewardDecreasePerCheckpoint"},
			{Type: "uint256", Indexed: false, Name: "maxRewardedCheckpoints"},
			{Type: "uint256", Indexed: false, Name: "checkpointRewardDelta"},
		},
	},
	{0x80, 0xee, 0x71, 0x9c, 0x83, 0x16, 0xe4, 0x70, 0xd7, 0x2d, 0x74, 0xde, 0x5a, 0x2c, 0x1d, 0xcd, 0xeb, 0x32, 0x8b, 0x23, 0x59, 0x0a, 0xfe, 0x30, 0x7c, 0x39, 0x42, 0x14, 0xf8, 0x35, 0xb8, 0xab}: {
		Name: "ManageRouters",
		Inputs: []ParamDef{
			{Type: "address", Indexed: false, Name: "operator"},
			{Type: "address[]", Indexed: false, Name: "routers"},
			{Type: "bool", Indexed: false, Name: "isEnable"},
		},
	},
	{0x81, 0x99, 0x0f, 0xd9, 0xa5, 0xc5, 0x52, 0xb8, 0xe3, 0x67, 0x79, 0x17, 0xd8, 0xa0, 0x3c, 0x07, 0x67, 0x8f, 0x0d, 0x2c, 0xb6, 0x8f, 0x88, 0xb6, 0x34, 0xac, 0xa2, 0x02, 0x2e, 0x9b, 0xd1, 0x9f}: {
		Name: "ContractPaused",
		Inputs: []ParamDef{
			{Type: "address", Indexed: true, Name: "caller"},
		},
	},
	{0x82, 0x0b, 0x7f, 0xd5, 0x1b, 0xf7, 0x9c, 0x54, 0x35, 0x0b, 0xab, 0x98, 0x40, 0x06, 0x51, 0xb3, 0x31, 0x4f, 0xf6, 0xe7, 0x9b, 0x33, 0x52, 0x88, 0x21, 0x87, 0x1d, 0x94, 0xa6, 0x66, 0x98, 0x83}: {
		Name: "NativeFeeWithdrawn",
		Inputs: []ParamDef{
			{Type: "address", Indexed: false, Name: "worker"},
			{Type: "address", Indexed: false, Name: "receiver"},
			{Type: "uint256", Indexed: false, Name: "amount"},
		},
	},
	{0x82, 0x4f, 0x2e, 0xe9, 0x91, 0x05, 0x62, 0x21, 0xcd, 0x77, 0x02, 0xb6, 0x2d, 0x3b, 0xb6, 0x97, 0x93, 0x98, 0x5b, 0x16, 0xa2, 0x0d, 0xd7, 0x02, 0x0e, 0x54, 0xe4, 0x2a, 0x83, 0x2c, 0x3c, 0x83}: {
		Name: "Drop",
		Inputs: []ParamDef{
			{Type: "address[]", Indexed: false, Name: "a"},
		},
	},
	{0x82, 0x69, 0xc5, 0x5f, 0x67, 0xf0, 0xf5, 0xae, 0x1a, 0x81, 0x41, 0xef, 0x17, 0xcf, 0x99, 0x54, 0x55, 0x71, 0x29, 0xa8, 0xc3, 0x6c, 0x21, 0x4a, 0x1a, 0xfa, 0x8a, 0x5d, 0xa9, 0xd7, 0x6e, 0x3c}: {
		Name: "Fulfilment",
		Inputs: []ParamDef{
			{Type: "bytes32", Indexed: true, Name: "requestHash"},
			{Type: "address", Indexed: false, Name: "from"},
			{Type: "address", Indexed: false, Name: "solver"},
		},
	},
	{0x83, 0xbd, 0x56, 0x7e, 0x25, 0x3b, 0x60, 0xb6, 0xc0, 0x52, 0xa6, 0x18, 0xf4, 0x19, 0x13, 0xc2, 0x33, 0xba, 0x51, 0xdf, 0xcd, 0x1d, 0x41, 0xb4, 0xf4, 0x25, 0x3e, 0x96, 0xd6, 0x19, 0x5d, 0x83}: {
		Name: "GatherAssetAddressChanged",
		Inputs: []ParamDef{
			{Type: "address", Indexed: true, Name: "oldAddress"},
			{Type: "address", Indexed: true, Name: "newAddress"},
		},
	},
	{0x84, 0x25, 0x8c, 0x8d, 0x48, 0xcc, 0xfd, 0x0f, 0x7d, 0xde, 0x91, 0xa9, 0x09, 0x10, 0xd1, 0x45, 0xf3, 0x67, 0x44, 0x26, 0xf1, 0x62, 0xba, 0x89, 0x37, 0x0d, 0x3e, 0xc0, 0xdc, 0x82, 0x6b, 0x10}: {
		Name:   "GlobalFreeze",
		Inputs: []ParamDef{},
	},
	{0x84, 0x46, 0x80, 0xc7, 0xc4, 0x1f, 0x89, 0xbf, 0x6e, 0x90, 0xfe, 0x52, 0x57, 0x30, 0x07, 0xe7, 0x90, 0xd3, 0xe4, 0x38, 0x30, 0x73, 0x31, 0x18, 0x6c, 0x4b, 0xa5, 0xd4, 0x51, 0x90, 0x09, 0x01}: {
		Name: "Withdraw",
		Inputs: []ParamDef{
			{Type: "string[]", Indexed: false, Name: "requestIds"},
			{Type: "address[]", Indexed: false, Name: "tokenAddresses"},
			{Type: "address[]", Indexed: false, Name: "receivers"},
			{Type: "uint256[]", Indexed: false, Name: "amounts"},
		},
	},
	{0x84, 0x58, 0x50, 0x99, 0x19, 0x63, 0xcc, 0x25, 0x8a, 0x04, 0x64, 0xda, 0xdc, 0xae, 0x66, 0xe5, 0x9e, 0x72, 0xe9, 0x88, 0x3b, 0xeb, 0x28, 0xe5, 0xea, 0x89, 0xa5, 0x47, 0xdf, 0x58, 0xea, 0xff}: {
		Name: "TransferTo",
		Inputs: []ParamDef{
			{Type: "address", Indexed: true, Name: "to"},
			{Type: "uint256", Indexed: false, Name: "amount"},
		},
	},
	{0x84, 0x6e, 0xd0, 0x22, 0xdb, 0xe3, 0x37, 0x84, 0x7d, 0x13, 0xe7, 0xeb, 0x77, 0x9c, 0x2f, 0x56, 0xbe, 0x24, 0x5e, 0x3d, 0x8e, 0x22, 0x66, 0xa0, 0x8a, 0x50, 0xc0, 0x47, 0x96, 0x63, 0x76, 0xd1}: {
		Name: "UlnConfigSet",
		Inputs: []ParamDef{
			{Type: "address", Indexed: false, Name: "oapp"},
			{Type: "uint32", Indexed: false, Name: "eid"},
			{Type: "tuple", Indexed: false, Name: "config"},
		},
	},
	{0x84, 0xf7, 0xc7, 0xc8, 0x0b, 0xb8, 0xed, 0x22, 0x79, 0xb4, 0xaa, 0xb5, 0xf6, 0x1c, 0xd0, 0x5e, 0x63, 0x74, 0x07, 0x3d, 0x38, 0xf4, 0x6d, 0x7f, 0x32, 0xde, 0x8c, 0x30, 0xe9, 0xe3, 0x83, 0x67}: {
		Name: "PayeeshipTransferRequested",
		Inputs: []ParamDef{
			{Type: "address", Indexed: true, Name: "transmitter"},
			{Type: "address", Indexed: true, Name: "current"},
			{Type: "address", Indexed: true, Name: "proposed"},
		},
	},
	{0x85, 0x11, 0x42, 0x55, 0x7f, 0x45, 0xc7, 0xa4, 0xad, 0x02, 0x55, 0x9d, 0x2f, 0x51, 0xb7, 0x0c, 0xc8, 0x6c, 0xfd, 0x5d, 0xac, 0x0f, 0xd0, 0x73, 0x4e, 0xfe, 0xda, 0xef, 0xae, 0x54, 0x4c, 0x4a}: {
		Name: "GrayListSet",
		Inputs: []ParamDef{
			{Type: "address", Indexed: false, Name: "user"},
			{Type: "bool", Indexed: false, Name: "flag"},
		},
	},
	{0x85, 0x49, 0x6b, 0x76, 0x0a, 0x4b, 0x7f, 0x8d, 0x66, 0x38, 0x4b, 0x9d, 0xf2, 0x1b, 0x38, 0x1f, 0x5d, 0x1b, 0x1e, 0x79, 0xf2, 0x29, 0xa4, 0x7a, 0xaf, 0x4c, 0x23, 0x2e, 0xdc, 0x2f, 0xe5, 0x9a}: {
		Name: "OFTSent",
		Inputs: []ParamDef{
			{Type: "bytes32", Indexed: true, Name: "guid"},
			{Type: "uint32", Indexed: false, Name: "dstEid"},
			{Type: "address", Indexed: true, Name: "fromAddress"},
			{Type: "uint256", Indexed: false, Name: "amountSentLD"},
			{Type: "uint256", Indexed: false, Name: "amountReceivedLD"},
		},
	},
	{0x85, 0x6c, 0xf5, 0x54, 0x4b, 0x69, 0xda, 0x1d, 0x90, 0x89, 0x83, 0x87, 0x2b, 0x94, 0xb5, 0x34, 0x30, 0x51, 0xf0, 0x92, 0xcb, 0x40, 0xd3, 0xdf, 0xd7, 0x75, 0xe8, 0x1b, 0x4f, 0x89, 0xcd, 0xc8}: {
		Name: "ReferralSpentUpdated",
		Inputs: []ParamDef{
			{Type: "address", Indexed: true, Name: "user"},
			{Type: "uint256", Indexed: false, Name: "amount"},
		},
	},
	{0x87, 0x28, 0x6a, 0xd1, 0xf3, 0x99, 0xc8, 0xe8, 0x2b, 0xf0, 0xc4, 0xef, 0x4f, 0xcd, 0xc5, 0x70, 0xea, 0x2e, 0x1e, 0x92, 0x17, 0x6e, 0x5c, 0x84, 0x8b, 0x64, 0x13, 0x54, 0x5b, 0x88, 0x5d, 0xb4}: {
		Name: "AddedAccess",
		Inputs: []ParamDef{
			{Type: "address", Indexed: false, Name: "user"},
		},
	},
	{0x87, 0xd5, 0xf4, 0x77, 0x29, 0x63, 0xd1, 0xf9, 0xb7, 0x60, 0x47, 0x15, 0x8b, 0x4a, 0xe9, 0x7c, 0x42, 0x0a, 0x1b, 0x3b, 0xff, 0x2a, 0x74, 0x6c, 0x82, 0x8b, 0xef, 0xfd, 0x9e, 0x7c, 0x3e, 0x26}: {
		Name: "withdrawEvent",
		Inputs: []ParamDef{
			{Type: "address", Indexed: true, Name: "_user"},
			{Type: "uint256", Indexed: true, Name: "_amount"},
		},
	},
	{0x87, 0xdb, 0xad, 0xdf, 0x0d, 0xf8, 0x7a, 0x36, 0xf9, 0x00, 0xf5, 0x47, 0x09, 0x88, 0x95, 0x32, 0x67, 0xb8, 0x0c, 0xfd, 0x47, 0xd9, 0x54, 0xb6, 0x4c, 0x80, 0xcf, 0x2b, 0x05, 0xe7, 0x1c, 0x0a}: {
		Name: "DepositSupplyEvent",
		Inputs: []ParamDef{
			{Type: "address", Indexed: true, Name: "provider"},
			{Type: "uint256", Indexed: true, Name: "token_amount"},
			{Type: "uint256", Indexed: true, Name: "base_token_amount"},
		},
	},
	{0x88, 0x43, 0x66, 0x36, 0xea, 0x40, 0xd5, 0xbb, 0x1b, 0xcc, 0x55, 0xff, 0x9c, 0xd5, 0x47, 0x88, 0xaf, 0x71, 0xda, 0x88, 0x6f, 0x41, 0x47, 0xa8, 0x7f, 0x19, 0x9a, 0xdc, 0xca, 0x73, 0x3d, 0x4d}: {
		Name: "ExecutorshipTransferred",
		Inputs: []ParamDef{
			{Type: "address", Indexed: true, Name: "previousExecutor"},
			{Type: "address", Indexed: true, Name: "newExecutor"},
		},
	},
	{0x88, 0x4e, 0xda, 0xd9, 0xce, 0x6f, 0xa2, 0x44, 0x0d, 0x8a, 0x54, 0xcc, 0x12, 0x34, 0x90, 0xeb, 0x96, 0xd2, 0x76, 0x84, 0x79, 0xd4, 0x9f, 0xf9, 0xc7, 0x36, 0x61, 0x25, 0xa9, 0x42, 0x43, 0x64}: {
		Name: "Withdraw",
		Inputs: []ParamDef{
			{Type: "address", Indexed: true, Name: "user"},
			{Type: "uint256", Indexed: false, Name: "amount"},
		},
	},
	{0x88, 0x52, 0x5e, 0x23, 0x11, 0x1c, 0xbb, 0x4f, 0x02, 0x59, 0xee, 0xfc, 0xc4, 0xb8, 0x4d, 0x47, 0x25, 0x68, 0xce, 0x33, 0x04, 0x67, 0xa4, 0xee, 0x7a, 0x1d, 0x51, 0x17, 0xed, 0x51, 0xe7, 0x25}: {
		Name: "OwnerStakedTokenWithdrawn",
		Inputs: []ParamDef{
			{Type: "uint256", Indexed: false, Name: "amount"},
		},
	},
	{0x88, 0x86, 0xeb, 0xfc, 0x42, 0x59, 0xab, 0xdb, 0xc1, 0x66, 0x01, 0xdd, 0x8f, 0xb5, 0x67, 0x8e, 0x54, 0x87, 0x8f, 0x47, 0xb3, 0xc3, 0x48, 0x36, 0xcf, 0xc5, 0x11, 0x54, 0xa9, 0x60, 0x51, 0x09}: {
		Name:   "DefaultAdminTransferCanceled",
		Inputs: []ParamDef{},
	},
	{0x88, 0xa5, 0x96, 0x6d, 0x37, 0x0b, 0x99, 0x19, 0xb2, 0x0f, 0x3e, 0x2c, 0x13, 0xff, 0x65, 0x70, 0x6f, 0x19, 0x6a, 0x4e, 0x32, 0xcc, 0x2c, 0x12, 0xbf, 0x57, 0x08, 0x8f, 0x88, 0x52, 0x58, 0x74}: {
		Name: "Received",
		Inputs: []ParamDef{
			{Type: "address", Indexed: false, Name: "Sender"},
			{Type: "uint256", Indexed: false, Name: "Value"},
		},
	},
	{0x89, 0x83, 0xa1, 0xf3, 0xc3, 0xcb, 0x45, 0xc2, 0x4c, 0x82, 0x26, 0xb5, 0xb8, 0x05, 0xe3, 0xb6, 0xeb, 0x49, 0x68, 0x65, 0x30, 0xb8, 0x08, 0x53, 0x4b, 0x2a, 0x92, 0x01, 0x29, 0xef, 0xf6, 0x51}: {
		Name: "ContractAuthorized",
		Inputs: []ParamDef{
			{Type: "address", Indexed: true, Name: "contractAddress"},
		},
	},
	{0x89, 0x96, 0xe5, 0x49, 0x3e, 0x8a, 0x57, 0x7f, 0x6c, 0xd1, 0xa2, 0x4c, 0x33, 0x39, 0x0f, 0x17, 0x7e, 0xa7, 0x39, 0xf9, 0xcd, 0x96, 0x2b, 0x90, 0x6d, 0xc4, 0x85, 0xc2, 0x64, 0xba, 0x8b, 0x29}: {
		Name: "Settle",
		Inputs: []ParamDef{
			{Type: "uint256", Indexed: true, Name: "nonce"},
			{Type: "address[]", Indexed: false, Name: "solver"},
			{Type: "address[]", Indexed: false, Name: "token"},
			{Type: "uint256[]", Indexed: false, Name: "amount"},
		},
	},
	{0x8a, 0x0b, 0x1d, 0xce, 0x32, 0x1c, 0x5c, 0x5f, 0xb4, 0x23, 0x49, 0xbc, 0xe4, 0x6d, 0x18, 0x08, 0x7c, 0x04, 0x14, 0x0d, 0xe5, 0x20, 0x91, 0x76, 0x61, 0xfb, 0x92, 0x3e, 0x44, 0xa9, 0x04, 0xb9}: {
		Name: "LzComposeAlert",
		Inputs: []ParamDef{
			{Type: "address", Indexed: true, Name: "from"},
			{Type: "address", Indexed: true, Name: "to"},
			{Type: "address", Indexed: true, Name: "executor"},
			{Type: "bytes32", Indexed: false, Name: "guid"},
			{Type: "uint16", Indexed: false, Name: "index"},
			{Type: "uint256", Indexed: false, Name: "gas"},
			{Type: "uint256", Indexed: false, Name: "value"},
			{Type: "bytes", Indexed: false, Name: "message"},
			{Type: "bytes", Indexed: false, Name: "extraData"},
			{Type: "bytes", Indexed: false, Name: "reason"},
		},
	},
	{0x8a, 0x39, 0x48, 0x14, 0x1b, 0xe0, 0x16, 0x47, 0x09, 0x4c, 0xc9, 0x24, 0x88, 0xa4, 0xeb, 0xa0, 0xd8, 0x22, 0xd8, 0x4e, 0x46, 0x19, 0xec, 0x98, 0x95, 0x52, 0x91, 0x95, 0xcf, 0x2b, 0xd7, 0x36}: {
		Name: "BasisPointsRateUpdated",
		Inputs: []ParamDef{
			{Type: "uint256", Indexed: false, Name: "newBasisPointsRate"},
		},
	},
	{0x8a, 0x5c, 0x47, 0x36, 0xa3, 0x3c, 0x7b, 0x7f, 0x29, 0xa2, 0xc3, 0x4e, 0xa9, 0xff, 0x96, 0x08, 0xaf, 0xc5, 0x71, 0x8d, 0x56, 0xf6, 0xfd, 0x6d, 0xcb, 0xd2, 0xd3, 0x71, 0x1a, 0x1a, 0x49, 0x13}: {
		Name: "Frozen",
		Inputs: []ParamDef{
			{Type: "address", Indexed: false, Name: "account"},
		},
	},
	{0x8a, 0x9f, 0xd8, 0x1e, 0x4d, 0xe0, 0xeb, 0x5b, 0x1f, 0x40, 0x55, 0xc5, 0xb3, 0x0b, 0x56, 0x2c, 0x02, 0xc9, 0x56, 0x13, 0xea, 0x0c, 0x52, 0x59, 0xc2, 0x30, 0x33, 0xa9, 0x0d, 0x1d, 0xe4, 0xb4}: {
		Name: "StakeUpdate",
		Inputs: []ParamDef{
			{Type: "uint256", Indexed: true, Name: "validatorId"},
			{Type: "uint256", Indexed: true, Name: "newAmount"},
		},
	},
	{0x8a, 0xce, 0x22, 0x7f, 0x12, 0xfd, 0xc9, 0x47, 0x7d, 0x9b, 0xe5, 0xe3, 0x91, 0xbf, 0xde, 0xbf, 0x16, 0x7c, 0xc8, 0x8a, 0xb1, 0x2e, 0x89, 0x79, 0xe0, 0x11, 0xaa, 0x0c, 0x6a, 0x59, 0x14, 0xe1}: {
		Name: "SetBar",
		Inputs: []ParamDef{
			{Type: "uint256", Indexed: false, Name: "bar"},
		},
	},
	{0x8b, 0x3e, 0x96, 0xf2, 0xb8, 0x89, 0xfa, 0x77, 0x1c, 0x53, 0xc9, 0x81, 0xb4, 0x0d, 0xaf, 0x00, 0x5f, 0x63, 0xf6, 0x37, 0xf1, 0x86, 0x9f, 0x70, 0x70, 0x52, 0xd1, 0x5a, 0x3d, 0xd9, 0x71, 0x40}: {
		Name: "TokenExchange",
		Inputs: []ParamDef{
			{Type: "address", Indexed: true, Name: "buyer"},
			{Type: "int128", Indexed: false, Name: "sold_id"},
			{Type: "uint256", Indexed: false, Name: "tokens_sold"},
			{Type: "int128", Indexed: false, Name: "bought_id"},
			{Type: "uint256", Indexed: false, Name: "tokens_bought"},
		},
	},
	{0x8b, 0xe0, 0x07, 0x9c, 0x53, 0x16, 0x59, 0x14, 0x13, 0x44, 0xcd, 0x1f, 0xd0, 0xa4, 0xf2, 0x84, 0x19, 0x49, 0x7f, 0x97, 0x22, 0xa3, 0xda, 0xaf, 0xe3, 0xb4, 0x18, 0x6f, 0x6b, 0x64, 0x57, 0xe0}: {
		Name: "OwnershipTransferred",
		Inputs: []ParamDef{
			{Type: "address", Indexed: true, Name: "previousOwner"},
			{Type: "address", Indexed: true, Name: "newOwner"},
		},
	},
	{0x8c, 0x12, 0x56, 0xb8, 0x89, 0x63, 0x78, 0xcd, 0x50, 0x44, 0xf8, 0x0c, 0x20, 0x2f, 0x97, 0x72, 0xb9, 0xd7, 0x7d, 0xc8, 0x5c, 0x8a, 0x6e, 0xb5, 0x19, 0x67, 0x21, 0x0b, 0x09, 0xbf, 0xaa, 0x28}: {
		Name: "Recovered",
		Inputs: []ParamDef{
			{Type: "address", Indexed: false, Name: "token"},
			{Type: "uint256", Indexed: false, Name: "amount"},
		},
	},
	{0x8c, 0x4d, 0x35, 0xe5, 0x4a, 0x3f, 0x2e, 0xf1, 0x13, 0x41, 0x38, 0xfd, 0x8e, 0xa3, 0xda, 0xee, 0x6a, 0x3c, 0x89, 0xe1, 0x0d, 0x26, 0x65, 0x99, 0x6b, 0xab, 0xdf, 0x70, 0x26, 0x1e, 0x2c, 0x76}: {
		Name: "FeeUpdated",
		Inputs: []ParamDef{
			{Type: "uint256", Indexed: false, Name: "fee"},
		},
	},
	{0x8c, 0x5b, 0xe1, 0xe5, 0xeb, 0xec, 0x7d, 0x5b, 0xd1, 0x4f, 0x71, 0x42, 0x7d, 0x1e, 0x84, 0xf3, 0xdd, 0x03, 0x14, 0xc0, 0xf7, 0xb2, 0x29, 0x1e, 0x5b, 0x20, 0x0a, 0xc8, 0xc7, 0xc3, 0xb9, 0x25}: {
		Name: "Approval",
		Inputs: []ParamDef{
			{Type: "address", Indexed: true, Name: "owner"},
			{Type: "address", Indexed: true, Name: "spender"},
			{Type: "uint256", Indexed: false, Name: "value"},
		},
	},
	{0x8c, 0x8c, 0xcd, 0x11, 0xa7, 0xc8, 0x33, 0xe3, 0x05, 0x9e, 0xb3, 0xd5, 0x75, 0x4e, 0xcb, 0x1a, 0xaf, 0xb6, 0x16, 0x5c, 0x69, 0xd4, 0x25, 0xaa, 0xcd, 0x0c, 0xe1, 0xca, 0xd7, 0x78, 0xd5, 0x67}: {
		Name: "FreezeDurationUpdated",
		Inputs: []ParamDef{
			{Type: "uint256", Indexed: false, Name: "newDuration"},
		},
	},
	{0x8c, 0x9c, 0xdf, 0x93, 0x4f, 0x13, 0x6a, 0xb5, 0xb8, 0x0f, 0xe1, 0x1d, 0xfd, 0x56, 0x36, 0x3f, 0xa7, 0x54, 0x4e, 0xcb, 0x56, 0xd4, 0xc4, 0x40, 0xc0, 0xd8, 0xa1, 0x4d, 0x04, 0xbf, 0xff, 0x4a}: {
		Name: "Payback",
		Inputs: []ParamDef{
			{Type: "address", Indexed: false, Name: "player"},
			{Type: "uint256", Indexed: false, Name: "tron"},
		},
	},
	{0x8e, 0x53, 0x55, 0x56, 0xa0, 0xa9, 0x5e, 0xe3, 0xbe, 0xfe, 0x29, 0x6c, 0xf9, 0x86, 0xf7, 0xbf, 0x7d, 0x88, 0x88, 0x19, 0x91, 0xe4, 0x6f, 0x51, 0x7c, 0x4b, 0x47, 0x7c, 0x0e, 0xa6, 0x93, 0x85}: {
		Name: "FrozenAccountDrained",
		Inputs: []ParamDef{
			{Type: "address", Indexed: true, Name: "caller"},
			{Type: "address", Indexed: true, Name: "account"},
		},
	},
	{0x8e, 0x6c, 0x9e, 0x5c, 0xef, 0xf6, 0x60, 0x44, 0xa0, 0xb2, 0x77, 0x59, 0x77, 0x9a, 0x9b, 0xe2, 0xe7, 0xc9, 0x96, 0x55, 0x25, 0x2b, 0x23, 0x5f, 0xf3, 0xf7, 0x54, 0xef, 0xb6, 0xb8, 0xa6, 0x16}: {
		Name: "DeBlacklisted",
		Inputs: []ParamDef{
			{Type: "address", Indexed: false, Name: "token"},
		},
	},
	{0x8f, 0xd7, 0xc1, 0xcf, 0x2b, 0x9c, 0xce, 0xb8, 0x29, 0x55, 0x37, 0x42, 0xc0, 0x7a, 0x11, 0xee, 0x82, 0xed, 0x91, 0xa2, 0xe2, 0xd4, 0x79, 0x13, 0x28, 0x46, 0x1d, 0xf6, 0xaa, 0x6e, 0x8a, 0x89}: {
		Name: "TokenPurchase",
		Inputs: []ParamDef{
			{Type: "address", Indexed: true, Name: "buyer"},
			{Type: "uint256", Indexed: true, Name: "sold"},
			{Type: "uint256", Indexed: true, Name: "bought"},
			{Type: "uint256", Indexed: false, Name: "price"},
			{Type: "uint256", Indexed: false, Name: "fee"},
		},
	},
	{0x8f, 0xfe, 0xba, 0xe0, 0xcb, 0x9b, 0xc4, 0x14, 0xc5, 0xdc, 0x64, 0x9d, 0x31, 0x71, 0x73, 0x5d, 0x75, 0x5a, 0x9d, 0xba, 0xe4, 0x5b, 0xec, 0x9b, 0x6d, 0xdc, 0x3e, 0x1e, 0xea, 0xc0, 0x8e, 0x47}: {
		Name: "BWSwapV1",
		Inputs: []ParamDef{
			{Type: "uint8", Indexed: false, Name: "SwapType"},
			{Type: "address", Indexed: false, Name: "tokenIn"},
			{Type: "address", Indexed: false, Name: "tokenOut"},
			{Type: "address", Indexed: false, Name: "receiver"},
			{Type: "uint256", Indexed: false, Name: "amountIn"},
			{Type: "uint256", Indexed: false, Name: "receivedAmount"},
			{Type: "uint256", Indexed: false, Name: "quoteAmount"},
			{Type: "uint256", Indexed: false, Name: "minAmountOut"},
			{Type: "address", Indexed: false, Name: "deductTo"},
			{Type: "uint256", Indexed: false, Name: "deductAmount"},
			{Type: "address", Indexed: false, Name: "feeTo"},
			{Type: "uint256", Indexed: false, Name: "feeAmount"},
			{Type: "uint256", Indexed: false, Name: "orderId"},
		},
	},
	{0x90, 0x3c, 0x65, 0xf9, 0x4e, 0xde, 0x00, 0x18, 0x0d, 0x7b, 0x5c, 0x8c, 0xbc, 0xd4, 0x59, 0xef, 0xe2, 0xc2, 0x56, 0xd1, 0xeb, 0x41, 0xc5, 0x07, 0x21, 0x15, 0xab, 0x95, 0x8e, 0x7d, 0x30, 0x17}: {
		Name: "payForLevelEv",
		Inputs: []ParamDef{
			{Type: "uint256", Indexed: false, Name: "_userID"},
			{Type: "uint256", Indexed: false, Name: "parentID"},
			{Type: "uint256", Indexed: false, Name: "amount"},
			{Type: "uint256", Indexed: false, Name: "fromDown"},
			{Type: "uint256", Indexed: false, Name: "timeNow"},
		},
	},
	{0x90, 0x6a, 0x1c, 0x6b, 0xd7, 0xe3, 0x09, 0x1e, 0xa8, 0x66, 0x93, 0xdd, 0x02, 0x9a, 0x83, 0x1c, 0x19, 0x04, 0x9c, 0xe7, 0x7f, 0x1d, 0xce, 0x2c, 0xe0, 0xba, 0xb1, 0xca, 0xcb, 0xab, 0xce, 0x22}: {
		Name: "OwnerNominated",
		Inputs: []ParamDef{
			{Type: "address", Indexed: false, Name: "owner"},
		},
	},
	{0x90, 0x8f, 0xac, 0xc4, 0x62, 0x7b, 0x46, 0x9d, 0x69, 0x49, 0x20, 0x16, 0xfd, 0x6f, 0x1d, 0xd6, 0x2a, 0x5c, 0x02, 0x28, 0xea, 0x48, 0xaa, 0xde, 0x8b, 0xad, 0xfb, 0xda, 0x9c, 0xbd, 0x57, 0x34}: {
		Name: "UserAddressCreated",
		Inputs: []ParamDef{
			{Type: "address", Indexed: false, Name: ""},
		},
	},
	{0x90, 0x90, 0x81, 0x3b, 0x1a, 0x66, 0xc0, 0xa9, 0x39, 0x7d, 0xb4, 0xe4, 0x93, 0x79, 0x53, 0xcb, 0x54, 0x10, 0x4f, 0xf3, 0x87, 0xa3, 0xad, 0xf2, 0x9a, 0x41, 0x3a, 0x4a, 0xa3, 0x92, 0x56, 0x50}: {
		Name: "MintStaked",
		Inputs: []ParamDef{
			{Type: "address", Indexed: true, Name: "user"},
			{Type: "uint256", Indexed: false, Name: "amount"},
		},
	},
	{0x90, 0xc7, 0xf9, 0xf5, 0xb5, 0x8c, 0x15, 0xf0, 0xf6, 0x35, 0xbf, 0xb9, 0x9f, 0x55, 0xd3, 0xd7, 0x8f, 0xdb, 0xef, 0x35, 0x59, 0xe7, 0xd8, 0xab, 0xf5, 0xc8, 0x10, 0x52, 0xa5, 0x27, 0x66, 0x22}: {
		Name: "OrderApprovedPartOne",
		Inputs: []ParamDef{
			{Type: "bytes32", Indexed: true, Name: "hash"},
			{Type: "address", Indexed: false, Name: "exchange"},
			{Type: "address", Indexed: true, Name: "maker"},
			{Type: "address", Indexed: false, Name: "taker"},
			{Type: "uint256", Indexed: false, Name: "makerRelayerFee"},
			{Type: "uint256", Indexed: false, Name: "takerRelayerFee"},
			{Type: "uint256", Indexed: false, Name: "makerProtocolFee"},
			{Type: "uint256", Indexed: false, Name: "takerProtocolFee"},
			{Type: "address", Indexed: true, Name: "feeRecipient"},
			{Type: "uint8", Indexed: false, Name: "feeMethod"},
			{Type: "uint8", Indexed: false, Name: "side"},
			{Type: "uint8", Indexed: false, Name: "saleKind"},
			{Type: "address", Indexed: false, Name: "target"},
		},
	},
	{0x91, 0x0f, 0x01, 0x65, 0x9f, 0x78, 0x2f, 0xde, 0x3d, 0x5c, 0x0e, 0xe0, 0x26, 0xad, 0xfb, 0xae, 0x45, 0x1c, 0x6a, 0xcc, 0xad, 0x68, 0x84, 0x19, 0x2f, 0x12, 0xbc, 0xfb, 0x9b, 0x2f, 0x13, 0xe5}: {
		Name: "TokenSold",
		Inputs: []ParamDef{
			{Type: "address", Indexed: true, Name: "buyer"},
			{Type: "uint256", Indexed: true, Name: "sold"},
			{Type: "uint256", Indexed: true, Name: "bought"},
			{Type: "uint256", Indexed: false, Name: "price"},
			{Type: "uint256", Indexed: false, Name: "fee"},
		},
	},
	{0x91, 0x3b, 0xa2, 0xde, 0x66, 0x56, 0xc0, 0x52, 0x6b, 0x77, 0xdf, 0x40, 0xaf, 0x24, 0xe3, 0x41, 0x2f, 0x55, 0x28, 0x26, 0x55, 0x87, 0x39, 0x37, 0xf3, 0xb6, 0x41, 0xc4, 0xab, 0x3f, 0x79, 0x7b}: {
		Name: "DelayTimeChange",
		Inputs: []ParamDef{
			{Type: "uint256", Indexed: false, Name: "oldDuration"},
			{Type: "uint256", Indexed: false, Name: "newDuration"},
		},
	},
	{0x91, 0x55, 0x33, 0x95, 0x8a, 0x6e, 0xa8, 0x40, 0x59, 0xc1, 0xe9, 0xaf, 0x4f, 0xde, 0xab, 0x1e, 0xb5, 0xc1, 0xb2, 0xac, 0x3b, 0x8b, 0x04, 0x98, 0xda, 0xe7, 0x7e, 0xae, 0x7b, 0x88, 0xb3, 0x75}: {
		Name: "MessageReceived",
		Inputs: []ParamDef{
			{Type: "bytes32", Indexed: false, Name: "guid"},
			{Type: "bytes", Indexed: false, Name: "message"},
		},
	},
	{0x91, 0x6c, 0x66, 0x84, 0x3c, 0xea, 0x88, 0x70, 0x74, 0xf1, 0x42, 0x32, 0xf9, 0x6a, 0x8c, 0xf1, 0xd5, 0xcc, 0x58, 0xe5, 0xa3, 0x05, 0x3c, 0x34, 0xbd, 0xe2, 0x29, 0x87, 0xf0, 0xbc, 0x58, 0xc5}: {
		Name: "AccountantUpdated",
		Inputs: []ParamDef{
			{Type: "address", Indexed: true, Name: "accountant"},
			{Type: "bool", Indexed: false, Name: "authorized"},
		},
	},
	{0x92, 0x83, 0xdd, 0xc0, 0xc2, 0xb5, 0x93, 0x20, 0xe0, 0x0b, 0x0a, 0xe4, 0xa9, 0x92, 0xb1, 0x10, 0xdf, 0x09, 0x8c, 0x38, 0xe3, 0xb6, 0xea, 0x1d, 0x92, 0xfe, 0x7a, 0x6d, 0x35, 0x04, 0xbe, 0x9b}: {
		Name: "DefaultFeeBpsSet",
		Inputs: []ParamDef{
			{Type: "uint16", Indexed: false, Name: "feeBps"},
		},
	},
	{0x93, 0xfb, 0x44, 0x8e, 0xb4, 0xf9, 0x16, 0x8c, 0xa4, 0xcc, 0x6a, 0xe2, 0x49, 0x09, 0x9d, 0x03, 0xb8, 0xec, 0x78, 0x3e, 0xd7, 0x2f, 0x0c, 0x04, 0xaa, 0xa3, 0x55, 0x1c, 0xcb, 0xe8, 0x1d, 0x0f}: {
		Name: "PayReferReward",
		Inputs: []ParamDef{
			{Type: "address", Indexed: true, Name: "referee"},
			{Type: "address", Indexed: true, Name: "referer"},
			{Type: "uint256", Indexed: false, Name: "value"},
		},
	},
	{0x94, 0x44, 0xbf, 0xcf, 0xa6, 0xae, 0xd7, 0x2a, 0x15, 0xda, 0x73, 0xde, 0x12, 0x20, 0xdc, 0xc0, 0x7d, 0x78, 0x64, 0x11, 0x9c, 0x44, 0xab, 0xfe, 0xc0, 0x03, 0x7b, 0xbc, 0xac, 0xef, 0xda, 0x98}: {
		Name: "DynastyValueChange",
		Inputs: []ParamDef{
			{Type: "uint256", Indexed: false, Name: "newDynasty"},
			{Type: "uint256", Indexed: false, Name: "oldDynasty"},
		},
	},
	{0x94, 0xd1, 0xea, 0xab, 0xa2, 0x97, 0xff, 0xb0, 0xe6, 0xa2, 0x3b, 0x86, 0x7a, 0x3d, 0x6f, 0x93, 0x6c, 0xca, 0x4a, 0xe0, 0x04, 0x57, 0x09, 0xe5, 0x96, 0xd4, 0x61, 0xae, 0xe2, 0xe3, 0x62, 0xee}: {
		Name: "ProcessorUpdated",
		Inputs: []ParamDef{
			{Type: "address", Indexed: true, Name: "newProcessor"},
		},
	},
	{0x94, 0xef, 0xfa, 0x14, 0xea, 0x3a, 0x1e, 0xf3, 0x96, 0xfa, 0x2f, 0xd8, 0x29, 0x33, 0x6d, 0x15, 0x97, 0xf1, 0xd7, 0x6b, 0x54, 0x8c, 0x26, 0xbf, 0xa2, 0x33, 0x28, 0x69, 0x70, 0x66, 0x38, 0xaf}: {
		Name: "WithdrawETH",
		Inputs: []ParamDef{
			{Type: "uint256", Indexed: false, Name: "amount"},
		},
	},
	{0x95, 0xa9, 0x41, 0x64, 0x03, 0xae, 0x92, 0xcc, 0x3b, 0x87, 0x75, 0xa9, 0x35, 0xb6, 0xf0, 0x93, 0x93, 0x3f, 0xee, 0x99, 0x19, 0xa0, 0xea, 0x28, 0x0d, 0x90, 0x30, 0x4f, 0x1a, 0x69, 0x8a, 0xf3}: {
		Name: "DailyPayoutPercentageUpdated",
		Inputs: []ParamDef{
			{Type: "uint256", Indexed: false, Name: "newPercentage"},
		},
	},
	{0x95, 0xac, 0xd4, 0x68, 0x4e, 0xfa, 0x2d, 0xf6, 0x9f, 0xba, 0x70, 0xce, 0x81, 0x8f, 0xab, 0xb3, 0x87, 0x0b, 0xf1, 0x06, 0x23, 0x2d, 0x74, 0xbe, 0x2c, 0x2f, 0xc5, 0x08, 0xae, 0xd1, 0x14, 0x68}: {
		Name: "ManageSigner",
		Inputs: []ParamDef{
			{Type: "address", Indexed: false, Name: "operator"},
			{Type: "address", Indexed: false, Name: "newSigner"},
		},
	},
	{0x96, 0xf2, 0x9b, 0x65, 0xce, 0xbb, 0xd6, 0x81, 0x63, 0x52, 0xfb, 0x24, 0x2b, 0x6a, 0xf7, 0x18, 0x0b, 0x49, 0xe8, 0xa0, 0x9e, 0x19, 0xe5, 0x89, 0x22, 0x5d, 0x35, 0xbc, 0x84, 0x44, 0xf0, 0xb7}: {
		Name: "OracleFailure",
		Inputs: []ParamDef{
			{Type: "address", Indexed: false, Name: "msgSender"},
			{Type: "address", Indexed: false, Name: "asset"},
			{Type: "uint256", Indexed: false, Name: "error"},
			{Type: "uint256", Indexed: false, Name: "info"},
			{Type: "uint256", Indexed: false, Name: "detail"},
		},
	},
	{0x97, 0x6f, 0xf2, 0xb0, 0x1c, 0xb4, 0x94, 0x43, 0x4f, 0x27, 0x0c, 0x12, 0xda, 0x5e, 0x45, 0xac, 0x90, 0xc6, 0x99, 0xb5, 0x0c, 0x23, 0x12, 0xe2, 0xbb, 0x2f, 0xea, 0xd2, 0x46, 0x6a, 0xa4, 0xfe}: {
		Name: "IncludedToFee",
		Inputs: []ParamDef{
			{Type: "address", Indexed: false, Name: "account"},
		},
	},
	{0x97, 0xdd, 0xeb, 0x77, 0xc8, 0x5e, 0x6a, 0x1d, 0xd9, 0x9a, 0x34, 0xfe, 0x2b, 0xb1, 0xa4, 0xf9, 0xb2, 0x11, 0xd5, 0xff, 0xce, 0xd7, 0xa7, 0x07, 0xde, 0x9d, 0xbe, 0xb2, 0x43, 0x63, 0xd0, 0xe4}: {
		Name: "LimitReached",
		Inputs: []ParamDef{
			{Type: "address", Indexed: true, Name: "addr"},
			{Type: "uint256", Indexed: false, Name: "amount"},
		},
	},
	{0x98, 0x4b, 0xcb, 0xb1, 0x0e, 0x4c, 0x15, 0x5e, 0x7d, 0x8b, 0x84, 0x7a, 0x2f, 0x2c, 0xe1, 0x6d, 0x71, 0x18, 0xa4, 0xa4, 0x58, 0x6f, 0x01, 0x11, 0x27, 0xee, 0xc7, 0x13, 0x4b, 0x43, 0x56, 0x85}: {
		Name: "ConfigSet",
		Inputs: []ParamDef{
			{Type: "tuple", Indexed: false, Name: "staticConfig"},
			{Type: "tuple", Indexed: false, Name: "dynamicConfig"},
		},
	},
	{0x98, 0x8c, 0xc1, 0x95, 0xbf, 0x41, 0x09, 0xcc, 0x40, 0xca, 0x94, 0xd3, 0xdd, 0x5b, 0xb7, 0x28, 0xd9, 0xa0, 0x59, 0x1e, 0xa6, 0x8a, 0x37, 0xdd, 0x40, 0x8d, 0x52, 0x28, 0x43, 0x58, 0x1d, 0xb1}: {
		Name: "StakeForfeited",
		Inputs: []ParamDef{
			{Type: "address", Indexed: true, Name: "user"},
			{Type: "uint256", Indexed: false, Name: "amount"},
		},
	},
	{0x98, 0xdd, 0xb5, 0x4e, 0x4b, 0xe7, 0x39, 0xf7, 0x66, 0x1f, 0xd0, 0xdf, 0x9e, 0xf2, 0x4c, 0xea, 0x55, 0x6f, 0x6b, 0x79, 0xcc, 0x0a, 0x41, 0x54, 0xd6, 0x97, 0xbc, 0x9a, 0x57, 0xb1, 0x18, 0x13}: {
		Name: "SellA7A5RatioUpdated",
		Inputs: []ParamDef{
			{Type: "uint256", Indexed: false, Name: "newRatio"},
		},
	},
	{0x98, 0xde, 0x50, 0x35, 0x28, 0xee, 0x59, 0xb5, 0x75, 0xef, 0x0c, 0x0a, 0x25, 0x76, 0xa8, 0x24, 0x97, 0xbf, 0xc0, 0x29, 0xa5, 0x68, 0x5b, 0x20, 0x9e, 0x9e, 0xc3, 0x33, 0x47, 0x9b, 0x10, 0xa5}: {
		Name: "AuthorizationUsed",
		Inputs: []ParamDef{
			{Type: "address", Indexed: true, Name: "authorizer"},
			{Type: "bytes32", Indexed: true, Name: "nonce"},
		},
	},
	{0x99, 0x4a, 0x93, 0x66, 0x46, 0xfe, 0x87, 0xff, 0xe4, 0xf1, 0xe4, 0x69, 0xd3, 0xd6, 0xaa, 0x41, 0x7d, 0x6b, 0x85, 0x55, 0x98, 0x39, 0x7f, 0x32, 0x3d, 0xe5, 0xb4, 0x49, 0xf7, 0x65, 0xf0, 0xc3}: {
		Name: "OwnerAdded",
		Inputs: []ParamDef{
			{Type: "address", Indexed: true, Name: "account"},
		},
	},
	{0x99, 0x85, 0x88, 0x6f, 0xa2, 0xf8, 0x48, 0xbe, 0x5f, 0x83, 0xe7, 0x9d, 0xf7, 0x59, 0x2a, 0xde, 0xbc, 0xe0, 0xc5, 0x54, 0x28, 0x32, 0x52, 0xf1, 0x2b, 0x1c, 0x6c, 0xa0, 0xc1, 0xe3, 0x50, 0x93}: {
		Name: "onRemoveLiquidity",
		Inputs: []ParamDef{
			{Type: "address", Indexed: true, Name: "provider"},
			{Type: "uint256", Indexed: true, Name: "trx_amount"},
			{Type: "uint256", Indexed: true, Name: "token_amount"},
		},
	},
	{0x99, 0x94, 0x69, 0xac, 0xd0, 0x74, 0x43, 0x13, 0x72, 0xa0, 0x1b, 0xbd, 0xc2, 0xfd, 0x7b, 0xac, 0x54, 0x6b, 0xf5, 0xfa, 0x4f, 0x60, 0x62, 0x69, 0xe6, 0x77, 0x1c, 0xc3, 0xd3, 0xa8, 0x67, 0x46}: {
		Name: "SwapExactETHForTokens",
		Inputs: []ParamDef{
			{Type: "address", Indexed: true, Name: "buyer"},
			{Type: "uint256", Indexed: true, Name: "amountIn"},
			{Type: "uint256[]", Indexed: false, Name: "amountsOut"},
		},
	},
	{0x9a, 0x63, 0xb6, 0xcd, 0x1f, 0xfb, 0x63, 0x03, 0xbc, 0xc3, 0x05, 0x4e, 0xcb, 0x01, 0x6f, 0xfa, 0xaa, 0x7d, 0x07, 0x06, 0xe3, 0xe2, 0x91, 0x3f, 0x0a, 0x99, 0xd9, 0xfe, 0xcb, 0x0c, 0x5d, 0x3d}: {
		Name: "RewardTreasury",
		Inputs: []ParamDef{
			{Type: "uint256", Indexed: false, Name: "reward"},
		},
	},
	{0x9a, 0x99, 0x27, 0x2c, 0x0f, 0x6b, 0x7a, 0x30, 0xef, 0x9e, 0x76, 0xe6, 0x84, 0xa7, 0xcd, 0x40, 0x8b, 0xfd, 0x4f, 0x11, 0xa7, 0x2f, 0x36, 0xa8, 0xe2, 0x76, 0x25, 0x3c, 0x92, 0x0e, 0x44, 0x2d}: {
		Name: "CustodianChangeConfirmed",
		Inputs: []ParamDef{
			{Type: "bytes32", Indexed: false, Name: "_lockId"},
			{Type: "address", Indexed: false, Name: "_newCustodian"},
		},
	},
	{0x9a, 0xf2, 0x66, 0xb6, 0xca, 0x49, 0x09, 0xf9, 0x88, 0xdc, 0x94, 0x8f, 0xb5, 0x0a, 0xd1, 0x51, 0x53, 0xab, 0xbe, 0x52, 0x53, 0x51, 0x88, 0x1b, 0xad, 0x4f, 0xa8, 0x58, 0xbe, 0x96, 0x51, 0x5c}: {
		Name: "TokenTransferred",
		Inputs: []ParamDef{
			{Type: "address", Indexed: true, Name: "token"},
			{Type: "address", Indexed: true, Name: "from"},
			{Type: "address", Indexed: true, Name: "to"},
			{Type: "uint256", Indexed: false, Name: "amount"},
		},
	},
	{0x9b, 0x1b, 0xfa, 0x7f, 0xa9, 0xee, 0x42, 0x0a, 0x16, 0xe1, 0x24, 0xf7, 0x94, 0xc3, 0x5a, 0xc9, 0xf9, 0x04, 0x72, 0xac, 0xc9, 0x91, 0x40, 0xeb, 0x2f, 0x64, 0x47, 0xc7, 0x14, 0xca, 0xd8, 0xeb}: {
		Name: "Withdraw",
		Inputs: []ParamDef{
			{Type: "address", Indexed: true, Name: "to"},
			{Type: "address", Indexed: false, Name: "token"},
			{Type: "uint256", Indexed: false, Name: "amount"},
		},
	},
	{0x9b, 0x21, 0x7a, 0x40, 0x1a, 0x5d, 0xdf, 0x7c, 0x4d, 0x47, 0x40, 0x74, 0xaf, 0xf9, 0x95, 0x8a, 0x18, 0xd4, 0x86, 0x90, 0xd7, 0x7c, 0xc2, 0x15, 0x1c, 0x47, 0x06, 0xaa, 0x73, 0x48, 0xb4, 0x01}: {
		Name: "LockedERC20",
		Inputs: []ParamDef{
			{Type: "address", Indexed: true, Name: "depositor"},
			{Type: "address", Indexed: true, Name: "depositReceiver"},
			{Type: "address", Indexed: true, Name: "rootToken"},
			{Type: "uint256", Indexed: false, Name: "amount"},
		},
	},
	{0x9b, 0x79, 0x36, 0x52, 0xde, 0x97, 0xf0, 0x4c, 0x51, 0x68, 0x92, 0x05, 0x87, 0xba, 0xd4, 0xb1, 0xc6, 0x34, 0x52, 0x95, 0xa8, 0xf5, 0xad, 0x31, 0xc5, 0x9f, 0xf9, 0x46, 0xa2, 0x6f, 0x91, 0xd2}: {
		Name: "RescueERC20",
		Inputs: []ParamDef{
			{Type: "address", Indexed: true, Name: "asset"},
			{Type: "address", Indexed: true, Name: "recipient"},
			{Type: "uint256", Indexed: false, Name: "amount"},
		},
	},
	{0x9b, 0xc7, 0xd1, 0x36, 0x87, 0xe9, 0xae, 0xea, 0x7d, 0xf4, 0x51, 0x99, 0x00, 0x91, 0xda, 0x57, 0xc4, 0x98, 0x19, 0xd8, 0x04, 0x9a, 0x9d, 0xf8, 0x62, 0x8b, 0xf6, 0xb5, 0xf8, 0x2d, 0x25, 0xf9}: {
		Name: "PurchaseInfl",
		Inputs: []ParamDef{
			{Type: "address", Indexed: false, Name: "buyer"},
			{Type: "uint256", Indexed: false, Name: "amountUSDT"},
			{Type: "uint256", Indexed: false, Name: "atlaAmount"},
		},
	},
	{0x9b, 0xcf, 0x94, 0x80, 0x6e, 0xcd, 0x54, 0x9c, 0x5f, 0xde, 0x16, 0xe5, 0x1a, 0x1a, 0xa0, 0x89, 0x69, 0xf4, 0x07, 0x66, 0xe4, 0x86, 0x08, 0x2f, 0xfa, 0x07, 0x76, 0xf5, 0x94, 0xce, 0xeb, 0xa0}: {
		Name: "FeeBpsSet",
		Inputs: []ParamDef{
			{Type: "uint16", Indexed: false, Name: "feeBps"},
		},
	},
	{0x9b, 0xdc, 0xd7, 0xb2, 0xde, 0x47, 0xaa, 0xdf, 0x92, 0x90, 0x5c, 0x62, 0xd9, 0xed, 0x9e, 0x7d, 0x1f, 0x02, 0xa4, 0x2a, 0x81, 0x87, 0xd0, 0x54, 0x9f, 0x68, 0x6c, 0x76, 0x14, 0x8c, 0x7c, 0x35}: {
		Name:   "BurningDisabled",
		Inputs: []ParamDef{},
	},
	{0x9c, 0xd6, 0x00, 0x8e, 0x8d, 0x4e, 0xbd, 0x34, 0xfd, 0x9d, 0x02, 0x22, 0x78, 0xfe, 0xc7, 0xf9, 0x5d, 0x13, 0x37, 0x80, 0xec, 0xc1, 0xa0, 0xde, 0xa4, 0x59, 0xfa, 0xe3, 0xe9, 0x67, 0x53, 0x90}: {
		Name: "TokensSent",
		Inputs: []ParamDef{
			{Type: "uint256", Indexed: false, Name: "amount"},
			{Type: "bytes32", Indexed: false, Name: "recipient"},
			{Type: "uint256", Indexed: false, Name: "destinationChainId"},
			{Type: "bytes32", Indexed: false, Name: "receiveToken"},
			{Type: "uint256", Indexed: false, Name: "nonce"},
			{Type: "uint8", Indexed: false, Name: "messenger"},
		},
	},
	{0x9c, 0xfd, 0x25, 0x58, 0x9d, 0x1e, 0xb8, 0xad, 0x71, 0xe3, 0x42, 0xa8, 0x6a, 0x85, 0x24, 0xe8, 0x35, 0x22, 0xe3, 0x93, 0x6c, 0x08, 0x03, 0x04, 0x8c, 0x08, 0xf6, 0xd9, 0xad, 0x97, 0x4f, 0x40}: {
		Name: "Staked",
		Inputs: []ParamDef{
			{Type: "address", Indexed: true, Name: "user"},
			{Type: "uint256", Indexed: false, Name: "amount"},
			{Type: "uint256", Indexed: false, Name: "timestamp"},
			{Type: "uint256", Indexed: false, Name: "index"},
			{Type: "uint256", Indexed: false, Name: "stakeTime"},
		},
	},
	{0x9d, 0x01, 0x46, 0x7f, 0xfc, 0xd1, 0xe0, 0x60, 0x48, 0x2b, 0x23, 0xc1, 0x6d, 0xfb, 0x8c, 0xb3, 0x71, 0xba, 0x58, 0x95, 0xa9, 0x57, 0x05, 0xcb, 0x3e, 0x92, 0xea, 0xc2, 0xda, 0xf4, 0x42, 0x17}: {
		Name: "Billing",
		Inputs: []ParamDef{
			{Type: "address", Indexed: false, Name: "target"},
			{Type: "address", Indexed: false, Name: "sender"},
			{Type: "address", Indexed: false, Name: "token"},
			{Type: "uint256", Indexed: false, Name: "amount"},
		},
	},
	{0x9d, 0x55, 0xb0, 0x34, 0x9a, 0x0a, 0x4c, 0x5b, 0x51, 0x1f, 0x72, 0x22, 0x81, 0x70, 0xbb, 0x91, 0xd4, 0x5c, 0x9a, 0xc7, 0x8d, 0xba, 0x8a, 0xb5, 0xb4, 0x17, 0x5d, 0x3e, 0xd4, 0x2f, 0x06, 0xb3}: {
		Name: "ImplChangeConfirmed",
		Inputs: []ParamDef{
			{Type: "bytes32", Indexed: false, Name: "_lockId"},
			{Type: "address", Indexed: false, Name: "_newImpl"},
		},
	},
	{0x9d, 0xb2, 0xd9, 0x5c, 0x64, 0x48, 0x70, 0xc7, 0x98, 0xc7, 0xc7, 0x93, 0xdb, 0x52, 0xfb, 0x78, 0x33, 0x8f, 0xcb, 0xbf, 0x96, 0x81, 0x23, 0x6b, 0x02, 0x49, 0x37, 0x0c, 0x1a, 0x29, 0xc0, 0x28}: {
		Name: "AtletaRefUpdated",
		Inputs: []ParamDef{
			{Type: "address", Indexed: true, Name: "oldRef"},
			{Type: "address", Indexed: true, Name: "newRef"},
		},
	},
	{0x9d, 0xfa, 0xf5, 0x50, 0xa5, 0xac, 0xb2, 0x26, 0x98, 0xab, 0xd9, 0x4e, 0x7b, 0xfd, 0x33, 0xc1, 0x75, 0xcb, 0x30, 0x93, 0xc6, 0xcd, 0x48, 0xd0, 0x46, 0x6b, 0x13, 0xa4, 0x3d, 0xac, 0xaf, 0x74}: {
		Name: "Confiscated",
		Inputs: []ParamDef{
			{Type: "address", Indexed: true, Name: "user"},
			{Type: "uint256", Indexed: false, Name: "amount"},
		},
	},
	{0x9e, 0x71, 0xbc, 0x8e, 0xea, 0x02, 0xa6, 0x39, 0x69, 0xf5, 0x09, 0x81, 0x8f, 0x2d, 0xaf, 0xb9, 0x25, 0x45, 0x32, 0x90, 0x43, 0x19, 0xf9, 0xdb, 0xda, 0x79, 0xb6, 0x7b, 0xd3, 0x4a, 0x5f, 0x3d}: {
		Name: "Staked",
		Inputs: []ParamDef{
			{Type: "address", Indexed: true, Name: "user"},
			{Type: "uint256", Indexed: false, Name: "amount"},
		},
	},
	{0x9e, 0x87, 0xfa, 0xc8, 0x8f, 0xf6, 0x61, 0xf0, 0x2d, 0x44, 0xf9, 0x53, 0x83, 0xc8, 0x17, 0xfe, 0xce, 0x4b, 0xce, 0x60, 0x0a, 0x3d, 0xab, 0x7a, 0x54, 0x40, 0x68, 0x78, 0xb9, 0x65, 0xe7, 0x52}: {
		Name:   "Paused",
		Inputs: []ParamDef{},
	},
	{0x9e, 0x96, 0xdd, 0x3b, 0x99, 0x7a, 0x2a, 0x25, 0x7e, 0xec, 0x4d, 0xf9, 0xbb, 0x6e, 0xaf, 0x62, 0x6e, 0x20, 0x6d, 0xf5, 0xf5, 0x43, 0xbd, 0x96, 0x36, 0x82, 0xd1, 0x43, 0x30, 0x0b, 0xe3, 0x10}: {
		Name: "RemoveLiquidityOne",
		Inputs: []ParamDef{
			{Type: "address", Indexed: true, Name: "provider"},
			{Type: "uint256", Indexed: false, Name: "token_amount"},
			{Type: "uint256", Indexed: false, Name: "coin_amount"},
		},
	},
	{0x9e, 0x9d, 0x07, 0x18, 0x24, 0xfd, 0x57, 0xd0, 0x62, 0xca, 0x63, 0xfd, 0x8b, 0x78, 0x6d, 0x8d, 0xa4, 0x8a, 0x68, 0x07, 0xee, 0xbb, 0xcb, 0x2d, 0x83, 0xf9, 0xe8, 0xd2, 0x13, 0x98, 0xe2, 0x8c}: {
		Name: "Invested",
		Inputs: []ParamDef{
			{Type: "address", Indexed: false, Name: "_user"},
			{Type: "uint256", Indexed: false, Name: "_tokenIndex"},
			{Type: "uint256", Indexed: false, Name: "_value"},
		},
	},
	{0x9e, 0xa2, 0x0b, 0x4b, 0x24, 0xa7, 0x3c, 0x0e, 0x97, 0x0c, 0x10, 0xaf, 0x33, 0x0a, 0xde, 0xc1, 0x9e, 0xee, 0xf1, 0x4a, 0x64, 0xc4, 0x73, 0x8b, 0xf9, 0x2f, 0xd2, 0x1d, 0xe1, 0xbb, 0xe5, 0x60}: {
		Name: "WalletAddedToWhitelist",
		Inputs: []ParamDef{
			{Type: "address", Indexed: true, Name: "wallet"},
		},
	},
	{0x9f, 0x4d, 0x15, 0x0e, 0x51, 0x93, 0xcf, 0xa9, 0xa8, 0x72, 0x26, 0x11, 0x1d, 0x3b, 0x60, 0xb6, 0x24, 0xd9, 0x7c, 0xcc, 0x05, 0x6e, 0xee, 0xac, 0x15, 0x69, 0xaf, 0x1e, 0xa2, 0x7b, 0xf6, 0x41}: {
		Name: "Upline",
		Inputs: []ParamDef{
			{Type: "address", Indexed: true, Name: "addr"},
			{Type: "address", Indexed: true, Name: "upline"},
		},
	},
	{0xa0, 0xbf, 0x37, 0x93, 0xf4, 0x2f, 0x87, 0x72, 0x1e, 0xfb, 0x04, 0x78, 0x3e, 0x33, 0xa4, 0x3c, 0x42, 0x33, 0x9e, 0xb9, 0xaf, 0xef, 0x99, 0xa2, 0xa9, 0x43, 0x7c, 0xcc, 0x22, 0xba, 0x8c, 0x31}: {
		Name: "RecoverParticipant",
		Inputs: []ParamDef{
			{Type: "address", Indexed: false, Name: "account"},
		},
	},
	{0xa1, 0xd6, 0x8c, 0xcc, 0x92, 0x8c, 0xdd, 0xbc, 0xbe, 0x74, 0x15, 0xdb, 0x4c, 0xd6, 0x05, 0xab, 0x5e, 0x3a, 0x1b, 0x60, 0xca, 0x2c, 0xff, 0x7a, 0x0a, 0x68, 0xfe, 0x66, 0x96, 0xfe, 0x3a, 0xcb}: {
		Name: "SetTimelock",
		Inputs: []ParamDef{
			{Type: "address", Indexed: false, Name: "timelock"},
		},
	},
	{0xa2, 0x23, 0x1b, 0x10, 0xd9, 0xb4, 0xe4, 0x16, 0x6c, 0x8a, 0x82, 0x7c, 0x99, 0xf9, 0x76, 0x91, 0xb0, 0x5a, 0xa8, 0x8f, 0xb0, 0x4e, 0x00, 0x9a, 0x4e, 0x49, 0x90, 0x05, 0xb5, 0xc5, 0x0f, 0xcc}: {
		Name: "TokensRecovered",
		Inputs: []ParamDef{
			{Type: "address", Indexed: true, Name: "caller"},
			{Type: "address", Indexed: true, Name: "tokenAddress"},
			{Type: "address", Indexed: true, Name: "recipient"},
			{Type: "uint256", Indexed: false, Name: "amount"},
		},
	},
	{0xa2, 0x33, 0xdd, 0xe6, 0xba, 0x6e, 0xf5, 0x45, 0xda, 0xf7, 0xab, 0x77, 0xe3, 0xcc, 0x6f, 0xfe, 0x26, 0x04, 0x34, 0x48, 0x8d, 0xca, 0xb0, 0x02, 0xc5, 0xce, 0xd2, 0xc9, 0x7a, 0x6c, 0x7f, 0x6e}: {
		Name: "ManageBWSwapFee",
		Inputs: []ParamDef{
			{Type: "address", Indexed: true, Name: "bwSwapFee"},
		},
	},
	{0xa2, 0xb7, 0x1e, 0xc6, 0xdf, 0x94, 0x93, 0x00, 0xb5, 0x9a, 0xab, 0x36, 0xb5, 0x5e, 0x18, 0x96, 0x97, 0xb7, 0x50, 0x11, 0x9d, 0xd3, 0x49, 0xfc, 0xfa, 0x8c, 0x0f, 0x77, 0x9e, 0x83, 0xc2, 0x54}: {
		Name: "RampA",
		Inputs: []ParamDef{
			{Type: "uint256", Indexed: false, Name: "old_A"},
			{Type: "uint256", Indexed: false, Name: "new_A"},
			{Type: "uint256", Indexed: false, Name: "initial_time"},
			{Type: "uint256", Indexed: false, Name: "future_time"},
		},
	},
	{0xa2, 0xbd, 0x9f, 0xcf, 0xcd, 0xba, 0x69, 0xf5, 0x2b, 0xcd, 0x9a, 0x52, 0x08, 0x46, 0xad, 0x4b, 0xd6, 0x85, 0xb1, 0x87, 0x48, 0x3f, 0x53, 0xef, 0xc4, 0x2d, 0x03, 0x5b, 0x2d, 0xde, 0xbf, 0xf0}: {
		Name: "TokenWithdrawn",
		Inputs: []ParamDef{
			{Type: "address", Indexed: true, Name: "token"},
			{Type: "uint256", Indexed: false, Name: "amount"},
		},
	},
	{0xa2, 0xea, 0x98, 0x83, 0xa3, 0x21, 0xa3, 0xe9, 0x7b, 0x82, 0x66, 0xc2, 0xb0, 0x78, 0xbf, 0xee, 0xc6, 0xd5, 0x0c, 0x71, 0x1e, 0xd7, 0x1f, 0x87, 0x4a, 0x90, 0xd5, 0x00, 0xae, 0x2e, 0xaf, 0x36}: {
		Name: "OwnerChanged",
		Inputs: []ParamDef{
			{Type: "address", Indexed: true, Name: "newOwner"},
		},
	},
	{0xa3, 0xa4, 0x07, 0xca, 0x9c, 0x8f, 0x72, 0x91, 0x8b, 0x37, 0xb7, 0x17, 0xaf, 0xb7, 0x0b, 0x7c, 0x6b, 0x00, 0x07, 0x8c, 0x3a, 0xec, 0xbf, 0xf6, 0x0d, 0xb5, 0x87, 0x28, 0x72, 0x55, 0x07, 0x7e}: {
		Name: "Outed",
		Inputs: []ParamDef{
			{Type: "bytes16", Indexed: true, Name: "uuid"},
			{Type: "address", Indexed: false, Name: "token"},
			{Type: "uint256", Indexed: false, Name: "amount"},
			{Type: "address", Indexed: false, Name: "to"},
		},
	},
	{0xa3, 0xb6, 0x2b, 0xc3, 0x63, 0x26, 0x05, 0x2d, 0x97, 0xea, 0x62, 0xd6, 0x3c, 0x3d, 0x60, 0x30, 0x8e, 0xd4, 0xc3, 0xea, 0x8a, 0xc0, 0x79, 0xdd, 0x84, 0x99, 0xf1, 0xe9, 0xc4, 0xf8, 0x0c, 0x0f}: {
		Name: "AdminRemoved",
		Inputs: []ParamDef{
			{Type: "address", Indexed: true, Name: "account"},
		},
	},
	{0xa3, 0xf1, 0xee, 0x91, 0x26, 0xa0, 0x74, 0xd9, 0x32, 0x6c, 0x68, 0x2f, 0x56, 0x17, 0x67, 0xf7, 0x10, 0xe9, 0x27, 0xfa, 0xa8, 0x11, 0xf7, 0xa9, 0x98, 0x29, 0xd4, 0x9d, 0xc4, 0x21, 0x79, 0x7a}: {
		Name: "RequirementChange",
		Inputs: []ParamDef{
			{Type: "uint256", Indexed: false, Name: "required"},
		},
	},
	{0xa3, 0xf6, 0x36, 0xdb, 0x0b, 0x76, 0xda, 0x13, 0x34, 0x6d, 0x04, 0xe9, 0xa8, 0x97, 0x0b, 0x81, 0xe1, 0x90, 0x00, 0x67, 0xa4, 0x75, 0xfe, 0xa9, 0x44, 0x00, 0x23, 0x2d, 0x17, 0x0f, 0x89, 0xc2}: {
		Name: "SwapExactTokensForTokens",
		Inputs: []ParamDef{
			{Type: "address", Indexed: true, Name: "buyer"},
			{Type: "uint256", Indexed: true, Name: "amountIn"},
			{Type: "uint256[]", Indexed: false, Name: "amountsOut"},
		},
	},
	{0xa4, 0x5f, 0x47, 0xfd, 0xea, 0x8a, 0x1e, 0xfd, 0xd9, 0x02, 0x9a, 0x56, 0x91, 0xc7, 0xf7, 0x59, 0xc3, 0x2b, 0x7c, 0x69, 0x86, 0x32, 0xb5, 0x63, 0x57, 0x3e, 0x15, 0x56, 0x25, 0xd1, 0x69, 0x33}: {
		Name:   "Unpaused",
		Inputs: []ParamDef{},
	},
	{0xa4, 0x9d, 0x4c, 0xf0, 0x26, 0x56, 0xae, 0xbf, 0x8c, 0x77, 0x1f, 0x5a, 0x85, 0x85, 0x63, 0x8a, 0x2a, 0x15, 0xee, 0x6c, 0x97, 0xcf, 0x72, 0x05, 0xd4, 0x20, 0x8e, 0xd7, 0xc1, 0xdf, 0x25, 0x2d}: {
		Name: "RemoveLiquidity",
		Inputs: []ParamDef{
			{Type: "address", Indexed: true, Name: "provider"},
			{Type: "uint256[3]", Indexed: false, Name: "token_amounts"},
			{Type: "uint256[3]", Indexed: false, Name: "fees"},
			{Type: "uint256", Indexed: false, Name: "token_supply"},
		},
	},
	{0xa5, 0xae, 0x83, 0x3d, 0x0b, 0xb1, 0xdc, 0xd6, 0x32, 0xd9, 0x8a, 0x8b, 0x70, 0x97, 0x3e, 0x85, 0x16, 0x81, 0x28, 0x98, 0xe1, 0x9b, 0xf2, 0x7b, 0x70, 0x07, 0x1e, 0xbc, 0x8d, 0xc5, 0x2c, 0x01}: {
		Name: "StakeLocked",
		Inputs: []ParamDef{
			{Type: "address", Indexed: true, Name: "account"},
			{Type: "uint256", Indexed: false, Name: "totalStaked"},
			{Type: "uint256", Indexed: false, Name: "unstakeDelaySec"},
		},
	},
	{0xa6, 0x74, 0x2e, 0xfd, 0x4f, 0x41, 0x0d, 0x6f, 0xd9, 0x68, 0x8a, 0x6c, 0xf6, 0xa1, 0x5b, 0x6d, 0x51, 0x12, 0x10, 0x97, 0xa2, 0x63, 0x05, 0x6a, 0x35, 0x76, 0xba, 0xaa, 0xcd, 0xc4, 0xa9, 0xae}: {
		Name: "SetTokenThreshold",
		Inputs: []ParamDef{
			{Type: "address", Indexed: false, Name: "token"},
			{Type: "uint256", Indexed: false, Name: "threshold"},
		},
	},
	{0xa6, 0xd5, 0x1c, 0x27, 0xfc, 0x61, 0xda, 0x8f, 0x21, 0xfd, 0x85, 0x42, 0xd6, 0x9e, 0x95, 0x25, 0x4d, 0x24, 0x80, 0x38, 0x66, 0x7c, 0xcc, 0xea, 0x2a, 0x49, 0x2d, 0x3f, 0xfb, 0x32, 0x83, 0xb9}: {
		Name: "UpdaterAuthorizationChanged",
		Inputs: []ParamDef{
			{Type: "address", Indexed: true, Name: "updater"},
			{Type: "bool", Indexed: true, Name: "isAuthorized"},
		},
	},
	{0xa8, 0x2a, 0x64, 0x9b, 0xbd, 0x06, 0x0c, 0x90, 0x99, 0xcd, 0x7b, 0x73, 0x26, 0xe2, 0xb0, 0xdc, 0x9e, 0x9a, 0xf0, 0x83, 0x64, 0x80, 0xe0, 0xf8, 0x49, 0xdc, 0x9e, 0xaa, 0x79, 0x71, 0x0b, 0x3b}: {
		Name: "NonceIncremented",
		Inputs: []ParamDef{
			{Type: "address", Indexed: true, Name: "maker"},
			{Type: "uint256", Indexed: false, Name: "newNonce"},
		},
	},
	{0xa8, 0x68, 0x64, 0xfa, 0x6b, 0x65, 0xf9, 0x69, 0xd5, 0xac, 0x83, 0x91, 0xdd, 0xaa, 0xc6, 0xa0, 0xeb, 0xa3, 0xf4, 0x13, 0x86, 0xcb, 0xf6, 0xe7, 0x8c, 0x3e, 0x4d, 0x6c, 0x59, 0xeb, 0x11, 0x5f}: {
		Name: "PendingOwnerSet",
		Inputs: []ParamDef{
			{Type: "address", Indexed: true, Name: "oldPendingOwner"},
			{Type: "address", Indexed: true, Name: "newPendingOwner"},
		},
	},
	{0xa8, 0xc8, 0x0c, 0x67, 0x0e, 0x65, 0xbf, 0x3f, 0x53, 0x15, 0x09, 0x86, 0xcf, 0x42, 0xe1, 0xc2, 0x93, 0x6c, 0x13, 0x50, 0xe1, 0x85, 0x33, 0x6e, 0x8a, 0xac, 0xd9, 0x50, 0x06, 0x20, 0xd9, 0x85}: {
		Name: "Exchange",
		Inputs: []ParamDef{
			{Type: "address", Indexed: true, Name: "tokenFrom"},
			{Type: "address", Indexed: true, Name: "tokenTo"},
			{Type: "uint256", Indexed: false, Name: "amountIn"},
			{Type: "uint256", Indexed: false, Name: "amountOut"},
			{Type: "uint256", Indexed: false, Name: "feeRatio"},
			{Type: "uint256", Indexed: false, Name: "exchangeRate"},
		},
	},
	{0xa9, 0x1e, 0x67, 0xc5, 0xea, 0x63, 0x4c, 0xd4, 0x3a, 0x12, 0xc5, 0xa4, 0x82, 0x72, 0x4b, 0x03, 0xde, 0x01, 0xe8, 0x5c, 0xa6, 0x87, 0x02, 0xa5, 0x3d, 0x0c, 0x2f, 0x45, 0xcb, 0x7c, 0x1d, 0xc5}: {
		Name: "ReservesAdded",
		Inputs: []ParamDef{
			{Type: "address", Indexed: false, Name: "benefactor"},
			{Type: "uint256", Indexed: false, Name: "addAmount"},
			{Type: "uint256", Indexed: false, Name: "newTotalReserves"},
		},
	},
	{0xa9, 0x30, 0xda, 0x1d, 0x3f, 0x27, 0xa2, 0x58, 0x92, 0x30, 0x7d, 0xd5, 0x9c, 0xec, 0x52, 0xdd, 0x9b, 0x88, 0x16, 0x61, 0xa0, 0xf2, 0x03, 0x64, 0x75, 0x7f, 0x83, 0xa0, 0xda, 0x2f, 0x68, 0x73}: {
		Name: "SwappedToVUsd",
		Inputs: []ParamDef{
			{Type: "address", Indexed: false, Name: "sender"},
			{Type: "address", Indexed: false, Name: "token"},
			{Type: "uint256", Indexed: false, Name: "amount"},
			{Type: "uint256", Indexed: false, Name: "vUsdAmount"},
			{Type: "uint256", Indexed: false, Name: "fee"},
		},
	},
	{0xa9, 0xc9, 0x2a, 0xf3, 0x40, 0x52, 0x14, 0x3c, 0xf1, 0x2a, 0x09, 0x01, 0x1d, 0x1a, 0x17, 0x9c, 0x89, 0x19, 0x78, 0xb3, 0x08, 0xf9, 0x22, 0x18, 0x1a, 0xe1, 0x33, 0xad, 0x39, 0x25, 0x07, 0x6d}: {
		Name: "SetDeviation",
		Inputs: []ParamDef{
			{Type: "uint256", Indexed: false, Name: "deviation"},
		},
	},
	{0xaa, 0xa6, 0x83, 0x12, 0xe2, 0xea, 0x9d, 0x50, 0xe1, 0x6a, 0xf5, 0x06, 0x84, 0x10, 0xab, 0x56, 0xe1, 0xa1, 0xfd, 0x06, 0x03, 0x7b, 0x1a, 0x35, 0x66, 0x48, 0x12, 0xc3, 0x0f, 0x82, 0x14, 0x60}: {
		Name: "NewReserveFactor",
		Inputs: []ParamDef{
			{Type: "uint256", Indexed: false, Name: "oldReserveFactorMantissa"},
			{Type: "uint256", Indexed: false, Name: "newReserveFactorMantissa"},
		},
	},
	{0xab, 0x27, 0x92, 0x77, 0x42, 0x25, 0xcd, 0x10, 0x65, 0x0c, 0xb5, 0x1e, 0x1f, 0x23, 0x89, 0xe0, 0x6c, 0x77, 0xda, 0x44, 0x57, 0xb9, 0x6a, 0xc7, 0xac, 0xdb, 0x1b, 0x18, 0xb2, 0x54, 0x0f, 0xaa}: {
		Name: "TotalUnclaimedRewardsUpdated",
		Inputs: []ParamDef{
			{Type: "uint256", Indexed: false, Name: "newTotal"},
		},
	},
	{0xab, 0x56, 0x1b, 0xa8, 0xdf, 0x33, 0x04, 0x98, 0x15, 0x6d, 0x42, 0xee, 0x8d, 0xa0, 0x10, 0xaa, 0xa7, 0x98, 0x70, 0x21, 0x35, 0x2a, 0xd5, 0x6f, 0x39, 0xef, 0x0b, 0x89, 0x1a, 0x48, 0x05, 0x5c}: {
		Name: "T42Migrated",
		Inputs: []ParamDef{
			{Type: "address", Indexed: true, Name: "who"},
			{Type: "uint256", Indexed: false, Name: "t42Amount"},
			{Type: "uint256", Indexed: false, Name: "v42Amount"},
		},
	},
	{0xab, 0x85, 0x30, 0xf8, 0x7d, 0xc9, 0xb5, 0x92, 0x34, 0xc4, 0x62, 0x3b, 0xf9, 0x17, 0x21, 0x2b, 0xb2, 0x53, 0x6d, 0x64, 0x75, 0x74, 0xc8, 0xe7, 0xe5, 0xda, 0x92, 0xc2, 0xed, 0xe0, 0xc9, 0xf8}: {
		Name: "Mint",
		Inputs: []ParamDef{
			{Type: "address", Indexed: true, Name: "minter"},
			{Type: "address", Indexed: true, Name: "to"},
			{Type: "uint256", Indexed: false, Name: "amount"},
		},
	},
	{0xab, 0xf8, 0xa0, 0xbc, 0x0c, 0x63, 0x41, 0xb6, 0x4d, 0xfa, 0x02, 0x6a, 0x55, 0x1c, 0xda, 0x9d, 0x3b, 0xeb, 0x0e, 0x05, 0x25, 0x75, 0x83, 0x03, 0x02, 0x6b, 0xac, 0xbc, 0x11, 0xad, 0x1d, 0x8c}: {
		Name: "BridgeBurn",
		Inputs: []ParamDef{
			{Type: "address", Indexed: true, Name: "from"},
			{Type: "address", Indexed: true, Name: "by"},
			{Type: "uint256", Indexed: false, Name: "value"},
		},
	},
	{0xab, 0xfc, 0xc2, 0x3f, 0xe0, 0x04, 0xd3, 0xdc, 0xb1, 0x3c, 0x3c, 0xa8, 0xa2, 0xf9, 0xd4, 0x6f, 0xe4, 0x0d, 0x60, 0x5b, 0xff, 0xb5, 0x2d, 0x6f, 0x15, 0xc8, 0x35, 0xe4, 0xe6, 0x30, 0x77, 0xdf}: {
		Name: "EnforcedOptionSet",
		Inputs: []ParamDef{
			{Type: "tuple[]", Indexed: false, Name: "_enforcedOptions"},
		},
	},
	{0xab, 0xff, 0x69, 0x01, 0x2e, 0x86, 0x15, 0x72, 0x9d, 0xfc, 0xbe, 0x25, 0xd4, 0xc0, 0x03, 0xcf, 0x6c, 0xe7, 0xc5, 0x9d, 0x5e, 0xc1, 0x65, 0x30, 0xf8, 0xd5, 0x1b, 0x1b, 0x24, 0x64, 0x69, 0x44}: {
		Name: "onDonation",
		Inputs: []ParamDef{
			{Type: "address", Indexed: true, Name: "customerAddress"},
			{Type: "uint256", Indexed: false, Name: "tokens"},
		},
	},
	{0xad, 0x2f, 0x86, 0xb0, 0x1e, 0xd9, 0x3b, 0x4b, 0x3a, 0x15, 0x0d, 0x44, 0x8c, 0x61, 0xa4, 0xf5, 0xd8, 0xd3, 0x80, 0x75, 0xd3, 0xc0, 0xc6, 0x4c, 0xc0, 0xa2, 0x6f, 0xd6, 0xe1, 0xf4, 0x95, 0x45}: {
		Name: "RewardsDurationUpdated",
		Inputs: []ParamDef{
			{Type: "address", Indexed: false, Name: "token"},
			{Type: "uint256", Indexed: false, Name: "newDuration"},
		},
	},
	{0xad, 0xec, 0x52, 0xfc, 0xd1, 0x40, 0x85, 0x89, 0x17, 0x9b, 0x85, 0xe4, 0x4b, 0x43, 0x43, 0x74, 0xdb, 0x07, 0x8b, 0x4e, 0xaf, 0x79, 0x3e, 0x7d, 0x1a, 0x1b, 0xb0, 0xae, 0x4e, 0xcf, 0xee, 0xe5}: {
		Name: "Withdrew",
		Inputs: []ParamDef{
			{Type: "address", Indexed: false, Name: "_user"},
			{Type: "uint256", Indexed: false, Name: "_tokenIndex"},
			{Type: "uint256", Indexed: false, Name: "_value"},
		},
	},
	{0xae, 0x30, 0xdc, 0x3f, 0x11, 0xbb, 0x6b, 0x17, 0x8a, 0xaf, 0xe5, 0xe7, 0xfc, 0x56, 0x8f, 0xb6, 0xd8, 0x72, 0x00, 0x06, 0x8a, 0x94, 0x4a, 0x80, 0x15, 0xc0, 0xdb, 0x1b, 0x45, 0x33, 0xdb, 0xb8}: {
		Name: "ExecuteTransaction",
		Inputs: []ParamDef{
			{Type: "uint256", Indexed: true, Name: "txId"},
		},
	},
	{0xae, 0x51, 0x84, 0xfb, 0xa8, 0x32, 0xcb, 0x2b, 0x1f, 0x70, 0x2a, 0xca, 0x61, 0x17, 0xb8, 0xd2, 0x65, 0xea, 0xf0, 0x3a, 0xd3, 0x3e, 0xb1, 0x33, 0xf1, 0x9d, 0xde, 0x0f, 0x59, 0x20, 0xfa, 0x08}: {
		Name:   "MintFinished",
		Inputs: []ParamDef{},
	},
	{0xae, 0x78, 0xc0, 0x99, 0x80, 0x33, 0x60, 0x9c, 0xfa, 0x2f, 0x64, 0xf6, 0x9e, 0x37, 0x2f, 0x29, 0x86, 0x63, 0x87, 0xbb, 0xa2, 0xfc, 0x35, 0xdf, 0x56, 0x50, 0x36, 0xd5, 0x05, 0xf7, 0xd1, 0xa1}: {
		Name: "RemoteWithdrawn",
		Inputs: []ParamDef{
			{Type: "bytes32", Indexed: false, Name: "guid"},
			{Type: "uint32", Indexed: false, Name: "dstEid"},
			{Type: "uint256", Indexed: false, Name: "amount"},
		},
	},
	{0xae, 0xbf, 0x32, 0x95, 0x00, 0x98, 0x8c, 0x64, 0x88, 0xa0, 0x07, 0x4e, 0x5a, 0x0a, 0x9f, 0xf3, 0x04, 0x56, 0x1f, 0xc5, 0xc6, 0xfc, 0x87, 0x7a, 0xeb, 0x1d, 0x59, 0xc8, 0x28, 0x2c, 0x34, 0x80}: {
		Name:   "CheckAccessEnabled",
		Inputs: []ParamDef{},
	},
	{0xae, 0xef, 0x64, 0xb7, 0x68, 0x7b, 0x98, 0x56, 0x65, 0xb6, 0x62, 0x0c, 0x7f, 0xa2, 0x71, 0xb6, 0xf0, 0x51, 0xa3, 0xfb, 0xe2, 0xbf, 0xc3, 0x66, 0xfb, 0x9c, 0x96, 0x46, 0x02, 0xeb, 0x6d, 0x26}: {
		Name: "BurnCompleted",
		Inputs: []ParamDef{
			{Type: "bytes32", Indexed: true, Name: "id"},
			{Type: "bytes32", Indexed: true, Name: "crossChainID"},
			{Type: "address", Indexed: true, Name: "to"},
			{Type: "uint256", Indexed: false, Name: "amount"},
			{Type: "uint256", Indexed: false, Name: "bridgingFee"},
			{Type: "address", Indexed: false, Name: "token"},
		},
	},
	{0xaf, 0x04, 0x50, 0xc3, 0x92, 0xc4, 0xf7, 0x02, 0x51, 0x5a, 0x45, 0x7a, 0x36, 0x23, 0x28, 0xc8, 0xaa, 0x21, 0x91, 0x60, 0x48, 0xca, 0x6d, 0x04, 0x19, 0xe2, 0x48, 0xb3, 0x0c, 0xb5, 0x52, 0x92}: {
		Name: "PacketNilified",
		Inputs: []ParamDef{
			{Type: "uint32", Indexed: false, Name: "srcEid"},
			{Type: "bytes32", Indexed: false, Name: "sender"},
			{Type: "address", Indexed: false, Name: "receiver"},
			{Type: "uint64", Indexed: false, Name: "nonce"},
			{Type: "bytes32", Indexed: false, Name: "payloadHash"},
		},
	},
	{0xaf, 0x79, 0xb4, 0x37, 0x0f, 0x6a, 0xf9, 0xd9, 0x50, 0x56, 0x4b, 0xbe, 0x6b, 0x81, 0xf7, 0xf0, 0x83, 0x4c, 0x00, 0x3c, 0x45, 0x5d, 0xb9, 0x24, 0x8f, 0x4e, 0x55, 0xe6, 0xbf, 0x86, 0x5e, 0xb7}: {
		Name:   "MintingDisabled",
		Inputs: []ParamDef{},
	},
	{0xaf, 0x85, 0x5a, 0x7e, 0x40, 0x74, 0xe8, 0x93, 0x0c, 0xaf, 0x65, 0x7b, 0x35, 0x05, 0x94, 0x2d, 0x4b, 0xa0, 0xe6, 0x9b, 0x6b, 0x6e, 0x63, 0x55, 0x3c, 0x65, 0x3d, 0x7b, 0x1f, 0xfc, 0xc0, 0x61}: {
		Name: "ChangeTransitFees",
		Inputs: []ParamDef{
			{Type: "address", Indexed: true, Name: "previousTransitFees"},
			{Type: "address", Indexed: true, Name: "newTransitFees"},
		},
	},
	{0xaf, 0xfe, 0xbb, 0xdd, 0x31, 0xc6, 0x25, 0x3a, 0xe2, 0xea, 0x13, 0x2d, 0x4a, 0x13, 0x2d, 0x79, 0xb3, 0xad, 0x07, 0xed, 0x27, 0x20, 0xb5, 0x17, 0x49, 0xaa, 0x97, 0x33, 0x0a, 0x7b, 0xdb, 0x13}: {
		Name: "onSummary",
		Inputs: []ParamDef{
			{Type: "uint256", Indexed: false, Name: "liquidity"},
			{Type: "uint256", Indexed: false, Name: "price"},
		},
	},
	{0xb0, 0x1b, 0x03, 0x04, 0xcd, 0xca, 0xff, 0xa1, 0x3e, 0x4b, 0x57, 0xec, 0xbe, 0x28, 0x0d, 0xa1, 0x83, 0xaf, 0xb7, 0x19, 0xbe, 0xcd, 0x1d, 0x56, 0xe9, 0x21, 0x1c, 0xc3, 0x78, 0x1e, 0xa4, 0x21}: {
		Name: "ExchangeRateChanged",
		Inputs: []ParamDef{
			{Type: "uint256", Indexed: false, Name: "oldRate"},
			{Type: "uint256", Indexed: false, Name: "newRate"},
		},
	},
	{0xb0, 0x22, 0x85, 0xcc, 0x37, 0x8b, 0x98, 0x35, 0x20, 0x15, 0x48, 0x4b, 0x90, 0x57, 0xcf, 0x3a, 0xef, 0xd2, 0xcd, 0x6e, 0x47, 0xe0, 0x88, 0xb1, 0x91, 0xdd, 0xe1, 0xe9, 0xd6, 0x22, 0x8a, 0x96}: {
		Name: "SetNextRewardInfo",
		Inputs: []ParamDef{
			{Type: "address", Indexed: true, Name: "user"},
			{Type: "bool", Indexed: false, Name: "can"},
			{Type: "uint256", Indexed: false, Name: "reward"},
			{Type: "uint256", Indexed: false, Name: "DURATION_NEW"},
		},
	},
	{0xb0, 0x44, 0xa1, 0xe4, 0x09, 0xea, 0xc5, 0xc4, 0x8e, 0x5a, 0xf2, 0x2d, 0x4a, 0xf5, 0x26, 0x70, 0xdd, 0x1a, 0x99, 0x05, 0x95, 0x37, 0xa7, 0x8b, 0x31, 0xb4, 0x8c, 0x65, 0x00, 0xa6, 0x35, 0x4e}: {
		Name: "Params",
		Inputs: []ParamDef{
			{Type: "uint256", Indexed: false, Name: "feeBasisPoints"},
			{Type: "uint256", Indexed: false, Name: "maxFee"},
		},
	},
	{0xb0, 0x4e, 0x3a, 0x37, 0xab, 0xe9, 0xc0, 0xfc, 0xdf, 0xeb, 0xde, 0xae, 0x01, 0x9a, 0x8e, 0x2b, 0x12, 0xdd, 0xf5, 0x3f, 0x5d, 0x55, 0xff, 0xb0, 0xca, 0xcc, 0xc1, 0xbe, 0xda, 0xca, 0x15, 0x41}: {
		Name: "ValidatorConfigSet",
		Inputs: []ParamDef{
			{Type: "address", Indexed: true, Name: "previousValidator"},
			{Type: "uint32", Indexed: false, Name: "previousGasLimit"},
			{Type: "address", Indexed: true, Name: "currentValidator"},
			{Type: "uint32", Indexed: false, Name: "currentGasLimit"},
		},
	},
	{0xb0, 0x4e, 0x63, 0xdb, 0x38, 0xc4, 0x99, 0x50, 0x63, 0x9f, 0xa0, 0x9d, 0x29, 0x87, 0x2f, 0x21, 0xf5, 0xd4, 0x9d, 0x61, 0x4f, 0x3a, 0x96, 0x9d, 0x8a, 0xdf, 0x3d, 0x4b, 0x52, 0xe4, 0x1a, 0x62}: {
		Name: "Transmitted",
		Inputs: []ParamDef{
			{Type: "bytes32", Indexed: false, Name: "configDigest"},
			{Type: "uint32", Indexed: false, Name: "epoch"},
		},
	},
	{0xb1, 0x0e, 0x37, 0xe7, 0x59, 0x44, 0x58, 0xeb, 0x76, 0xf3, 0xdf, 0x93, 0x31, 0x29, 0xe8, 0x97, 0xd6, 0xf5, 0xac, 0x58, 0xa7, 0x99, 0x33, 0xae, 0x8f, 0x3d, 0xa8, 0x71, 0x96, 0x47, 0x8f, 0x8c}: {
		Name: "PaymentTransfer",
		Inputs: []ParamDef{
			{Type: "address", Indexed: true, Name: "from"},
			{Type: "address", Indexed: true, Name: "to"},
			{Type: "uint256", Indexed: false, Name: "amount"},
		},
	},
	{0xb1, 0x4a, 0x72, 0x5a, 0xee, 0xb2, 0x5d, 0x59, 0x1b, 0x81, 0xb1, 0x6b, 0x4c, 0x5b, 0x25, 0x40, 0x3d, 0xd8, 0x86, 0x7b, 0xdd, 0x18, 0x76, 0xfa, 0x78, 0x78, 0x67, 0xf5, 0x66, 0x20, 0x6b, 0xe1}: {
		Name: "PairCreated",
		Inputs: []ParamDef{
			{Type: "address", Indexed: false, Name: "pair"},
		},
	},
	{0xb1, 0x95, 0xda, 0xb6, 0xf0, 0xba, 0xc7, 0xff, 0xe6, 0x23, 0xeb, 0xb5, 0x75, 0x99, 0xa8, 0x7a, 0x1a, 0x54, 0xf6, 0x00, 0xb0, 0xbb, 0xd6, 0xfb, 0x11, 0x63, 0x6a, 0xa6, 0xaf, 0xb1, 0xcf, 0x12}: {
		Name: "PoolTransferWallet",
		Inputs: []ParamDef{
			{Type: "address", Indexed: false, Name: "admin"},
			{Type: "address", Indexed: false, Name: "wallet"},
			{Type: "uint256", Indexed: false, Name: "tokenBalance"},
			{Type: "uint256", Indexed: false, Name: "time"},
			{Type: "uint256", Indexed: false, Name: "halvingId"},
			{Type: "uint256", Indexed: false, Name: "_block"},
		},
	},
	{0xb2, 0x0a, 0xb8, 0x2b, 0x64, 0x43, 0x50, 0xab, 0x12, 0xf9, 0x07, 0x53, 0xdb, 0xc1, 0xbb, 0x9d, 0x33, 0xfe, 0x2e, 0x67, 0xee, 0x88, 0x67, 0xae, 0x9f, 0x00, 0x23, 0x09, 0x6f, 0x5a, 0x4b, 0xc8}: {
		Name: "DefaultExecutorConfigsSet",
		Inputs: []ParamDef{
			{Type: "tuple[]", Indexed: false, Name: "params"},
		},
	},
	{0xb2, 0x1a, 0xfb, 0x9c, 0xe9, 0xbe, 0x0a, 0x67, 0x6f, 0x8f, 0x31, 0x7f, 0xf0, 0xca, 0x07, 0x2f, 0xb8, 0x9a, 0x4f, 0x8c, 0xe2, 0xd1, 0xb6, 0xfe, 0x80, 0xf8, 0x75, 0x5c, 0x14, 0xf1, 0xcb, 0x19}: {
		Name: "MinterUpdated",
		Inputs: []ParamDef{
			{Type: "address", Indexed: true, Name: "minter"},
			{Type: "bool", Indexed: false, Name: "authorized"},
		},
	},
	{0xb2, 0x79, 0x70, 0xc1, 0x71, 0x4b, 0x28, 0x27, 0x7b, 0x78, 0xcc, 0x17, 0xac, 0x2f, 0xe9, 0x55, 0x6e, 0x7f, 0x04, 0x8c, 0xd4, 0x83, 0x58, 0xcf, 0xfe, 0x3d, 0xc7, 0xd5, 0x47, 0x60, 0x8f, 0xdc}: {
		Name: "OwnershipAccepted",
		Inputs: []ParamDef{
			{Type: "address", Indexed: true, Name: "caller"},
		},
	},
	{0xb3, 0xaa, 0xac, 0xe6, 0x52, 0x1d, 0xe4, 0x97, 0x55, 0x4d, 0xd9, 0xed, 0xb7, 0x70, 0x49, 0xac, 0x0a, 0x55, 0x99, 0x70, 0x76, 0xdd, 0x80, 0x09, 0xae, 0xfa, 0x0a, 0xa9, 0x6f, 0x25, 0x24, 0x8a}: {
		Name: "BWBridge",
		Inputs: []ParamDef{
			{Type: "uint256", Indexed: true, Name: "orderStatus"},
			{Type: "bytes32", Indexed: true, Name: "transferId"},
			{Type: "address", Indexed: false, Name: "vaultReceiver"},
			{Type: "address", Indexed: false, Name: "sender"},
			{Type: "address", Indexed: false, Name: "receiver"},
			{Type: "address", Indexed: false, Name: "srcToken"},
			{Type: "address", Indexed: false, Name: "dstToken"},
			{Type: "uint256", Indexed: false, Name: "srcChainId"},
			{Type: "uint256", Indexed: false, Name: "dstChainId"},
			{Type: "uint256", Indexed: false, Name: "orderAmount"},
			{Type: "uint256", Indexed: false, Name: "amount"},
			{Type: "uint256", Indexed: false, Name: "timestamp"},
			{Type: "uint256", Indexed: false, Name: "deadline"},
		},
	},
	{0xb3, 0xbb, 0x58, 0xc4, 0x88, 0x78, 0x1c, 0x6f, 0x37, 0x05, 0x9c, 0x98, 0x1f, 0x15, 0x07, 0xfe, 0xc8, 0x48, 0xf3, 0xa0, 0x5d, 0x5a, 0x2c, 0x35, 0x2e, 0xbc, 0x20, 0x1e, 0x23, 0xea, 0x72, 0xd5}: {
		Name: "UpdateParticipantAccount",
		Inputs: []ParamDef{
			{Type: "address", Indexed: false, Name: "oldAccount"},
			{Type: "address", Indexed: false, Name: "account"},
		},
	},
	{0xb3, 0xd5, 0x51, 0x74, 0x55, 0x22, 0x71, 0xa4, 0xf1, 0xaa, 0xf3, 0x6b, 0x72, 0xf5, 0x03, 0x81, 0xe8, 0x92, 0x17, 0x16, 0x36, 0xb3, 0xfb, 0x54, 0x47, 0xfe, 0x00, 0xe9, 0x95, 0xe7, 0xa3, 0x7b}: {
		Name: "NewPendingOwner",
		Inputs: []ParamDef{
			{Type: "address", Indexed: false, Name: "currentOwner"},
			{Type: "address", Indexed: false, Name: "pendingOwner"},
		},
	},
	{0xb4, 0x04, 0xfa, 0x9a, 0x1f, 0xa4, 0x5f, 0xc1, 0x08, 0xe8, 0xfe, 0x2e, 0x66, 0xba, 0x5c, 0x46, 0xe2, 0x53, 0x87, 0x6c, 0x02, 0x78, 0x71, 0xc1, 0x0e, 0x69, 0x9b, 0x9c, 0xe5, 0xc4, 0xef, 0xfe}: {
		Name: "RemovedFeeList",
		Inputs: []ParamDef{
			{Type: "address", Indexed: true, Name: "account"},
		},
	},
	{0xb5, 0x32, 0x07, 0x3b, 0x38, 0xc8, 0x31, 0x45, 0xe3, 0xe5, 0x13, 0x53, 0x77, 0xa0, 0x8b, 0xf9, 0xaa, 0xb5, 0x5b, 0xc0, 0xfd, 0x7c, 0x11, 0x79, 0xcd, 0x4f, 0xb9, 0x95, 0xd2, 0xa5, 0x15, 0x9c}: {
		Name: "OwnerChanged",
		Inputs: []ParamDef{
			{Type: "address", Indexed: true, Name: "oldOwner"},
			{Type: "address", Indexed: true, Name: "newOwner"},
		},
	},
	{0xb5, 0x49, 0xbf, 0xa3, 0x2c, 0xaa, 0x48, 0x1d, 0x70, 0xc5, 0xa9, 0xf2, 0x5b, 0x5f, 0x46, 0x51, 0x25, 0xc4, 0xa7, 0x40, 0xc1, 0xdd, 0xfb, 0x6a, 0x44, 0xf6, 0x5d, 0x30, 0xbc, 0x5f, 0x30, 0x62}: {
		Name: "InsertOperator",
		Inputs: []ParamDef{
			{Type: "address", Indexed: false, Name: "account"},
		},
	},
	{0xb5, 0x53, 0xc2, 0x7b, 0x29, 0x0d, 0x11, 0x78, 0x01, 0xad, 0xd9, 0xbf, 0xe5, 0xb9, 0xc8, 0x26, 0x55, 0xaa, 0xa3, 0xf3, 0xb1, 0xff, 0x88, 0xf0, 0x4e, 0x80, 0x62, 0xe5, 0x39, 0x85, 0x42, 0x9a}: {
		Name: "LocalWithdrawn",
		Inputs: []ParamDef{
			{Type: "address", Indexed: false, Name: "to"},
			{Type: "uint256", Indexed: false, Name: "amount"},
		},
	},
	{0xb7, 0x8e, 0xbc, 0x57, 0x3f, 0x1f, 0x88, 0x9c, 0xa9, 0xe1, 0xe0, 0xfb, 0x62, 0xc8, 0x43, 0xc8, 0x36, 0xf3, 0xd3, 0xa2, 0xe1, 0xf4, 0x3e, 0xf6, 0x29, 0x40, 0xe9, 0xb8, 0x94, 0xf4, 0xea, 0x4c}: {
		Name: "LogMedianPrice",
		Inputs: []ParamDef{
			{Type: "uint256", Indexed: false, Name: "val"},
			{Type: "uint256", Indexed: false, Name: "age"},
		},
	},
	{0xb7, 0xc9, 0x18, 0xe0, 0xe2, 0x49, 0xf9, 0x99, 0xe9, 0x65, 0xca, 0xfe, 0xb6, 0xc6, 0x64, 0x27, 0x1b, 0x3f, 0x43, 0x17, 0xd2, 0x96, 0x46, 0x15, 0x00, 0xe7, 0x1d, 0xa3, 0x9f, 0x0c, 0xbd, 0xa3}: {
		Name: "StakeWithdrawn",
		Inputs: []ParamDef{
			{Type: "address", Indexed: true, Name: "account"},
			{Type: "address", Indexed: false, Name: "withdrawAddress"},
			{Type: "uint256", Indexed: false, Name: "amount"},
		},
	},
	{0xb8, 0x04, 0x82, 0xa2, 0x93, 0xca, 0x2e, 0x01, 0x3e, 0xda, 0x86, 0x83, 0xc9, 0xbd, 0x7f, 0xc8, 0x34, 0x7c, 0xfd, 0xae, 0xea, 0x5e, 0xde, 0x58, 0xcb, 0xa4, 0x6d, 0xf5, 0x02, 0xc2, 0xa6, 0x04}: {
		Name: "PauserChanged",
		Inputs: []ParamDef{
			{Type: "address", Indexed: true, Name: "newAddress"},
		},
	},
	{0xb9, 0x03, 0x06, 0xad, 0x06, 0xb2, 0xa6, 0xff, 0x86, 0xdd, 0xc9, 0x32, 0x7d, 0xb5, 0x83, 0x06, 0x28, 0x95, 0xef, 0x65, 0x40, 0xe6, 0x2d, 0xc5, 0x0a, 0xdd, 0x00, 0x9d, 0xb5, 0xb3, 0x56, 0xeb}: {
		Name: "Burn",
		Inputs: []ParamDef{
			{Type: "uint256", Indexed: false, Name: "value"},
		},
	},
	{0xb9, 0x4b, 0xf7, 0xf9, 0x30, 0x2e, 0xdf, 0x52, 0xa5, 0x96, 0x28, 0x69, 0x15, 0xa6, 0x9b, 0x4b, 0x06, 0x85, 0x57, 0x4c, 0xff, 0xde, 0xdd, 0x07, 0x12, 0xe3, 0xc6, 0x2f, 0x25, 0x50, 0xf0, 0xba}: {
		Name: "Claimed",
		Inputs: []ParamDef{
			{Type: "uint256", Indexed: false, Name: "merkleIndex"},
			{Type: "uint256", Indexed: false, Name: "index"},
			{Type: "address", Indexed: false, Name: "account"},
			{Type: "uint256", Indexed: false, Name: "amount"},
		},
	},
	{0xb9, 0x7b, 0x17, 0xa7, 0x38, 0xbc, 0x54, 0xfa, 0xf4, 0xf1, 0x56, 0xf2, 0x07, 0x25, 0x73, 0x52, 0x5a, 0xbf, 0x5a, 0x6f, 0x9f, 0xe4, 0xe3, 0xf7, 0x8a, 0x2f, 0x15, 0x9d, 0x7a, 0x85, 0x18, 0x05}: {
		Name: "StakerRemoved",
		Inputs: []ParamDef{
			{Type: "address", Indexed: true, Name: "user"},
		},
	},
	{0xb9, 0xff, 0xe0, 0x2e, 0x89, 0xfe, 0xe6, 0xf5, 0x54, 0x4e, 0xe1, 0x52, 0xa0, 0x8c, 0x2c, 0xaf, 0xbc, 0x3a, 0x4a, 0x89, 0xa6, 0x67, 0x37, 0xef, 0x42, 0x11, 0x5d, 0xcd, 0x50, 0x8a, 0xea, 0x10}: {
		Name: "FeeRateChanged",
		Inputs: []ParamDef{
			{Type: "uint256", Indexed: false, Name: "oldRate"},
			{Type: "uint256", Indexed: false, Name: "newRate"},
		},
	},
	{0xba, 0x0d, 0x92, 0xb4, 0xb7, 0x11, 0x56, 0x57, 0xd4, 0xa2, 0xa2, 0xc2, 0xf4, 0x97, 0xb2, 0xd0, 0xd5, 0xf0, 0xf7, 0x74, 0x8c, 0x9a, 0x15, 0xfd, 0x89, 0xcf, 0xca, 0xd6, 0xe9, 0xcb, 0x17, 0xfb}: {
		Name: "EmergencyOperatorChanged",
		Inputs: []ParamDef{
			{Type: "address", Indexed: true, Name: "newEmergencyOperator"},
		},
	},
	{0xba, 0x5b, 0x08, 0xf0, 0xcd, 0xdc, 0x64, 0x82, 0x5b, 0x52, 0xc3, 0x5c, 0x09, 0x32, 0x3a, 0xf8, 0x10, 0xc1, 0xd2, 0xe2, 0x9c, 0x97, 0xab, 0xa0, 0x1a, 0x4e, 0xd2, 0x5c, 0xfd, 0xc4, 0x82, 0xd1}: {
		Name: "DirectPayout",
		Inputs: []ParamDef{
			{Type: "address", Indexed: true, Name: "addr"},
			{Type: "address", Indexed: true, Name: "from"},
			{Type: "uint256", Indexed: false, Name: "amount"},
		},
	},
	{0xba, 0x5d, 0xe0, 0x6d, 0x22, 0xaf, 0x26, 0x85, 0xc6, 0xc7, 0x76, 0x5f, 0x60, 0x06, 0x7f, 0x7d, 0x2b, 0x08, 0xc2, 0xd2, 0x9f, 0x53, 0xcd, 0xf1, 0x4d, 0x67, 0xf6, 0xd1, 0xc9, 0xbf, 0xb5, 0x27}: {
		Name: "NewHeaderBlock",
		Inputs: []ParamDef{
			{Type: "address", Indexed: true, Name: "proposer"},
			{Type: "uint256", Indexed: true, Name: "headerBlockId"},
			{Type: "uint256", Indexed: true, Name: "reward"},
			{Type: "uint256", Indexed: false, Name: "start"},
			{Type: "uint256", Indexed: false, Name: "end"},
			{Type: "bytes32", Indexed: false, Name: "root"},
		},
	},
	{0xba, 0x82, 0x86, 0x51, 0xbf, 0x4d, 0xe0, 0x6e, 0x53, 0x23, 0x12, 0x85, 0x96, 0x1e, 0x55, 0x5f, 0xd7, 0xdf, 0xe1, 0x7a, 0x3e, 0x39, 0xd6, 0x4b, 0x09, 0xfb, 0xaa, 0x8e, 0xbc, 0x01, 0x66, 0xc6}: {
		Name: "SwapAndBridge",
		Inputs: []ParamDef{
			{Type: "address", Indexed: true, Name: "referrer"},
			{Type: "address", Indexed: true, Name: "initiator"},
			{Type: "address", Indexed: true, Name: "from"},
			{Type: "bytes32", Indexed: false, Name: "transferId"},
			{Type: "bytes32", Indexed: false, Name: "orderId"},
			{Type: "address", Indexed: false, Name: "originToken"},
			{Type: "address", Indexed: false, Name: "bridgeToken"},
			{Type: "uint256", Indexed: false, Name: "originAmount"},
			{Type: "uint256", Indexed: false, Name: "bridgeAmount"},
			{Type: "uint256", Indexed: false, Name: "toChain"},
			{Type: "bytes", Indexed: false, Name: "to"},
		},
	},
	{0xba, 0xa1, 0xeb, 0x22, 0xf2, 0xa4, 0x92, 0xba, 0x1a, 0x5f, 0xea, 0x61, 0xb8, 0xdf, 0x4d, 0x27, 0xc6, 0xc8, 0xb5, 0xf3, 0x97, 0x1e, 0x63, 0xbb, 0x58, 0xfa, 0x14, 0xff, 0x72, 0xee, 0xdb, 0x70}: {
		Name: "Cancelled",
		Inputs: []ParamDef{
			{Type: "bytes32", Indexed: true, Name: "tradeHash"},
		},
	},
	{0xbb, 0x47, 0xee, 0x3e, 0x18, 0x3a, 0x55, 0x8b, 0x1a, 0x2f, 0xf0, 0x87, 0x4b, 0x07, 0x9f, 0x3f, 0xc5, 0x47, 0x8b, 0x74, 0x54, 0xea, 0xcf, 0x2b, 0xfc, 0x5a, 0xf2, 0xff, 0x58, 0x78, 0xf9, 0x72}: {
		Name:   "BeforeExecution",
		Inputs: []ParamDef{},
	},
	{0xbb, 0x75, 0x70, 0x47, 0xc2, 0xb5, 0xf3, 0x97, 0x4f, 0xe2, 0x6b, 0x7c, 0x10, 0xf7, 0x32, 0xe7, 0xbc, 0xe7, 0x10, 0xb0, 0x95, 0x2a, 0x71, 0x08, 0x27, 0x02, 0x78, 0x1e, 0x62, 0xae, 0x05, 0x95}: {
		Name: "EmergencyWithdraw",
		Inputs: []ParamDef{
			{Type: "address", Indexed: true, Name: "user"},
			{Type: "uint256", Indexed: false, Name: "balance"},
			{Type: "uint256", Indexed: false, Name: "reward"},
		},
	},
	{0xbc, 0x07, 0x17, 0x69, 0xe2, 0x75, 0x80, 0x88, 0x16, 0xd0, 0x9d, 0xb5, 0x19, 0xc1, 0x88, 0x8c, 0x35, 0x5f, 0x75, 0x57, 0xcb, 0x63, 0x09, 0x5c, 0xe2, 0x1e, 0x26, 0xa9, 0x7a, 0x5f, 0x0e, 0x9c}: {
		Name: "ChangeTransitSwap",
		Inputs: []ParamDef{
			{Type: "address", Indexed: true, Name: "previousTransit"},
			{Type: "address", Indexed: true, Name: "newTransit"},
		},
	},
	{0xbc, 0x7c, 0xd7, 0x5a, 0x20, 0xee, 0x27, 0xfd, 0x9a, 0xde, 0xba, 0xb3, 0x20, 0x41, 0xf7, 0x55, 0x21, 0x4d, 0xbc, 0x6b, 0xff, 0xa9, 0x0c, 0xc0, 0x22, 0x5b, 0x39, 0xda, 0x2e, 0x5c, 0x2d, 0x3b}: {
		Name: "Upgraded",
		Inputs: []ParamDef{
			{Type: "address", Indexed: true, Name: "implementation"},
		},
	},
	{0xbc, 0xf9, 0xca, 0xe2, 0x18, 0x24, 0x35, 0xe7, 0x0a, 0xcd, 0xac, 0xa9, 0xd2, 0xdd, 0xdc, 0xfb, 0xe4, 0x5e, 0xab, 0x8f, 0xd8, 0x20, 0xbd, 0xc2, 0x9d, 0xc5, 0xbe, 0xf8, 0x21, 0xe7, 0xfe, 0x39}: {
		Name: "WithdrawalsEnabledUpdated",
		Inputs: []ParamDef{
			{Type: "bool", Indexed: false, Name: "enabled"},
		},
	},
	{0xbd, 0x03, 0xc6, 0x6e, 0xc5, 0xbd, 0x3d, 0x01, 0xfb, 0xf2, 0x2b, 0xc7, 0x94, 0xf6, 0x8a, 0xc8, 0x8b, 0x69, 0x30, 0x23, 0xb4, 0x38, 0x72, 0x40, 0x19, 0x20, 0x5a, 0x4b, 0x42, 0xae, 0xfb, 0x20}: {
		Name: "MetaRevertRequest",
		Inputs: []ParamDef{
			{Type: "bytes32", Indexed: true, Name: "id"},
			{Type: "address", Indexed: true, Name: "to"},
		},
	},
	{0xbd, 0x79, 0xb8, 0x6f, 0xfe, 0x0a, 0xb8, 0xe8, 0x77, 0x61, 0x51, 0x51, 0x42, 0x17, 0xcd, 0x7c, 0xac, 0xd5, 0x2c, 0x90, 0x9f, 0x66, 0x47, 0x5c, 0x3a, 0xf4, 0x4e, 0x12, 0x9f, 0x0b, 0x00, 0xff}: {
		Name: "RoleAdminChanged",
		Inputs: []ParamDef{
			{Type: "bytes32", Indexed: true, Name: "role"},
			{Type: "bytes32", Indexed: true, Name: "previousAdminRole"},
			{Type: "bytes32", Indexed: true, Name: "newAdminRole"},
		},
	},
	{0xbd, 0x9e, 0x9a, 0xe6, 0xb4, 0x41, 0x95, 0x4a, 0x5a, 0x00, 0x75, 0xd3, 0x1e, 0xc1, 0x4e, 0xb7, 0xb0, 0xa7, 0x28, 0xba, 0xca, 0xe5, 0x08, 0x6a, 0x81, 0xb8, 0x8e, 0x1d, 0x00, 0xda, 0xcb, 0xd7}: {
		Name: "Reinvest",
		Inputs: []ParamDef{
			{Type: "address", Indexed: false, Name: "player"},
			{Type: "address", Indexed: false, Name: "ref"},
			{Type: "uint256", Indexed: false, Name: "tron"},
		},
	},
	{0xbe, 0x12, 0x85, 0x9b, 0x63, 0x6a, 0xed, 0x60, 0x7d, 0x52, 0x30, 0xb2, 0xcc, 0x27, 0x11, 0xf6, 0x8d, 0x70, 0xe5, 0x10, 0x60, 0xe6, 0xcc, 0xa1, 0xf5, 0x75, 0xef, 0x5d, 0x2f, 0xcc, 0x95, 0xd1}: {
		Name: "NewFee",
		Inputs: []ParamDef{
			{Type: "uint256", Indexed: false, Name: "fee"},
			{Type: "uint256", Indexed: false, Name: "admin_fee"},
		},
	},
	{0xbe, 0x33, 0x9f, 0xc1, 0x4b, 0x04, 0x1c, 0x2b, 0x0e, 0x0f, 0x3d, 0xd2, 0xcd, 0x32, 0x5d, 0x0c, 0x36, 0x68, 0xb7, 0x83, 0x78, 0x00, 0x1e, 0x53, 0x16, 0x0e, 0xab, 0x36, 0x15, 0x32, 0x64, 0x58}: {
		Name: "onReinvestment",
		Inputs: []ParamDef{
			{Type: "address", Indexed: true, Name: "customerAddress"},
			{Type: "uint256", Indexed: false, Name: "tronReinvested"},
			{Type: "uint256", Indexed: false, Name: "tokensMinted"},
		},
	},
	{0xbe, 0xdf, 0x0f, 0x4a, 0xbf, 0xe8, 0x6d, 0x4f, 0xfa, 0xd5, 0x93, 0xd9, 0x60, 0x7f, 0xe7, 0x0e, 0x83, 0xea, 0x70, 0x60, 0x33, 0xd4, 0x4d, 0x24, 0xb3, 0xb6, 0x28, 0x3c, 0xf3, 0xfc, 0x4f, 0x6b}: {
		Name:   "Stop",
		Inputs: []ParamDef{},
	},
	{0xbe, 0xf9, 0x24, 0x8f, 0xe5, 0x7a, 0xe9, 0x72, 0xdd, 0x47, 0x83, 0x3f, 0x68, 0xc4, 0x3f, 0x0b, 0x3b, 0x2d, 0x14, 0x21, 0x76, 0x12, 0xdf, 0xbc, 0x80, 0x4a, 0x52, 0x0a, 0x23, 0x73, 0x0d, 0x46}: {
		Name: "NewAnchorAdmin",
		Inputs: []ParamDef{
			{Type: "address", Indexed: false, Name: "oldAnchorAdmin"},
			{Type: "address", Indexed: false, Name: "newAnchorAdmin"},
		},
	},
	{0xc0, 0x7e, 0xf0, 0x54, 0x97, 0x6e, 0x14, 0x55, 0x55, 0x32, 0xa6, 0x72, 0xa3, 0x40, 0x0c, 0x6f, 0xdb, 0x04, 0xc3, 0x49, 0x77, 0x00, 0x4e, 0xde, 0x20, 0x66, 0x27, 0xa3, 0x9b, 0xd6, 0xbc, 0x82}: {
		Name: "NewTransmission",
		Inputs: []ParamDef{
			{Type: "uint32", Indexed: true, Name: "aggregatorRoundId"},
			{Type: "int256", Indexed: false, Name: "answer"},
			{Type: "address", Indexed: false, Name: "transmitter"},
			{Type: "uint256[]", Indexed: false, Name: "observations"},
			{Type: "bytes", Indexed: false, Name: "observers"},
			{Type: "bytes32", Indexed: false, Name: "rawReportContext"},
		},
	},
	{0xc0, 0x81, 0x9c, 0x13, 0xbe, 0x86, 0x88, 0x95, 0xeb, 0x93, 0xe4, 0x0e, 0xac, 0xeb, 0x96, 0xde, 0x97, 0x64, 0x42, 0xfa, 0x1d, 0x40, 0x4e, 0x5c, 0x55, 0xf1, 0x4b, 0xb6, 0x5a, 0x8c, 0x48, 0x9a}: {
		Name: "FeesWithdrawn",
		Inputs: []ParamDef{
			{Type: "address", Indexed: false, Name: "to"},
			{Type: "uint256", Indexed: false, Name: "amount"},
		},
	},
	{0xc0, 0xba, 0x8f, 0xe4, 0xb1, 0x76, 0xc1, 0x71, 0x41, 0x97, 0xd4, 0x3b, 0x9c, 0xc6, 0xbc, 0xf7, 0x97, 0xa4, 0xa7, 0x46, 0x1c, 0x5f, 0xe8, 0xd0, 0xef, 0x6e, 0x18, 0x4a, 0xe7, 0x60, 0x1e, 0x51}: {
		Name: "Submission",
		Inputs: []ParamDef{
			{Type: "uint256", Indexed: true, Name: "transactionId"},
		},
	},
	{0xc1, 0x68, 0x91, 0x85, 0x5c, 0xff, 0xb4, 0xa5, 0xac, 0x51, 0xac, 0x11, 0x86, 0x4a, 0x3f, 0x3c, 0x96, 0xba, 0x81, 0x6c, 0xc4, 0x5f, 0xe6, 0x86, 0xc9, 0x87, 0xae, 0x36, 0x27, 0x7d, 0xe5, 0xec}: {
		Name: "DefaultReceiveLibrarySet",
		Inputs: []ParamDef{
			{Type: "uint32", Indexed: false, Name: "eid"},
			{Type: "address", Indexed: false, Name: "newLib"},
		},
	},
	{0xc2, 0x7c, 0xf5, 0xe0, 0xd8, 0x9b, 0x1a, 0x4e, 0xbd, 0x83, 0x50, 0xfb, 0xcb, 0x3f, 0x82, 0x5f, 0x6e, 0xd5, 0x41, 0xd1, 0x01, 0x2b, 0xed, 0xa4, 0x51, 0x46, 0xb2, 0x18, 0x9c, 0x63, 0x11, 0xa6}: {
		Name: "Registration",
		Inputs: []ParamDef{
			{Type: "string", Indexed: false, Name: "member_name"},
			{Type: "string", Indexed: false, Name: "sponcer_id"},
			{Type: "string", Indexed: false, Name: "sponsor"},
			{Type: "uint256", Indexed: false, Name: "trxPrice"},
			{Type: "uint256", Indexed: false, Name: "totalTrx"},
			{Type: "address", Indexed: false, Name: "hexCode"},
		},
	},
	{0xc2, 0x9d, 0xa1, 0x8d, 0xf5, 0xe5, 0xf4, 0x29, 0x80, 0x49, 0xd5, 0x21, 0x3a, 0xf3, 0xf5, 0x1d, 0xf2, 0xb7, 0x25, 0x85, 0xef, 0xdd, 0x92, 0x6f, 0x16, 0x41, 0x49, 0x37, 0xa9, 0x78, 0x74, 0xd0}: {
		Name: "SnapShot",
		Inputs: []ParamDef{
			{Type: "address", Indexed: true, Name: "user"},
			{Type: "uint256", Indexed: false, Name: "balance"},
			{Type: "uint256", Indexed: false, Name: "BoostedBalance"},
		},
	},
	{0xc3, 0xb8, 0xae, 0x38, 0x5c, 0x02, 0xb9, 0x38, 0xfb, 0xbb, 0xd6, 0x94, 0xd1, 0xda, 0x07, 0x61, 0xf7, 0x55, 0xee, 0x2c, 0x94, 0x2f, 0x26, 0xbb, 0xfc, 0x67, 0x23, 0xc9, 0x86, 0xd3, 0x1b, 0x9b}: {
		Name: "BridgeMint",
		Inputs: []ParamDef{
			{Type: "address", Indexed: true, Name: "by"},
			{Type: "address", Indexed: true, Name: "to"},
			{Type: "uint256", Indexed: false, Name: "value"},
		},
	},
	{0xc4, 0x10, 0x98, 0x43, 0xe0, 0xb7, 0xd5, 0x14, 0xe4, 0xc0, 0x93, 0x11, 0x4b, 0x86, 0x3f, 0x8e, 0x7d, 0x8d, 0x9a, 0x45, 0x8c, 0x37, 0x2c, 0xd5, 0x1b, 0xfe, 0x52, 0x6b, 0x58, 0x80, 0x06, 0xc9}: {
		Name: "OrdersMatched",
		Inputs: []ParamDef{
			{Type: "bytes32", Indexed: false, Name: "buyHash"},
			{Type: "bytes32", Indexed: false, Name: "sellHash"},
			{Type: "address", Indexed: true, Name: "maker"},
			{Type: "address", Indexed: true, Name: "taker"},
			{Type: "uint256", Indexed: false, Name: "price"},
			{Type: "bytes32", Indexed: true, Name: "metadata"},
		},
	},
	{0xc4, 0x1d, 0x93, 0xb8, 0xbf, 0xbf, 0x9f, 0xd7, 0xcf, 0x5b, 0xfe, 0x27, 0x1f, 0xd6, 0x49, 0xab, 0x6a, 0x6f, 0xec, 0x0e, 0xa1, 0x01, 0xc2, 0x3b, 0x82, 0xa2, 0xa2, 0x8e, 0xca, 0x25, 0x33, 0xa9}: {
		Name: "Cancelled",
		Inputs: []ParamDef{
			{Type: "uint256", Indexed: true, Name: "id"},
		},
	},
	{0xc4, 0x82, 0x37, 0x39, 0xc5, 0x78, 0x7d, 0x2c, 0xa1, 0x7e, 0x40, 0x4a, 0xa4, 0x7d, 0x55, 0x69, 0xae, 0x71, 0xdf, 0xb4, 0x9c, 0xbf, 0x21, 0xb3, 0xf6, 0x15, 0x2e, 0xd2, 0x38, 0xa3, 0x11, 0x39}: {
		Name: "onTokenSell",
		Inputs: []ParamDef{
			{Type: "address", Indexed: true, Name: "customerAddress"},
			{Type: "uint256", Indexed: false, Name: "tokensBurned"},
			{Type: "uint256", Indexed: false, Name: "tronEarned"},
		},
	},
	{0xc4, 0x97, 0x14, 0x02, 0x7f, 0xa2, 0x02, 0x6c, 0xcb, 0x1f, 0xc6, 0x96, 0x05, 0x51, 0x23, 0x1b, 0x8d, 0x68, 0xc1, 0xca, 0x28, 0xa8, 0x94, 0xb2, 0x65, 0x83, 0x82, 0x53, 0x04, 0xd3, 0x74, 0xf3}: {
		Name: "unlockLimitByManager",
		Inputs: []ParamDef{
			{Type: "address", Indexed: false, Name: "user"},
			{Type: "uint256", Indexed: false, Name: "limit"},
			{Type: "uint256", Indexed: false, Name: "amount"},
			{Type: "uint256", Indexed: false, Name: "stage"},
			{Type: "uint256", Indexed: false, Name: "timeStamp"},
		},
	},
	{0xc4, 0xa5, 0xaa, 0xdd, 0x92, 0xb2, 0xd0, 0xe7, 0xef, 0xaf, 0x25, 0xf9, 0xd4, 0x4b, 0x0e, 0x6f, 0xca, 0x6c, 0x44, 0xda, 0x8e, 0x09, 0xfc, 0x32, 0x50, 0xcc, 0x12, 0xef, 0x95, 0x4c, 0xb6, 0x0e}: {
		Name: "EditFuncBlackList",
		Inputs: []ParamDef{
			{Type: "bytes4", Indexed: false, Name: "_func"},
			{Type: "bool", Indexed: false, Name: "flag"},
		},
	},
	{0xc5, 0x1c, 0xb1, 0xa9, 0x3e, 0xc9, 0x1e, 0x92, 0x78, 0x52, 0xb3, 0x44, 0x58, 0x75, 0xec, 0x77, 0xb1, 0x48, 0x27, 0x19, 0x53, 0xe5, 0xc0, 0xb4, 0x36, 0x98, 0xc9, 0x68, 0xad, 0x6f, 0xc4, 0x7d}: {
		Name: "RegistrationUpdated",
		Inputs: []ParamDef{
			{Type: "address", Indexed: true, Name: "user"},
			{Type: "address", Indexed: true, Name: "sender"},
			{Type: "address", Indexed: true, Name: "receiver"},
		},
	},
	{0xc5, 0xe3, 0xee, 0x96, 0x38, 0xe2, 0x7b, 0xf7, 0x04, 0x06, 0x19, 0x6c, 0x2e, 0x81, 0x6c, 0xa5, 0x80, 0x71, 0x18, 0x60, 0xed, 0xae, 0x4a, 0x67, 0xf2, 0x93, 0x8c, 0xe7, 0x1f, 0x26, 0x92, 0x51}: {
		Name: "HeartBeatIntervalUpdate",
		Inputs: []ParamDef{
			{Type: "address", Indexed: true, Name: "addr"},
			{Type: "uint256", Indexed: false, Name: "interval"},
		},
	},
	{0xc6, 0x2c, 0x9f, 0xd8, 0xe1, 0x52, 0x97, 0x9e, 0x2f, 0x53, 0x66, 0x40, 0xd7, 0xff, 0x31, 0x38, 0xf0, 0xc9, 0x26, 0x98, 0xf0, 0xaf, 0xf7, 0x7b, 0xe9, 0x7b, 0x9d, 0x69, 0x4e, 0x4b, 0x2f, 0x77}: {
		Name: "ManageVault",
		Inputs: []ParamDef{
			{Type: "address", Indexed: false, Name: "operator"},
			{Type: "address", Indexed: false, Name: "newVault"},
		},
	},
	{0xc6, 0x5a, 0x3f, 0x76, 0x72, 0x06, 0xd2, 0xfd, 0xce, 0xde, 0x0b, 0x09, 0x4a, 0x48, 0x40, 0xe0, 0x1c, 0x0d, 0xd0, 0xbe, 0x18, 0x88, 0xb5, 0xba, 0x80, 0x03, 0x46, 0xea, 0xa0, 0x12, 0x3c, 0x16}: {
		Name: "Issue",
		Inputs: []ParamDef{
			{Type: "address", Indexed: false, Name: "user"},
			{Type: "uint256", Indexed: false, Name: "amount"},
		},
	},
	{0xc6, 0x73, 0x98, 0x01, 0x2c, 0x11, 0x1c, 0xe9, 0x5e, 0xcb, 0x74, 0x29, 0xb9, 0x33, 0x09, 0x6c, 0x97, 0x73, 0x80, 0xee, 0x6c, 0x42, 0x11, 0x75, 0xa7, 0x1a, 0x4a, 0x4c, 0x6c, 0x88, 0xc0, 0x6e}: {
		Name: "BlacklisterChanged",
		Inputs: []ParamDef{
			{Type: "address", Indexed: true, Name: "newBlacklister"},
		},
	},
	{0xc6, 0x7a, 0x11, 0xa4, 0x8e, 0x2f, 0xbc, 0x72, 0xed, 0x25, 0x16, 0x5a, 0x3c, 0x32, 0x14, 0x9b, 0x77, 0x3e, 0x5f, 0xf8, 0xd4, 0x98, 0xec, 0x24, 0x61, 0x5f, 0x4b, 0x47, 0xd6, 0x6f, 0x83, 0x9c}: {
		Name: "RemoteWithdrawn",
		Inputs: []ParamDef{
			{Type: "uint32", Indexed: false, Name: "dstEid"},
			{Type: "uint256", Indexed: false, Name: "amount"},
		},
	},
	{0xc7, 0x34, 0x27, 0x61, 0x94, 0x58, 0x90, 0x3d, 0xdf, 0xed, 0x31, 0x7f, 0x15, 0x5a, 0xde, 0x5f, 0xdb, 0x0f, 0x86, 0x9c, 0xe1, 0x41, 0x27, 0xef, 0x0b, 0x4c, 0x99, 0x2c, 0x95, 0xc6, 0xbc, 0x93}: {
		Name: "WalletDetails",
		Inputs: []ParamDef{
			{Type: "address", Indexed: false, Name: "addr"},
			{Type: "address", Indexed: false, Name: "owner"},
			{Type: "uint256", Indexed: false, Name: "index"},
		},
	},
	{0xc7, 0x5b, 0x90, 0x51, 0xeb, 0x44, 0x57, 0x0d, 0xbe, 0x2b, 0x45, 0xa7, 0x70, 0x20, 0x83, 0x4c, 0x98, 0x9d, 0xe5, 0xe5, 0xb8, 0x65, 0x2d, 0x6d, 0x1a, 0xe2, 0x83, 0x3d, 0x67, 0xf5, 0xa1, 0x8b}: {
		Name: "BanParticipant",
		Inputs: []ParamDef{
			{Type: "address", Indexed: false, Name: "account"},
		},
	},
	{0xc7, 0x96, 0x47, 0xae, 0x2b, 0x2b, 0x3c, 0xa1, 0xdb, 0x75, 0x09, 0x7a, 0x9b, 0xdc, 0x96, 0xa9, 0x5e, 0xe7, 0x2c, 0x79, 0xcd, 0xf1, 0x59, 0x80, 0x71, 0x65, 0x19, 0x68, 0xf7, 0x5b, 0x39, 0xb7}: {
		Name: "Kiss",
		Inputs: []ParamDef{
			{Type: "address[]", Indexed: false, Name: "a"},
		},
	},
	{0xc7, 0x97, 0x02, 0x5f, 0xee, 0xea, 0xf2, 0xcd, 0x92, 0x4c, 0x99, 0xe9, 0x20, 0x5a, 0xcb, 0x8e, 0xc0, 0x4d, 0x5c, 0xad, 0x21, 0xc4, 0x1c, 0xe6, 0x37, 0xa3, 0x8f, 0xb6, 0xde, 0xe6, 0x01, 0x6a}: {
		Name: "NewTransmission",
		Inputs: []ParamDef{
			{Type: "uint32", Indexed: true, Name: "aggregatorRoundId"},
			{Type: "int192", Indexed: false, Name: "answer"},
			{Type: "address", Indexed: false, Name: "transmitter"},
			{Type: "uint32", Indexed: false, Name: "observationsTimestamp"},
			{Type: "int192[]", Indexed: false, Name: "observations"},
			{Type: "bytes", Indexed: false, Name: "observers"},
			{Type: "int192", Indexed: false, Name: "juelsPerFeeCoin"},
			{Type: "bytes32", Indexed: false, Name: "configDigest"},
			{Type: "uint40", Indexed: false, Name: "epochAndRound"},
		},
	},
	{0xc7, 0xc7, 0x1e, 0x47, 0xfd, 0x84, 0x89, 0xbd, 0xb3, 0x3b, 0xca, 0x37, 0x27, 0xc0, 0xaf, 0xb0, 0x60, 0x43, 0xd1, 0xcb, 0xcc, 0x54, 0x4c, 0xbf, 0x93, 0x0f, 0xb2, 0xff, 0xc9, 0xe0, 0x15, 0x45}: {
		Name: "BuyWhitelistUpdated",
		Inputs: []ParamDef{
			{Type: "address", Indexed: true, Name: "account"},
			{Type: "bool", Indexed: false, Name: "status"},
		},
	},
	{0xc7, 0xf5, 0x05, 0xb2, 0xf3, 0x71, 0xae, 0x21, 0x75, 0xee, 0x49, 0x13, 0xf4, 0x49, 0x9e, 0x1f, 0x26, 0x33, 0xa7, 0xb5, 0x93, 0x63, 0x21, 0xee, 0xd1, 0xcd, 0xae, 0xb6, 0x11, 0x51, 0x81, 0xd2}: {
		Name: "Initialized",
		Inputs: []ParamDef{
			{Type: "uint64", Indexed: false, Name: "version"},
		},
	},
	{0xc8, 0x95, 0xbf, 0xd6, 0x87, 0x77, 0xe6, 0xf7, 0x5e, 0x35, 0xad, 0x4e, 0x32, 0x6a, 0x84, 0x12, 0x6f, 0xcd, 0x5b, 0x35, 0xf8, 0x29, 0xc6, 0x84, 0xce, 0xbc, 0xac, 0xa9, 0x52, 0xcd, 0x16, 0x0f}: {
		Name: "Bridge",
		Inputs: []ParamDef{
			{Type: "address", Indexed: false, Name: "fromToken"},
			{Type: "uint256", Indexed: false, Name: "fromAmount"},
			{Type: "string", Indexed: false, Name: "toToken"},
			{Type: "uint256", Indexed: false, Name: "toAmount"},
			{Type: "string", Indexed: false, Name: "toChain"},
			{Type: "string", Indexed: false, Name: "destination"},
			{Type: "uint256", Indexed: false, Name: "model"},
			{Type: "uint256", Indexed: false, Name: "source"},
			{Type: "address", Indexed: false, Name: "sender"},
		},
	},
	{0xc8, 0xa0, 0x7f, 0xbf, 0x83, 0xd1, 0xff, 0x93, 0x48, 0x6e, 0xea, 0x14, 0xa0, 0x67, 0x6a, 0xde, 0xf7, 0x7c, 0x8c, 0x95, 0xfa, 0x79, 0xc8, 0x5c, 0xd7, 0xbb, 0xa0, 0xd1, 0x02, 0x04, 0x10, 0x2f}: {
		Name: "NativeMint",
		Inputs: []ParamDef{
			{Type: "address", Indexed: true, Name: "caller"},
			{Type: "address", Indexed: true, Name: "recipient"},
			{Type: "uint256", Indexed: false, Name: "amount"},
		},
	},
	{0xc9, 0x07, 0x6f, 0xc6, 0x8f, 0x7c, 0x82, 0x42, 0xd2, 0xee, 0xb2, 0xe0, 0xc0, 0x2b, 0x8c, 0xaf, 0xae, 0x31, 0xbb, 0x4f, 0xcb, 0xe2, 0xb8, 0x9e, 0xf1, 0xf2, 0x78, 0x46, 0xac, 0x6f, 0xac, 0xaf}: {
		Name: "LogGetToken",
		Inputs: []ParamDef{
			{Type: "address", Indexed: false, Name: "token"},
			{Type: "address", Indexed: false, Name: "receiver"},
			{Type: "uint256", Indexed: false, Name: "balance"},
		},
	},
	{0xc9, 0x34, 0x3b, 0xf1, 0x70, 0xa2, 0xdb, 0x19, 0x9d, 0xb7, 0x67, 0xe0, 0x18, 0xa6, 0xa8, 0xba, 0xd2, 0xff, 0xfa, 0x79, 0xa6, 0xb2, 0x0d, 0xc7, 0xd7, 0xb2, 0x3e, 0x19, 0xea, 0xc7, 0x13, 0x81}: {
		Name: "MessageSent",
		Inputs: []ParamDef{
			{Type: "bytes32", Indexed: false, Name: "guid"},
			{Type: "tuple", Indexed: false, Name: "fee"},
		},
	},
	{0xc9, 0x5d, 0x55, 0x8e, 0x25, 0x33, 0x52, 0x22, 0xb5, 0x1e, 0x64, 0x24, 0x16, 0x61, 0x72, 0x91, 0x4e, 0x7c, 0xe4, 0x40, 0x4a, 0x96, 0x47, 0xd3, 0x63, 0x1e, 0xf3, 0x20, 0x29, 0x40, 0x81, 0xfd}: {
		Name: "TransferExecuted",
		Inputs: []ParamDef{
			{Type: "address", Indexed: true, Name: "from"},
			{Type: "address", Indexed: true, Name: "to"},
			{Type: "uint256", Indexed: false, Name: "amount"},
		},
	},
	{0xc9, 0xaf, 0xff, 0x09, 0x72, 0xd3, 0x3d, 0x68, 0xc8, 0xd3, 0x30, 0xfe, 0x0e, 0xbd, 0x0e, 0x9f, 0x54, 0x49, 0x1a, 0xd8, 0xc5, 0x9a, 0xe1, 0x73, 0x30, 0xa9, 0x20, 0x6f, 0x28, 0x0f, 0x08, 0x65}: {
		Name: "ShareMinted",
		Inputs: []ParamDef{
			{Type: "uint256", Indexed: true, Name: "validatorId"},
			{Type: "address", Indexed: true, Name: "user"},
			{Type: "uint256", Indexed: true, Name: "amount"},
			{Type: "uint256", Indexed: false, Name: "tokens"},
		},
	},
	{0xca, 0x1d, 0x83, 0x16, 0x28, 0x7f, 0x93, 0x88, 0x30, 0xe2, 0x25, 0x95, 0x6a, 0x7b, 0xb1, 0x0f, 0xd5, 0xa1, 0xa1, 0x50, 0x6d, 0xd2, 0xeb, 0x3a, 0x47, 0x67, 0x51, 0xa4, 0x88, 0x11, 0x72, 0x05}: {
		Name: "ResetHeaderBlock",
		Inputs: []ParamDef{
			{Type: "address", Indexed: true, Name: "proposer"},
			{Type: "uint256", Indexed: true, Name: "headerBlockId"},
		},
	},
	{0xca, 0x35, 0x98, 0x6a, 0xe5, 0x8f, 0xd2, 0x14, 0x75, 0x93, 0xb8, 0x0c, 0x5d, 0xb9, 0x30, 0xf4, 0xf8, 0x59, 0x5a, 0x12, 0xa7, 0x3d, 0xee, 0xae, 0xe3, 0x29, 0xdb, 0x1d, 0x39, 0x4f, 0x4c, 0xbe}: {
		Name: "PoolMember",
		Inputs: []ParamDef{
			{Type: "address", Indexed: false, Name: "manager"},
			{Type: "string", Indexed: false, Name: "memberId"},
			{Type: "uint256", Indexed: false, Name: "tronBalance"},
			{Type: "uint256", Indexed: false, Name: "tokenBalance"},
			{Type: "uint256", Indexed: false, Name: "time"},
			{Type: "string", Indexed: false, Name: "activity"},
			{Type: "uint256", Indexed: false, Name: "halvingId"},
			{Type: "uint256", Indexed: false, Name: "_block"},
		},
	},
	{0xca, 0x4f, 0x2f, 0x25, 0xd0, 0x89, 0x8e, 0xdd, 0x99, 0x41, 0x34, 0x12, 0xfb, 0x94, 0x01, 0x2f, 0x9e, 0x54, 0xec, 0x81, 0x42, 0xf9, 0xb0, 0x93, 0xe7, 0x72, 0x06, 0x46, 0xa9, 0x5b, 0x16, 0xa9}: {
		Name: "NewPendingAdmin",
		Inputs: []ParamDef{
			{Type: "address", Indexed: false, Name: "oldPendingAdmin"},
			{Type: "address", Indexed: false, Name: "newPendingAdmin"},
		},
	},
	{0xca, 0x67, 0xaa, 0xb9, 0xdf, 0xd2, 0xf3, 0x27, 0x0a, 0x8a, 0xb2, 0xa1, 0x99, 0x1b, 0xff, 0xdf, 0xd4, 0x03, 0x59, 0x9c, 0xbe, 0xa5, 0x3a, 0xaf, 0x10, 0xac, 0x23, 0xc5, 0xd2, 0xc4, 0xf5, 0x2a}: {
		Name: "ManageBWSwapHandler",
		Inputs: []ParamDef{
			{Type: "address[]", Indexed: false, Name: "handlers"},
			{Type: "bool", Indexed: false, Name: "isHandler"},
		},
	},
	{0xcb, 0x28, 0x23, 0x89, 0x82, 0x4b, 0x9b, 0xa0, 0x9f, 0x76, 0xf4, 0x0e, 0xe5, 0x22, 0xbe, 0x81, 0x04, 0x00, 0x6b, 0x13, 0xf0, 0xa7, 0xa8, 0xd7, 0x8c, 0x21, 0x98, 0xa1, 0xcd, 0x1d, 0xa4, 0x68}: {
		Name: "BindReferral",
		Inputs: []ParamDef{
			{Type: "address", Indexed: true, Name: "user"},
			{Type: "address", Indexed: false, Name: "parent"},
		},
	},
	{0xcb, 0x82, 0x41, 0xad, 0xb0, 0xc3, 0xfd, 0xb3, 0x5b, 0x70, 0xc2, 0x4c, 0xe3, 0x5c, 0x5e, 0xb0, 0xc1, 0x7a, 0xf7, 0x43, 0x1c, 0x99, 0xf8, 0x27, 0xd4, 0x4a, 0x44, 0x5c, 0xa6, 0x24, 0x17, 0x6a}: {
		Name: "Issue",
		Inputs: []ParamDef{
			{Type: "uint256", Indexed: false, Name: "amount"},
		},
	},
	{0xcb, 0xc0, 0x4e, 0xca, 0x7e, 0x9d, 0xa3, 0x5c, 0xb1, 0x39, 0x3a, 0x61, 0x35, 0xa1, 0x99, 0xca, 0x52, 0xe4, 0x50, 0xd5, 0xe9, 0x25, 0x1c, 0xbd, 0x99, 0xf7, 0x84, 0x7d, 0x33, 0xa3, 0x67, 0x50}: {
		Name: "Borrow",
		Inputs: []ParamDef{
			{Type: "address", Indexed: false, Name: "player"},
			{Type: "uint256", Indexed: false, Name: "tron"},
		},
	},
	{0xcc, 0x16, 0xf5, 0xdb, 0xb4, 0x87, 0x32, 0x80, 0x81, 0x5c, 0x1e, 0xe0, 0x9d, 0xbd, 0x06, 0x73, 0x6c, 0xff, 0xcc, 0x18, 0x44, 0x12, 0xcf, 0x7a, 0x71, 0xa0, 0xfd, 0xb7, 0x5d, 0x39, 0x7c, 0xa5}: {
		Name: "Burn",
		Inputs: []ParamDef{
			{Type: "address", Indexed: true, Name: "burner"},
			{Type: "uint256", Indexed: false, Name: "value"},
		},
	},
	{0xcc, 0x35, 0x86, 0x99, 0x80, 0x5e, 0x9a, 0x8b, 0x7f, 0x77, 0xb5, 0x22, 0x62, 0x8c, 0x7c, 0xb9, 0xab, 0xd0, 0x7d, 0x9e, 0xfb, 0x86, 0xb6, 0xfb, 0x61, 0x6a, 0xf1, 0x60, 0x90, 0x36, 0xa9, 0x9e}: {
		Name: "Deprecate",
		Inputs: []ParamDef{
			{Type: "address", Indexed: false, Name: "newAddress"},
		},
	},
	{0xcc, 0x5b, 0x27, 0x8c, 0x78, 0x88, 0x65, 0x1b, 0x77, 0xb2, 0xb3, 0xf9, 0xa1, 0xb3, 0xcd, 0x16, 0x3a, 0xc4, 0x66, 0x48, 0x19, 0xd3, 0xd4, 0x59, 0x84, 0xac, 0x41, 0xc0, 0x22, 0x4b, 0xd0, 0xea}: {
		Name: "unlockLimitByUser",
		Inputs: []ParamDef{
			{Type: "address", Indexed: false, Name: "user"},
			{Type: "uint256", Indexed: false, Name: "amount"},
			{Type: "uint256", Indexed: false, Name: "stage"},
			{Type: "uint256", Indexed: false, Name: "timeStamp"},
		},
	},
	{0xcc, 0x65, 0xe4, 0xd9, 0x06, 0x0e, 0xce, 0x2e, 0xcf, 0x63, 0x01, 0x1a, 0xc5, 0x80, 0x55, 0x0b, 0x04, 0xc8, 0xda, 0xeb, 0xa6, 0x3f, 0xac, 0x4d, 0xfe, 0x86, 0x69, 0x35, 0x3c, 0xd8, 0x88, 0x59}: {
		Name: "Swap",
		Inputs: []ParamDef{
			{Type: "address", Indexed: true, Name: "user"},
			{Type: "uint256", Indexed: false, Name: "amount"},
			{Type: "uint256", Indexed: false, Name: "time"},
			{Type: "bool", Indexed: false, Name: "isBuy"},
		},
	},
	{0xcc, 0x72, 0x44, 0xd3, 0x53, 0x5e, 0x76, 0x39, 0x36, 0x6f, 0x8c, 0x52, 0x11, 0x52, 0x71, 0x12, 0xe0, 0x1d, 0xe3, 0xec, 0x74, 0x49, 0xee, 0x3a, 0x6e, 0x66, 0xb0, 0x07, 0xf4, 0x06, 0x5a, 0x70}: {
		Name: "Snapshot",
		Inputs: []ParamDef{
			{Type: "address", Indexed: true, Name: "operator"},
			{Type: "uint256", Indexed: true, Name: "trx_balance"},
			{Type: "uint256", Indexed: true, Name: "token_balance"},
		},
	},
	{0xcc, 0xad, 0x97, 0x3d, 0xcd, 0x04, 0x3c, 0x7d, 0x68, 0x03, 0x89, 0xdb, 0x43, 0x78, 0xbd, 0x6b, 0x97, 0x75, 0xdb, 0x71, 0x24, 0x09, 0x2e, 0x9e, 0x04, 0x22, 0xc9, 0xe4, 0x6d, 0x79, 0x85, 0xdc}: {
		Name: "onWithdraw",
		Inputs: []ParamDef{
			{Type: "address", Indexed: true, Name: "customerAddress"},
			{Type: "uint256", Indexed: false, Name: "tronWithdrawn"},
		},
	},
	{0xcd, 0x26, 0x5e, 0xba, 0xf0, 0x9d, 0xf2, 0x87, 0x1c, 0xc7, 0xbd, 0x41, 0x33, 0x40, 0x4a, 0x23, 0x5b, 0xa1, 0x2e, 0xff, 0x20, 0x41, 0xbb, 0x89, 0xd9, 0xc7, 0x14, 0xa2, 0x62, 0x1c, 0x7c, 0x7e}: {
		Name: "PauserRemoved",
		Inputs: []ParamDef{
			{Type: "address", Indexed: true, Name: "account"},
		},
	},
	{0xcd, 0x60, 0xaa, 0x75, 0xde, 0xa3, 0x07, 0x2f, 0xbc, 0x07, 0xae, 0x6d, 0x7d, 0x85, 0x6b, 0x5d, 0xc5, 0xf4, 0xee, 0xe8, 0x88, 0x54, 0xf5, 0xb4, 0xab, 0xf7, 0xb6, 0x80, 0xef, 0x8b, 0xc5, 0x0f}: {
		Name: "TokenPurchase",
		Inputs: []ParamDef{
			{Type: "address", Indexed: true, Name: "buyer"},
			{Type: "uint256", Indexed: true, Name: "tron_sold"},
			{Type: "uint256", Indexed: true, Name: "tokens_bought"},
		},
	},
	{0xcd, 0x6f, 0x92, 0xf5, 0xac, 0x61, 0x85, 0xa5, 0xac, 0xfa, 0x02, 0xc9, 0x20, 0x90, 0x74, 0x6c, 0xec, 0x64, 0xd7, 0x77, 0x26, 0x9c, 0xbc, 0xd0, 0xed, 0x03, 0x1e, 0x39, 0x66, 0x57, 0xa1, 0xc2}: {
		Name: "ReceiveLibrarySet",
		Inputs: []ParamDef{
			{Type: "address", Indexed: false, Name: "receiver"},
			{Type: "uint32", Indexed: false, Name: "eid"},
			{Type: "address", Indexed: false, Name: "newLib"},
		},
	},
	{0xcd, 0xa1, 0x39, 0x27, 0x0d, 0x59, 0x45, 0x63, 0xab, 0x76, 0x0d, 0xd6, 0xc3, 0xbe, 0x88, 0xe8, 0x62, 0x9b, 0xbf, 0x25, 0x86, 0x90, 0xbb, 0xb1, 0xac, 0x1c, 0xc3, 0x76, 0x65, 0xad, 0xed, 0x5a}: {
		Name: "MaxBatchSizeChanged",
		Inputs: []ParamDef{
			{Type: "uint256", Indexed: false, Name: "oldSize"},
			{Type: "uint256", Indexed: false, Name: "newSize"},
		},
	},
	{0xcd, 0xa3, 0x2b, 0xc3, 0x99, 0x04, 0x59, 0x76, 0x66, 0xdf, 0xa9, 0xf9, 0xc8, 0x45, 0x71, 0x47, 0x56, 0xe1, 0xff, 0xff, 0xad, 0x55, 0xb5, 0x2e, 0x0d, 0x34, 0x46, 0x73, 0xa2, 0x19, 0x81, 0x21}: {
		Name: "LogChangeMPC",
		Inputs: []ParamDef{
			{Type: "address", Indexed: true, Name: "oldMPC"},
			{Type: "address", Indexed: true, Name: "newMPC"},
			{Type: "uint256", Indexed: true, Name: "effectiveTime"},
			{Type: "uint256", Indexed: false, Name: "chainId"},
		},
	},
	{0xce, 0x24, 0x1d, 0x7c, 0xa1, 0xf6, 0x69, 0xfe, 0xe4, 0x4b, 0x6f, 0xc0, 0x0b, 0x8e, 0xba, 0x2d, 0xf3, 0xbb, 0x51, 0x4e, 0xed, 0x0f, 0x6f, 0x66, 0x8f, 0x8f, 0x89, 0x09, 0x6e, 0x81, 0xed, 0x94}: {
		Name: "LogSetOwner",
		Inputs: []ParamDef{
			{Type: "address", Indexed: true, Name: "owner"},
		},
	},
	{0xce, 0xa3, 0xca, 0x38, 0x57, 0x4a, 0xbb, 0x40, 0xb4, 0xe3, 0xcb, 0xf4, 0xc4, 0x70, 0x9d, 0x6a, 0x5c, 0xaa, 0xc8, 0x5b, 0x8d, 0x74, 0xb9, 0x9c, 0x7b, 0xe9, 0xa3, 0x1c, 0x79, 0xfe, 0x72, 0xe6}: {
		Name: "RewardsForfeited",
		Inputs: []ParamDef{
			{Type: "address", Indexed: true, Name: "user"},
			{Type: "uint256", Indexed: false, Name: "amount"},
		},
	},
	{0xce, 0xc1, 0xf1, 0x8c, 0x3a, 0xb8, 0xdd, 0xaa, 0xa1, 0x07, 0xa1, 0x59, 0x1e, 0x3c, 0x36, 0x96, 0x67, 0xee, 0xc6, 0x13, 0x62, 0x66, 0x11, 0xa8, 0xde, 0xae, 0xde, 0xf4, 0x30, 0x69, 0xfc, 0xdd}: {
		Name: "EthTransferred",
		Inputs: []ParamDef{
			{Type: "address", Indexed: true, Name: "to"},
			{Type: "uint256", Indexed: false, Name: "amount"},
		},
	},
	{0xcf, 0x34, 0x73, 0xb8, 0x5d, 0xf1, 0x59, 0x4d, 0x47, 0xb6, 0x95, 0x8f, 0x29, 0xa3, 0x2b, 0xea, 0x0a, 0xbf, 0xf9, 0xdd, 0x68, 0x29, 0x6f, 0x7b, 0xf3, 0x34, 0x43, 0x64, 0x67, 0x93, 0xcf, 0xd8}: {
		Name: "Blacklisted",
		Inputs: []ParamDef{
			{Type: "address", Indexed: true, Name: "account"},
			{Type: "bool", Indexed: false, Name: "isBlacklisted"},
		},
	},
	{0xcf, 0x8a, 0x1e, 0x1d, 0x5f, 0x09, 0xcf, 0x3c, 0x97, 0xdb, 0xb6, 0x53, 0xcd, 0x9a, 0x4d, 0x7a, 0xac, 0xe9, 0x29, 0x2f, 0xbc, 0x1b, 0xb8, 0x21, 0x1f, 0xeb, 0xf2, 0xd4, 0x00, 0xfe, 0xbb, 0xdd}: {
		Name: "FeesUpdated",
		Inputs: []ParamDef{
			{Type: "uint256", Indexed: false, Name: "buyFee"},
			{Type: "uint256", Indexed: false, Name: "sellFee"},
			{Type: "uint256", Indexed: false, Name: "rewardRatio"},
		},
	},
	{0xd0, 0x13, 0xca, 0x23, 0xe7, 0x7a, 0x65, 0x00, 0x3c, 0x2c, 0x65, 0x9c, 0x54, 0x42, 0xc0, 0x0c, 0x80, 0x53, 0x71, 0xb7, 0xfc, 0x1e, 0xbd, 0x4c, 0x20, 0x6c, 0x41, 0xd1, 0x53, 0x6b, 0xd9, 0x0b}: {
		Name: "TokenExchangeUnderlying",
		Inputs: []ParamDef{
			{Type: "address", Indexed: true, Name: "buyer"},
			{Type: "int128", Indexed: false, Name: "sold_id"},
			{Type: "uint256", Indexed: false, Name: "tokens_sold"},
			{Type: "int128", Indexed: false, Name: "bought_id"},
			{Type: "uint256", Indexed: false, Name: "tokens_bought"},
		},
	},
	{0xd0, 0xb1, 0xda, 0xc9, 0x35, 0xd8, 0x5b, 0xd5, 0x4c, 0xf0, 0xa3, 0x3b, 0x0d, 0x41, 0xd3, 0x9f, 0x8c, 0xf5, 0x3a, 0x96, 0x84, 0x65, 0xfc, 0x7e, 0xa2, 0x37, 0x75, 0x26, 0xb8, 0xac, 0x71, 0x2c}: {
		Name: "OraclePaid",
		Inputs: []ParamDef{
			{Type: "address", Indexed: true, Name: "transmitter"},
			{Type: "address", Indexed: true, Name: "payee"},
			{Type: "uint256", Indexed: false, Name: "amount"},
			{Type: "address", Indexed: true, Name: "linkToken"},
		},
	},
	{0xd1, 0xbb, 0xa6, 0x8c, 0x12, 0x8c, 0xc3, 0xf4, 0x27, 0xe5, 0x83, 0x1b, 0x3c, 0x6f, 0x99, 0xf4, 0x80, 0xb6, 0xef, 0xa6, 0xb9, 0xe8, 0x0c, 0x75, 0x77, 0x68, 0xf6, 0x12, 0x41, 0x58, 0xcc, 0x3f}: {
		Name: "WhitelistedAddressAdded",
		Inputs: []ParamDef{
			{Type: "address", Indexed: false, Name: "addr"},
		},
	},
	{0xd1, 0xc1, 0x9f, 0xbc, 0xd4, 0x55, 0x1a, 0x5e, 0xdf, 0xb6, 0x6d, 0x43, 0xd2, 0xe3, 0x37, 0xc0, 0x48, 0x37, 0xaf, 0xda, 0x34, 0x82, 0xb4, 0x2b, 0xdf, 0x56, 0x9a, 0x8f, 0xcc, 0xda, 0xe5, 0xfb}: {
		Name: "Withdrawn",
		Inputs: []ParamDef{
			{Type: "address", Indexed: true, Name: "_operator"},
			{Type: "address", Indexed: true, Name: "_to"},
			{Type: "uint256", Indexed: false, Name: "_balance"},
		},
	},
	{0xd3, 0x24, 0xd2, 0x91, 0x4b, 0x1a, 0x1e, 0xa9, 0x6c, 0x8e, 0xb3, 0x9a, 0x4c, 0x0b, 0xaf, 0xcb, 0x2a, 0xbd, 0xfb, 0xdd, 0xfc, 0x7e, 0x3b, 0x31, 0x5b, 0xf3, 0xc8, 0x70, 0xcc, 0x3b, 0xb5, 0x41}: {
		Name: "ClaimProcessed",
		Inputs: []ParamDef{
			{Type: "string", Indexed: false, Name: "memberId"},
			{Type: "uint256", Indexed: false, Name: "amount"},
			{Type: "uint256", Indexed: false, Name: "frozen"},
			{Type: "uint256", Indexed: false, Name: "nonce"},
			{Type: "uint256", Indexed: false, Name: "time"},
			{Type: "uint256", Indexed: false, Name: "halvingId"},
			{Type: "uint256", Indexed: false, Name: "blockId"},
		},
	},
	{0xd3, 0x2d, 0x24, 0xed, 0xea, 0x94, 0xf5, 0x5e, 0x93, 0x2d, 0x9a, 0x00, 0x8a, 0xfc, 0x42, 0x5a, 0x85, 0x61, 0x46, 0x2d, 0x1b, 0x1f, 0x57, 0xbc, 0x6e, 0x50, 0x8e, 0x9a, 0x6b, 0x95, 0x09, 0xe1}: {
		Name: "ProxyUpdated",
		Inputs: []ParamDef{
			{Type: "address", Indexed: true, Name: "_new"},
			{Type: "address", Indexed: true, Name: "_old"},
		},
	},
	{0xd3, 0xcb, 0x87, 0xa9, 0xc7, 0x5a, 0x0d, 0x21, 0x33, 0x6a, 0xfc, 0x0f, 0x79, 0xf7, 0xe3, 0x98, 0xf0, 0x67, 0x48, 0xdb, 0x5c, 0xe1, 0x81, 0x5a, 0xf0, 0x1d, 0x31, 0x5c, 0x7c, 0x13, 0x5c, 0x0b}: {
		Name: "UnJailed",
		Inputs: []ParamDef{
			{Type: "uint256", Indexed: true, Name: "validatorId"},
			{Type: "address", Indexed: true, Name: "signer"},
		},
	},
	{0xd3, 0xd8, 0xbe, 0xc3, 0x8a, 0x91, 0xa5, 0xf4, 0x41, 0x12, 0x47, 0x48, 0x3b, 0xc0, 0x30, 0xa1, 0x74, 0xe7, 0x7c, 0xda, 0x9c, 0x03, 0x51, 0x92, 0x4c, 0x75, 0x9f, 0x41, 0x45, 0x3a, 0xa5, 0xe8}: {
		Name: "LogNote",
		Inputs: []ParamDef{
			{Type: "bytes4", Indexed: true, Name: "sig"},
			{Type: "address", Indexed: true, Name: "usr"},
			{Type: "bytes32", Indexed: true, Name: "arg1"},
			{Type: "bytes32", Indexed: true, Name: "arg2"},
			{Type: "bytes", Indexed: false, Name: "data"},
		},
	},
	{0xd3, 0xff, 0x30, 0xf9, 0x4b, 0xb4, 0xeb, 0xb4, 0xf3, 0xd7, 0x73, 0xea, 0x26, 0xb6, 0xef, 0xc7, 0x32, 0x8b, 0x97, 0x66, 0xf9, 0x9f, 0x19, 0xdf, 0xf6, 0xf0, 0x13, 0x92, 0x13, 0x8b, 0xe4, 0x6d}: {
		Name: "LogNote",
		Inputs: []ParamDef{
			{Type: "bytes4", Indexed: true, Name: "sig"},
			{Type: "bytes32", Indexed: true, Name: "arg1"},
			{Type: "bytes32", Indexed: true, Name: "arg2"},
			{Type: "bytes32", Indexed: true, Name: "arg3"},
			{Type: "bytes", Indexed: false, Name: "data"},
		},
	},
	{0xd4, 0x37, 0xcd, 0x89, 0x9a, 0x37, 0x9e, 0x52, 0x77, 0x06, 0x4a, 0xe6, 0x06, 0x3f, 0x24, 0x7a, 0x92, 0x4b, 0xdd, 0xdc, 0x96, 0xea, 0x15, 0x1e, 0xe5, 0xee, 0x4e, 0xc5, 0x22, 0x1d, 0x4b, 0x47}: {
		Name: "CrossOut",
		Inputs: []ParamDef{
			{Type: "address", Indexed: true, Name: "account"},
			{Type: "address", Indexed: true, Name: "token"},
			{Type: "address", Indexed: false, Name: "to"},
			{Type: "uint256", Indexed: false, Name: "chainId"},
			{Type: "uint256", Indexed: false, Name: "amount"},
			{Type: "bytes32", Indexed: false, Name: "txHash"},
		},
	},
	{0xd4, 0x57, 0xb2, 0x5e, 0x0e, 0x45, 0x88, 0x57, 0xe3, 0x8c, 0x93, 0x7f, 0x68, 0xaf, 0x31, 0x00, 0xc4, 0x0a, 0xfd, 0x88, 0xfc, 0x55, 0x22, 0xc5, 0x82, 0x04, 0x40, 0xd0, 0x7b, 0x44, 0x35, 0x1f}: {
		Name: "SwapFailed",
		Inputs: []ParamDef{
			{Type: "bytes32", Indexed: true, Name: "_orderId"},
			{Type: "uint256", Indexed: false, Name: "_fromChain"},
			{Type: "address", Indexed: false, Name: "_srcToken"},
			{Type: "address", Indexed: false, Name: "_dscToken"},
			{Type: "uint256", Indexed: false, Name: "_amount"},
			{Type: "address", Indexed: false, Name: "_receiver"},
			{Type: "uint256", Indexed: false, Name: "_minReceived"},
			{Type: "bytes", Indexed: false, Name: "_from"},
			{Type: "bytes", Indexed: false, Name: "_callData"},
		},
	},
	{0xd4, 0x76, 0xec, 0x5e, 0xc1, 0xac, 0x11, 0xce, 0xc3, 0x71, 0x4d, 0x41, 0xe7, 0xea, 0x49, 0x41, 0x94, 0x71, 0xac, 0xeb, 0x9b, 0xd0, 0xdf, 0xf1, 0xbe, 0xcf, 0xc3, 0xe3, 0x63, 0xa6, 0x23, 0x96}: {
		Name: "LzTokenSet",
		Inputs: []ParamDef{
			{Type: "address", Indexed: false, Name: "token"},
		},
	},
	{0xd4, 0x8d, 0x87, 0x9c, 0xef, 0x83, 0xa1, 0xc0, 0xbd, 0xda, 0x51, 0x6f, 0x27, 0xb1, 0x3d, 0xdb, 0x1b, 0x3f, 0x8b, 0xba, 0xc1, 0xc9, 0xe1, 0x51, 0x1b, 0xb2, 0xa6, 0x59, 0xc2, 0x42, 0x77, 0x60}: {
		Name: "PreCrimeSet",
		Inputs: []ParamDef{
			{Type: "address", Indexed: false, Name: "preCrimeAddress"},
		},
	},
	{0xd5, 0x1a, 0x9c, 0x61, 0x26, 0x7a, 0xa6, 0x19, 0x69, 0x61, 0x88, 0x3e, 0xcf, 0x5f, 0xf2, 0xda, 0x66, 0x19, 0xc3, 0x7d, 0xac, 0x0f, 0xa9, 0x21, 0x22, 0x51, 0x3f, 0xb3, 0x2c, 0x03, 0x2d, 0x2d}: {
		Name: "AccountDeployed",
		Inputs: []ParamDef{
			{Type: "bytes32", Indexed: true, Name: "userOpHash"},
			{Type: "address", Indexed: true, Name: "sender"},
			{Type: "address", Indexed: false, Name: "factory"},
			{Type: "address", Indexed: false, Name: "paymaster"},
		},
	},
	{0xd5, 0x64, 0xb2, 0x60, 0xf8, 0xe0, 0xf7, 0x88, 0xba, 0x86, 0x68, 0x77, 0x00, 0x36, 0xcc, 0xc4, 0x6a, 0xe8, 0xbb, 0xa8, 0x8e, 0xc4, 0xe8, 0x93, 0xb1, 0xa9, 0xad, 0xdf, 0x26, 0x12, 0xaf, 0x62}: {
		Name: "Staking",
		Inputs: []ParamDef{
			{Type: "string", Indexed: false, Name: "member_name"},
			{Type: "uint256", Indexed: false, Name: "StakingAmt"},
			{Type: "uint256", Indexed: false, Name: "trxPrice"},
			{Type: "uint256", Indexed: false, Name: "TrxValue"},
			{Type: "uint256", Indexed: false, Name: "Matrix"},
		},
	},
	{0xd5, 0x7b, 0xed, 0xa2, 0x73, 0x3d, 0xbd, 0xed, 0x8e, 0x1e, 0xa5, 0xe3, 0xd4, 0x3b, 0xc2, 0xfc, 0x26, 0x3e, 0x3b, 0xc8, 0x3d, 0xb0, 0x66, 0x0a, 0x56, 0x06, 0xad, 0x06, 0x68, 0x8e, 0xf0, 0xa2}: {
		Name: "DepositProcessed",
		Inputs: []ParamDef{
			{Type: "string", Indexed: false, Name: "tronTxId"},
			{Type: "address", Indexed: true, Name: "recipient"},
			{Type: "uint256", Indexed: false, Name: "amountInWholeUnits"},
		},
	},
	{0xd5, 0x82, 0x99, 0xb7, 0x12, 0x89, 0x11, 0x43, 0xe7, 0x63, 0x10, 0xd5, 0xe6, 0x64, 0xc4, 0x20, 0x3c, 0x94, 0x0a, 0x67, 0xdb, 0x37, 0xcf, 0x85, 0x6b, 0xda, 0xa3, 0xc5, 0xc7, 0x6a, 0x80, 0x2c}: {
		Name: "OperatorChanged",
		Inputs: []ParamDef{
			{Type: "address", Indexed: true, Name: "oldOperator"},
			{Type: "address", Indexed: true, Name: "newOperator"},
		},
	},
	{0xd5, 0xc5, 0x4a, 0xb1, 0xd3, 0x7b, 0xfe, 0xf4, 0xdd, 0x22, 0x53, 0xd9, 0xd7, 0x3c, 0x29, 0x2e, 0x46, 0xf5, 0xbd, 0x8a, 0x67, 0xca, 0x59, 0x20, 0xaa, 0xb4, 0xc2, 0xe1, 0x99, 0x31, 0x78, 0xe7}: {
		Name: "SetMetaRouter",
		Inputs: []ParamDef{
			{Type: "address", Indexed: false, Name: "metaRouter"},
		},
	},
	{0xd6, 0x04, 0xde, 0x94, 0xd4, 0x59, 0x53, 0xf9, 0x13, 0x80, 0x79, 0xec, 0x1b, 0x82, 0xd5, 0x33, 0xcb, 0x21, 0x60, 0xc9, 0x06, 0xd1, 0x07, 0x6d, 0x1f, 0x7e, 0xd5, 0x4b, 0xef, 0xbc, 0xa9, 0x7a}: {
		Name: "NewImplementation",
		Inputs: []ParamDef{
			{Type: "address", Indexed: false, Name: "oldImplementation"},
			{Type: "address", Indexed: false, Name: "newImplementation"},
		},
	},
	{0xd6, 0x05, 0x83, 0x3a, 0xd8, 0xc8, 0xea, 0xd9, 0x1d, 0x66, 0xd7, 0xa7, 0xa3, 0x91, 0x6d, 0x6c, 0x95, 0xb9, 0xe6, 0xb2, 0x3e, 0xdb, 0xe2, 0xc2, 0x77, 0x81, 0x92, 0x4f, 0x90, 0xd0, 0x3a, 0x04}: {
		Name: "MultiSendTRX",
		Inputs: []ParamDef{
			{Type: "address", Indexed: true, Name: "sender"},
			{Type: "uint256", Indexed: false, Name: "totalAmount"},
			{Type: "uint256", Indexed: false, Name: "recipientCount"},
			{Type: "uint256", Indexed: false, Name: "timestamp"},
		},
	},
	{0xd6, 0x16, 0xb8, 0x85, 0x6f, 0xa5, 0xfe, 0xbb, 0xdb, 0x06, 0xf0, 0x7d, 0xd8, 0xd6, 0x24, 0x38, 0x0d, 0x02, 0x86, 0x46, 0x19, 0xf3, 0xb7, 0x96, 0x00, 0x2f, 0x43, 0xbc, 0x36, 0xa4, 0xd1, 0xbc}: {
		Name: "Migrate",
		Inputs: []ParamDef{
			{Type: "address", Indexed: true, Name: "_src"},
			{Type: "address", Indexed: true, Name: "_dest"},
			{Type: "uint256", Indexed: false, Name: "_deposits"},
			{Type: "uint256", Indexed: false, Name: "_payouts"},
		},
	},
	{0xd6, 0x27, 0xa1, 0xae, 0xb1, 0x32, 0x61, 0xb5, 0x60, 0xc3, 0x45, 0xaa, 0xf7, 0xd0, 0x03, 0xd5, 0x5a, 0x27, 0x19, 0x3b, 0x92, 0x84, 0xc0, 0xb9, 0x41, 0xf5, 0x3c, 0xd6, 0x2a, 0x04, 0x5f, 0x16}: {
		Name: "NewWallet",
		Inputs: []ParamDef{
			{Type: "address", Indexed: false, Name: "walletAddress"},
		},
	},
	{0xd6, 0xf2, 0xc8, 0x50, 0x0d, 0xf5, 0xb4, 0x4f, 0x11, 0xe9, 0xe4, 0x8b, 0x91, 0xff, 0x9f, 0x1b, 0x9d, 0x81, 0xbc, 0x49, 0x6d, 0x55, 0x57, 0x0c, 0x2b, 0x1b, 0x75, 0xbf, 0x65, 0x24, 0x3f, 0x51}: {
		Name: "RewardPaid",
		Inputs: []ParamDef{
			{Type: "address", Indexed: true, Name: "user"},
			{Type: "uint256", Indexed: false, Name: "userReward"},
			{Type: "uint256", Indexed: false, Name: "treasuryReward"},
		},
	},
	{0xd7, 0x6f, 0xc9, 0x00, 0xa7, 0xe1, 0xa6, 0xfc, 0xf1, 0x1d, 0x54, 0xb7, 0xba, 0x94, 0x39, 0x18, 0xdf, 0x6c, 0x53, 0xa3, 0x12, 0x81, 0x40, 0x65, 0x8c, 0x38, 0x9b, 0x3d, 0xa1, 0xe9, 0x97, 0xba}: {
		Name: "CustodianChangeRequested",
		Inputs: []ParamDef{
			{Type: "bytes32", Indexed: false, Name: "_lockId"},
			{Type: "address", Indexed: false, Name: "_msgSender"},
			{Type: "address", Indexed: false, Name: "_proposedCustodian"},
		},
	},
	{0xd7, 0xe9, 0xec, 0x6e, 0x6e, 0xcd, 0x65, 0x49, 0x2d, 0xce, 0x6b, 0xf5, 0x13, 0xcd, 0x68, 0x67, 0x56, 0x0d, 0x49, 0x54, 0x44, 0x21, 0xd0, 0x78, 0x3d, 0xdf, 0x06, 0xe7, 0x6c, 0x24, 0x47, 0x0c}: {
		Name: "RemovedBlackList",
		Inputs: []ParamDef{
			{Type: "address", Indexed: true, Name: "_user"},
		},
	},
	{0xd7, 0xf2, 0x80, 0x48, 0x57, 0x5e, 0xea, 0xd8, 0x85, 0x1d, 0x02, 0x4e, 0xad, 0x08, 0x79, 0x13, 0x95, 0x7d, 0xfb, 0x4f, 0xd1, 0xa0, 0x2b, 0x4d, 0x15, 0x73, 0xf5, 0x35, 0x2a, 0x5a, 0x2b, 0xe3}: {
		Name: "LiquidityAdded",
		Inputs: []ParamDef{
			{Type: "uint256", Indexed: false, Name: "tokenAmount"},
			{Type: "uint256", Indexed: false, Name: "trxAmount"},
			{Type: "uint256", Indexed: false, Name: "liquidity"},
		},
	},
	{0xd8, 0x0e, 0x68, 0x29, 0xaf, 0x6b, 0xec, 0x14, 0xcc, 0x6a, 0xf0, 0x11, 0x5e, 0xa4, 0xf0, 0x5c, 0xa3, 0x64, 0x5b, 0xdf, 0xd0, 0xfe, 0x62, 0x55, 0x62, 0xe4, 0xe2, 0x91, 0x97, 0xf7, 0x27, 0xd4}: {
		Name: "TrxWithdrawn",
		Inputs: []ParamDef{
			{Type: "uint256", Indexed: false, Name: "amount"},
		},
	},
	{0xd8, 0x13, 0x8f, 0x8a, 0x3f, 0x37, 0x7c, 0x52, 0x59, 0xca, 0x54, 0x8e, 0x70, 0xe4, 0xc2, 0xde, 0x94, 0xf1, 0x29, 0xf5, 0xa1, 0x10, 0x36, 0xa1, 0x5b, 0x69, 0x51, 0x3c, 0xba, 0x2b, 0x42, 0x6a}: {
		Name: "Claimed",
		Inputs: []ParamDef{
			{Type: "address", Indexed: true, Name: "user"},
			{Type: "uint256", Indexed: false, Name: "amount"},
		},
	},
	{0xd9, 0x01, 0xb9, 0x08, 0x00, 0x59, 0x8f, 0x8d, 0x80, 0x32, 0x2d, 0x82, 0xe2, 0x56, 0xd9, 0xaf, 0xde, 0xc9, 0x06, 0x4d, 0xdf, 0xfe, 0xc9, 0xb6, 0xf7, 0x58, 0xaf, 0x92, 0xe6, 0xf0, 0x82, 0x2d}: {
		Name: "NewMember",
		Inputs: []ParamDef{
			{Type: "address", Indexed: false, Name: "memberAddress"},
			{Type: "string", Indexed: false, Name: "memberId"},
			{Type: "uint256", Indexed: false, Name: "points"},
			{Type: "uint256", Indexed: false, Name: "activitydate"},
			{Type: "uint256", Indexed: false, Name: "totalPoints"},
			{Type: "string", Indexed: false, Name: "sponsorId"},
			{Type: "uint256", Indexed: false, Name: "halvingId"},
			{Type: "uint256", Indexed: false, Name: "halvingBlock"},
			{Type: "uint256", Indexed: false, Name: "globalBlock"},
			{Type: "uint256", Indexed: false, Name: "sponsorBuilderMulti"},
			{Type: "string", Indexed: false, Name: "exclusiveStatus"},
		},
	},
	{0xd9, 0x63, 0x70, 0x1e, 0x30, 0xb9, 0xd0, 0x4e, 0x85, 0xbf, 0xbf, 0x92, 0xc2, 0x27, 0xf5, 0xd0, 0xb8, 0x32, 0xd2, 0x4c, 0x25, 0x59, 0x8c, 0x3f, 0xbe, 0xea, 0xe8, 0x76, 0x1d, 0x6d, 0xed, 0x95}: {
		Name: "UpdateKeepers",
		Inputs: []ParamDef{
			{Type: "address", Indexed: false, Name: "_keeper"},
			{Type: "bool", Indexed: false, Name: "_flag"},
		},
	},
	{0xd9, 0xb4, 0x5f, 0xf5, 0x0e, 0xed, 0x6a, 0xe7, 0x10, 0xee, 0xbf, 0xb5, 0x37, 0x37, 0x83, 0x10, 0x02, 0x0a, 0x20, 0x33, 0xb7, 0x3a, 0x45, 0xdb, 0x48, 0xbb, 0x97, 0xc9, 0xf1, 0x75, 0xde, 0x8a}: {
		Name: "WalletUpdate",
		Inputs: []ParamDef{
			{Type: "string", Indexed: true, Name: "memberId"},
			{Type: "address", Indexed: false, Name: "wallet"},
		},
	},
	{0xd9, 0xe0, 0x41, 0x53, 0x04, 0x99, 0x1d, 0xc7, 0x4a, 0x09, 0x53, 0x29, 0xb0, 0xc0, 0x87, 0x4b, 0x7b, 0x9e, 0x28, 0xb8, 0x37, 0xea, 0xd1, 0x9f, 0x61, 0x8c, 0xac, 0x3f, 0x73, 0x6c, 0x7f, 0x9c}: {
		Name: "WhitelistAddressAdded",
		Inputs: []ParamDef{
			{Type: "address", Indexed: true, Name: "account"},
			{Type: "uint256", Indexed: false, Name: "dailyLimit"},
		},
	},
	{0xda, 0x0c, 0x41, 0x96, 0xe4, 0x4e, 0x83, 0x3c, 0xba, 0x98, 0xcb, 0xe9, 0xb3, 0xf0, 0xb2, 0x7a, 0xcb, 0xcd, 0x8c, 0xa9, 0x66, 0x0c, 0x3a, 0x12, 0xc8, 0xdc, 0x3b, 0xf0, 0x7c, 0xdd, 0xa7, 0x53}: {
		Name: "AddedFeeList",
		Inputs: []ParamDef{
			{Type: "address", Indexed: true, Name: "account"},
		},
	},
	{0xda, 0x14, 0x79, 0xdb, 0x09, 0xad, 0xf0, 0x9e, 0x2d, 0xd0, 0x37, 0x47, 0xe3, 0xd7, 0xde, 0xa3, 0xcc, 0x18, 0x4e, 0xc8, 0x03, 0x15, 0x9d, 0x1b, 0x49, 0x74, 0x55, 0x16, 0x1c, 0x2f, 0xfc, 0x18}: {
		Name: "TransferAdminship",
		Inputs: []ParamDef{
			{Type: "address", Indexed: true, Name: "originOwner"},
			{Type: "address", Indexed: true, Name: "newOwner"},
		},
	},
	{0xda, 0x60, 0xf4, 0xa6, 0x20, 0xf4, 0xfb, 0xaa, 0xaa, 0x89, 0xba, 0x2c, 0xc0, 0xad, 0x7f, 0x19, 0xa5, 0x17, 0x17, 0xcf, 0xe6, 0x05, 0x39, 0xad, 0xe1, 0x29, 0x64, 0x06, 0x0c, 0xc7, 0x33, 0x7e}: {
		Name: "ClaimTimeoutUpdated",
		Inputs: []ParamDef{
			{Type: "uint256", Indexed: false, Name: "newTimeout"},
		},
	},
	{0xda, 0x76, 0x3d, 0x65, 0x70, 0x43, 0xa3, 0x7d, 0x5b, 0x67, 0x27, 0x92, 0x1f, 0x1a, 0xfb, 0x11, 0xf7, 0x52, 0x74, 0x2c, 0xbb, 0xd2, 0x59, 0x0d, 0x99, 0x0a, 0x8d, 0x3b, 0x9f, 0xf3, 0x57, 0xae}: {
		Name: "Checkin",
		Inputs: []ParamDef{
			{Type: "address", Indexed: true, Name: "addr"},
			{Type: "uint256", Indexed: false, Name: "timestamp"},
		},
	},
	{0xda, 0xbc, 0x27, 0x4a, 0xb0, 0xa5, 0xef, 0x79, 0xb6, 0xc3, 0x83, 0xbb, 0x6a, 0x35, 0x03, 0x49, 0x6d, 0x51, 0x45, 0x8e, 0x7a, 0xb8, 0x33, 0x16, 0xc4, 0xc5, 0x38, 0xb6, 0x67, 0x67, 0x55, 0x15}: {
		Name: "WithdrawTRX",
		Inputs: []ParamDef{
			{Type: "address", Indexed: true, Name: "to"},
			{Type: "uint256", Indexed: false, Name: "amount"},
		},
	},
	{0xda, 0xd9, 0xec, 0x5c, 0x9b, 0x9c, 0x82, 0xbf, 0x69, 0x27, 0xbf, 0x0b, 0x64, 0x29, 0x3d, 0xcd, 0xd1, 0xf8, 0x2c, 0x92, 0x79, 0x3a, 0xef, 0x3c, 0x5f, 0x26, 0xd7, 0xb9, 0x3a, 0x4a, 0x53, 0x06}: {
		Name: "TrxPurchase",
		Inputs: []ParamDef{
			{Type: "address", Indexed: true, Name: "buyer"},
			{Type: "uint256", Indexed: true, Name: "tokens_sold"},
			{Type: "uint256", Indexed: true, Name: "trx_bought"},
		},
	},
	{0xdb, 0x66, 0xdf, 0xa9, 0xc6, 0xb8, 0xf5, 0x22, 0x6f, 0xe9, 0xaa, 0xc7, 0xe5, 0x18, 0x97, 0xae, 0x8e, 0xe9, 0x4a, 0xc3, 0x1d, 0xc7, 0x0b, 0xb6, 0xc9, 0x90, 0x0b, 0x25, 0x74, 0xb7, 0x07, 0xe6}: {
		Name: "MasterMinterChanged",
		Inputs: []ParamDef{
			{Type: "address", Indexed: true, Name: "newMasterMinter"},
		},
	},
	{0xdb, 0xdf, 0xa5, 0xcb, 0x85, 0x86, 0x91, 0x72, 0x47, 0xfb, 0xe7, 0x17, 0x8c, 0xf5, 0x35, 0x55, 0xd1, 0x99, 0xe0, 0x91, 0xa1, 0x4b, 0x06, 0xf7, 0xde, 0x5a, 0x18, 0x2e, 0xce, 0x2d, 0x45, 0x3a}: {
		Name: "PoolPayout",
		Inputs: []ParamDef{
			{Type: "address", Indexed: true, Name: "addr"},
			{Type: "uint256", Indexed: false, Name: "amount"},
		},
	},
	{0xdb, 0xe5, 0xfd, 0x65, 0xbc, 0xdb, 0xae, 0x15, 0x2f, 0x24, 0xab, 0x66, 0x0e, 0xa6, 0x8e, 0x72, 0xb4, 0xd4, 0x70, 0x5b, 0x57, 0xb1, 0x6e, 0x0c, 0xaa, 0xe9, 0x94, 0xe2, 0x14, 0x68, 0x0e, 0xe2}: {
		Name: "ProxyOwnerUpdate",
		Inputs: []ParamDef{
			{Type: "address", Indexed: false, Name: "_new"},
			{Type: "address", Indexed: false, Name: "_old"},
		},
	},
	{0xdb, 0xeb, 0xfb, 0xa6, 0x5b, 0xd6, 0x39, 0x8f, 0xb7, 0x22, 0x06, 0x3e, 0xfc, 0x10, 0xc9, 0x9f, 0x62, 0x4f, 0x9c, 0xd8, 0xba, 0x65, 0x72, 0x01, 0x05, 0x6a, 0xf9, 0x18, 0xa6, 0x76, 0xd5, 0xee}: {
		Name: "SetOperator",
		Inputs: []ParamDef{
			{Type: "address", Indexed: true, Name: "operator"},
		},
	},
	{0xdd, 0x01, 0x54, 0x7f, 0xc4, 0x06, 0x82, 0xed, 0xc3, 0xcd, 0x8d, 0x16, 0x4d, 0x53, 0xf5, 0xa1, 0xae, 0x6b, 0x46, 0x13, 0x8a, 0x83, 0xf0, 0x45, 0x65, 0x8e, 0xd7, 0x60, 0x82, 0x3d, 0xdb, 0xa8}: {
		Name: "ExecutorshipTransferStarted",
		Inputs: []ParamDef{
			{Type: "address", Indexed: true, Name: "previousExecutor"},
			{Type: "address", Indexed: true, Name: "newExecutor"},
		},
	},
	{0xdd, 0x0e, 0x34, 0x03, 0x8a, 0xc3, 0x8b, 0x2a, 0x1c, 0xe9, 0x60, 0x22, 0x97, 0x78, 0xac, 0x48, 0xa8, 0x71, 0x9b, 0xc9, 0x00, 0xb6, 0xc4, 0xf8, 0xd0, 0x47, 0x5c, 0x6e, 0x8b, 0x38, 0x5a, 0x60}: {
		Name: "Rely",
		Inputs: []ParamDef{
			{Type: "address", Indexed: true, Name: "usr"},
		},
	},
	{0xdd, 0x47, 0xfc, 0x6d, 0x3f, 0xea, 0xfb, 0x08, 0x64, 0xa1, 0x62, 0xba, 0xc6, 0x01, 0x53, 0xf0, 0x7d, 0xfb, 0xf0, 0x41, 0x5a, 0x81, 0x46, 0x7d, 0x77, 0x59, 0x5d, 0x74, 0x90, 0x45, 0x8f, 0x4b}: {
		Name: "BatchCollected",
		Inputs: []ParamDef{
			{Type: "address[]", Indexed: false, Name: "sources"},
			{Type: "address[]", Indexed: false, Name: "tokens"},
			{Type: "uint256[]", Indexed: false, Name: "amounts"},
			{Type: "address[]", Indexed: false, Name: "destinations"},
			{Type: "address", Indexed: false, Name: "executor"},
		},
	},
	{0xdd, 0x71, 0xa1, 0xd1, 0x9f, 0xcb, 0xa6, 0x87, 0x44, 0x2a, 0x1d, 0x5c, 0x58, 0x57, 0x8f, 0x1e, 0x40, 0x9a, 0xf7, 0x1a, 0x79, 0xd1, 0x0f, 0xd9, 0x5a, 0x4d, 0x66, 0xef, 0xd8, 0xfa, 0x9a, 0xe7}: {
		Name: "PricePosted",
		Inputs: []ParamDef{
			{Type: "address", Indexed: false, Name: "asset"},
			{Type: "uint256", Indexed: false, Name: "previousPriceMantissa"},
			{Type: "uint256", Indexed: false, Name: "requestedPriceMantissa"},
			{Type: "uint256", Indexed: false, Name: "newPriceMantissa"},
		},
	},
	{0xdd, 0x84, 0xa3, 0xfa, 0x9e, 0xf9, 0x40, 0x9f, 0x55, 0x0d, 0x54, 0xd6, 0xaf, 0xfe, 0xc7, 0xe9, 0xc4, 0x80, 0xc8, 0x78, 0xc6, 0xab, 0x27, 0xb7, 0x89, 0x12, 0xa0, 0x3e, 0x1b, 0x37, 0x1c, 0x6e}: {
		Name: "UsdPerUnitGasUpdated",
		Inputs: []ParamDef{
			{Type: "uint64", Indexed: true, Name: "destChain"},
			{Type: "uint256", Indexed: false, Name: "value"},
			{Type: "uint256", Indexed: false, Name: "timestamp"},
		},
	},
	{0xdd, 0xeb, 0x50, 0x16, 0x5e, 0x87, 0x2e, 0xeb, 0xd5, 0xb1, 0xa8, 0x1a, 0x59, 0x2f, 0xd2, 0x46, 0xbe, 0xa0, 0x96, 0x48, 0xe1, 0xb0, 0x0b, 0xe5, 0xc6, 0xda, 0x4c, 0xe2, 0xc5, 0xa7, 0xdf, 0xca}: {
		Name: "EnergyDelegated",
		Inputs: []ParamDef{
			{Type: "address", Indexed: false, Name: ""},
			{Type: "uint256", Indexed: false, Name: ""},
		},
	},
	{0xdd, 0xf2, 0x52, 0xad, 0x1b, 0xe2, 0xc8, 0x9b, 0x69, 0xc2, 0xb0, 0x68, 0xfc, 0x37, 0x8d, 0xaa, 0x95, 0x2b, 0xa7, 0xf1, 0x63, 0xc4, 0xa1, 0x16, 0x28, 0xf5, 0x5a, 0x4d, 0xf5, 0x23, 0xb3, 0xef}: {
		Name: "Transfer",
		Inputs: []ParamDef{
			{Type: "address", Indexed: true, Name: "from"},
			{Type: "address", Indexed: true, Name: "to"},
			{Type: "uint256", Indexed: false, Name: "value"},
		},
	},
	{0xde, 0x88, 0xa9, 0x22, 0xe0, 0xd3, 0xb8, 0x8b, 0x24, 0xe9, 0x62, 0x3e, 0xfe, 0xb4, 0x64, 0x91, 0x9c, 0x6b, 0xf9, 0xf6, 0x68, 0x57, 0xa6, 0x5e, 0x2b, 0xfc, 0xf2, 0xce, 0x87, 0xa9, 0x43, 0x3d}: {
		Name: "RewardAdded",
		Inputs: []ParamDef{
			{Type: "uint256", Indexed: false, Name: "reward"},
		},
	},
	{0xdf, 0x1b, 0x1b, 0xd3, 0x2a, 0x69, 0x71, 0x14, 0x88, 0xd7, 0x15, 0x54, 0x70, 0x6b, 0xb1, 0x30, 0xb1, 0xfc, 0x63, 0xa5, 0xfa, 0x1a, 0x2c, 0xd8, 0x5e, 0x84, 0x40, 0xf8, 0x40, 0x65, 0xba, 0x23}: {
		Name: "FeeTokenAdded",
		Inputs: []ParamDef{
			{Type: "address", Indexed: true, Name: "feeToken"},
		},
	},
	{0xdf, 0xdf, 0x26, 0x91, 0x44, 0xf7, 0x4a, 0x4d, 0x5a, 0x44, 0x87, 0xda, 0xe4, 0xae, 0x7d, 0x89, 0xa0, 0x76, 0x40, 0x33, 0x56, 0x8a, 0x90, 0x03, 0xb6, 0x74, 0x65, 0x91, 0xfd, 0xbb, 0x69, 0x6c}: {
		Name: "CheckpointSyncAck",
		Inputs: []ParamDef{
			{Type: "address", Indexed: true, Name: "proposer"},
			{Type: "uint256", Indexed: true, Name: "chainId"},
			{Type: "uint256", Indexed: true, Name: "checkpointId"},
			{Type: "uint256", Indexed: false, Name: "start"},
			{Type: "uint256", Indexed: false, Name: "end"},
		},
	},
	{0xe0, 0x81, 0x46, 0x4b, 0x72, 0x78, 0x50, 0x12, 0x67, 0xde, 0x69, 0xfa, 0x85, 0xb7, 0xb9, 0x56, 0x0b, 0x0a, 0xe0, 0x5d, 0x5f, 0xbf, 0xaa, 0xb9, 0xb1, 0x98, 0x6c, 0x70, 0x35, 0x6e, 0x2e, 0xfe}: {
		Name: "LzTokenFeeWithdrawn",
		Inputs: []ParamDef{
			{Type: "address", Indexed: false, Name: "lzToken"},
			{Type: "address", Indexed: false, Name: "receiver"},
			{Type: "uint256", Indexed: false, Name: "amount"},
		},
	},
	{0xe0, 0xb4, 0x06, 0x40, 0xe1, 0xae, 0x86, 0xf6, 0xec, 0x91, 0xfd, 0xad, 0x86, 0x54, 0x05, 0x89, 0xc0, 0x03, 0x99, 0x74, 0x7c, 0x44, 0xf2, 0x16, 0xe2, 0x33, 0xa2, 0x99, 0xc1, 0x72, 0xe2, 0x09}: {
		Name: "ArrayLimitChanged",
		Inputs: []ParamDef{
			{Type: "address", Indexed: false, Name: "_operator"},
			{Type: "uint256", Indexed: false, Name: "_arrayLimit"},
		},
	},
	{0xe1, 0x8f, 0xc4, 0xcb, 0x5c, 0x07, 0x05, 0xb6, 0x8c, 0x2e, 0x16, 0xec, 0xc5, 0x04, 0xd1, 0x18, 0x89, 0x79, 0xb7, 0x40, 0x5e, 0x70, 0x46, 0x9f, 0x7a, 0x65, 0xde, 0x9f, 0x56, 0x0b, 0x10, 0x90}: {
		Name: "AuthorizedWalletUpdated",
		Inputs: []ParamDef{
			{Type: "address", Indexed: false, Name: "newWallet"},
		},
	},
	{0xe1, 0x92, 0x60, 0xaf, 0xf9, 0x7b, 0x92, 0x0c, 0x7d, 0xf2, 0x70, 0x10, 0x90, 0x3a, 0xeb, 0x9c, 0x8d, 0x2b, 0xe5, 0xd3, 0x10, 0xa2, 0xc6, 0x78, 0x24, 0xcf, 0x3f, 0x15, 0x39, 0x6e, 0x4c, 0x16}: {
		Name: "Transfer",
		Inputs: []ParamDef{
			{Type: "address", Indexed: true, Name: "from"},
			{Type: "address", Indexed: true, Name: "to"},
			{Type: "uint256", Indexed: false, Name: "value"},
			{Type: "bytes", Indexed: false, Name: "data"},
		},
	},
	{0xe1, 0x9c, 0x61, 0x0e, 0x04, 0xdb, 0xa2, 0x01, 0x9e, 0xfc, 0xfb, 0x0f, 0x94, 0x55, 0xfa, 0xd3, 0xaf, 0x64, 0x68, 0x53, 0xbb, 0x02, 0xab, 0xad, 0x2a, 0x45, 0x2d, 0xb1, 0xfd, 0x47, 0xc3, 0x27}: {
		Name: "AccountUnfrozen",
		Inputs: []ParamDef{
			{Type: "address", Indexed: true, Name: "caller"},
			{Type: "address", Indexed: true, Name: "account"},
		},
	},
	{0xe1, 0xba, 0x61, 0x28, 0x86, 0xc3, 0x14, 0xba, 0xb2, 0x69, 0x52, 0x1f, 0x17, 0x31, 0x6b, 0x07, 0xe0, 0x65, 0x93, 0xa8, 0xfb, 0xe8, 0x7c, 0x52, 0x80, 0x23, 0x06, 0xc8, 0xc6, 0xf7, 0x78, 0x65}: {
		Name: "OwnerWithdrawn",
		Inputs: []ParamDef{
			{Type: "uint256", Indexed: false, Name: "amount"},
		},
	},
	{0xe1, 0xff, 0xfc, 0xc4, 0x92, 0x3d, 0x04, 0xb5, 0x59, 0xf4, 0xd2, 0x9a, 0x8b, 0xfc, 0x6c, 0xda, 0x04, 0xeb, 0x5b, 0x0d, 0x3c, 0x46, 0x07, 0x51, 0xc2, 0x40, 0x2c, 0x5c, 0x5c, 0xc9, 0x10, 0x9c}: {
		Name: "Deposit",
		Inputs: []ParamDef{
			{Type: "address", Indexed: true, Name: "dst"},
			{Type: "uint256", Indexed: false, Name: "sad"},
		},
	},
	{0xe2, 0x9d, 0xc3, 0x42, 0x07, 0xc7, 0x8f, 0xc0, 0xf6, 0x04, 0x8a, 0x32, 0xf1, 0x59, 0x13, 0x9c, 0x33, 0x33, 0x9c, 0x6d, 0x6d, 0xf8, 0xb0, 0x7d, 0xcd, 0x33, 0xf6, 0xd6, 0x99, 0xff, 0x23, 0x27}: {
		Name: "MessageReceived",
		Inputs: []ParamDef{
			{Type: "bytes32", Indexed: true, Name: "message"},
		},
	},
	{0xe2, 0xd7, 0x20, 0xc0, 0xec, 0x62, 0x78, 0x81, 0x45, 0x42, 0xbe, 0x7b, 0x28, 0xdc, 0x57, 0xfd, 0x37, 0x4b, 0x4c, 0x09, 0x20, 0x24, 0x7e, 0x0c, 0xe6, 0x32, 0x70, 0x3f, 0xe8, 0xc7, 0xcc, 0x4c}: {
		Name: "Payed",
		Inputs: []ParamDef{
			{Type: "bytes16", Indexed: true, Name: "uuid"},
			{Type: "address", Indexed: false, Name: "token"},
			{Type: "uint256", Indexed: false, Name: "amount"},
			{Type: "address", Indexed: false, Name: "payer"},
		},
	},
	{0xe3, 0x49, 0x18, 0xff, 0x1c, 0x70, 0x84, 0x97, 0x00, 0x68, 0xb5, 0x3f, 0xd7, 0x1a, 0xd6, 0xd8, 0xb0, 0x4e, 0x9f, 0x15, 0xd3, 0x88, 0x6c, 0xbf, 0x00, 0x64, 0x43, 0xe6, 0xcd, 0xc5, 0x2e, 0xa6}: {
		Name: "RewardDistributed",
		Inputs: []ParamDef{
			{Type: "address", Indexed: false, Name: "trader"},
			{Type: "uint256", Indexed: false, Name: "amount"},
		},
	},
	{0xe3, 0xe9, 0x83, 0x9f, 0xef, 0xfe, 0x8b, 0x09, 0x96, 0x8a, 0xfc, 0x53, 0xbb, 0x5d, 0x9e, 0x15, 0x9a, 0xcf, 0x58, 0x16, 0x27, 0x73, 0xc4, 0xb2, 0xc2, 0x6f, 0x94, 0x2c, 0xab, 0x6f, 0x33, 0x39}: {
		Name: "WithdrawLog",
		Inputs: []ParamDef{
			{Type: "address", Indexed: false, Name: "toAddr"},
			{Type: "uint256", Indexed: false, Name: "amount"},
		},
	},
	{0xe4, 0x75, 0xe5, 0x80, 0xd8, 0x51, 0x11, 0x34, 0x8e, 0x40, 0xd8, 0xca, 0x33, 0xcf, 0xdd, 0x74, 0xc3, 0x0f, 0xe1, 0x65, 0x5c, 0x2d, 0x85, 0x37, 0xa1, 0x3a, 0xbc, 0x10, 0x06, 0x5f, 0xfa, 0x5a}: {
		Name: "RescuerChanged",
		Inputs: []ParamDef{
			{Type: "address", Indexed: true, Name: "newRescuer"},
		},
	},
	{0xe4, 0xe3, 0x57, 0x72, 0x49, 0x10, 0x8d, 0xaa, 0xa0, 0xa0, 0x7e, 0x6d, 0x9a, 0xab, 0xc5, 0xfe, 0xf8, 0xe8, 0x9e, 0xc0, 0x9d, 0xa3, 0xf9, 0xdc, 0xcf, 0xe7, 0xef, 0x21, 0x5e, 0x4e, 0xfc, 0x12}: {
		Name: "LogTokenBulkSent",
		Inputs: []ParamDef{
			{Type: "address", Indexed: false, Name: "token"},
			{Type: "uint256", Indexed: false, Name: "total"},
		},
	},
	{0xe4, 0xf0, 0xee, 0xaa, 0x8d, 0xd2, 0x7a, 0xc9, 0x41, 0xd5, 0xcb, 0x90, 0x6c, 0x00, 0xce, 0xc3, 0x1d, 0x55, 0x90, 0x65, 0x99, 0x51, 0x56, 0x6d, 0x91, 0xf7, 0xec, 0x9e, 0xaa, 0xcc, 0x8e, 0x0c}: {
		Name: "onRoll",
		Inputs: []ParamDef{
			{Type: "address", Indexed: true, Name: "customerAddress"},
			{Type: "uint256", Indexed: false, Name: "tronRolled"},
			{Type: "uint256", Indexed: false, Name: "tokensMinted"},
		},
	},
	{0xe5, 0x53, 0x93, 0xc7, 0x78, 0x36, 0x4e, 0x44, 0x0d, 0x95, 0x8b, 0x39, 0xac, 0x1d, 0xeb, 0xd9, 0x9d, 0xcf, 0xae, 0x37, 0x75, 0xa8, 0xa0, 0x4d, 0x1e, 0x79, 0x12, 0x4a, 0xdf, 0x6a, 0x2d, 0x08}: {
		Name: "OrderApprovedPartTwo",
		Inputs: []ParamDef{
			{Type: "bytes32", Indexed: true, Name: "hash"},
			{Type: "uint8", Indexed: false, Name: "howToCall"},
			{Type: "bytes", Indexed: false, Name: "dataToCall"},
			{Type: "bytes", Indexed: false, Name: "replacementPattern"},
			{Type: "address", Indexed: false, Name: "staticTarget"},
			{Type: "bytes", Indexed: false, Name: "staticExtradata"},
			{Type: "address", Indexed: false, Name: "paymentToken"},
			{Type: "uint256", Indexed: false, Name: "basePrice"},
			{Type: "uint256", Indexed: false, Name: "extra"},
			{Type: "uint256", Indexed: false, Name: "listingTime"},
			{Type: "uint256", Indexed: false, Name: "expirationTime"},
			{Type: "uint256", Indexed: false, Name: "salt"},
			{Type: "bool", Indexed: false, Name: "orderbookInclusionDesired"},
		},
	},
	{0xe5, 0xb7, 0x54, 0xfb, 0x1a, 0xbb, 0x7f, 0x01, 0xb4, 0x99, 0x79, 0x1d, 0x0b, 0x82, 0x0a, 0xe3, 0xb6, 0xaf, 0x34, 0x24, 0xac, 0x1c, 0x59, 0x76, 0x8e, 0xdb, 0x53, 0xf4, 0xec, 0x31, 0xa9, 0x29}: {
		Name: "Redeem",
		Inputs: []ParamDef{
			{Type: "address", Indexed: false, Name: "redeemer"},
			{Type: "uint256", Indexed: false, Name: "redeemAmount"},
			{Type: "uint256", Indexed: false, Name: "redeemTokens"},
		},
	},
	{0xe7, 0x85, 0xb7, 0xd4, 0x6d, 0x25, 0x28, 0x80, 0xdc, 0x19, 0x45, 0x7b, 0x2c, 0x8b, 0x06, 0xb2, 0xde, 0x37, 0xc6, 0x9d, 0x64, 0x53, 0x38, 0xfd, 0xd1, 0x51, 0xc2, 0x12, 0x79, 0xe6, 0x06, 0x33}: {
		Name: "DiamondCut",
		Inputs: []ParamDef{
			{Type: "tuple[]", Indexed: false, Name: "_diamondCut"},
			{Type: "address", Indexed: false, Name: "_init"},
			{Type: "bytes", Indexed: false, Name: "_calldata"},
		},
	},
	{0xe8, 0x5f, 0x63, 0x62, 0x2b, 0xe5, 0x81, 0x35, 0xa8, 0x4c, 0x6e, 0x9d, 0xe6, 0x32, 0x11, 0x5a, 0x3c, 0x47, 0x1b, 0x05, 0x40, 0xa0, 0x4d, 0x37, 0xa7, 0xc5, 0x3a, 0x06, 0x47, 0xcd, 0x0c, 0x39}: {
		Name: "Swapped",
		Inputs: []ParamDef{
			{Type: "address", Indexed: false, Name: "sender"},
			{Type: "address", Indexed: false, Name: "recipient"},
			{Type: "bytes32", Indexed: false, Name: "sendToken"},
			{Type: "bytes32", Indexed: false, Name: "receiveToken"},
			{Type: "uint256", Indexed: false, Name: "sendAmount"},
			{Type: "uint256", Indexed: false, Name: "receiveAmount"},
		},
	},
	{0xe8, 0x91, 0x57, 0xcc, 0xd2, 0x32, 0xbc, 0xbc, 0xdb, 0x51, 0xb1, 0x7e, 0xe4, 0x27, 0xbc, 0xd3, 0x7c, 0x60, 0xc0, 0xd2, 0x6c, 0x4d, 0x97, 0x40, 0x8b, 0x13, 0x09, 0xa9, 0x33, 0x3c, 0x63, 0x6e}: {
		Name: "NormalBurn",
		Inputs: []ParamDef{
			{Type: "address", Indexed: true, Name: "from"},
			{Type: "address", Indexed: true, Name: "to"},
			{Type: "uint256", Indexed: false, Name: "value"},
		},
	},
	{0xe9, 0x44, 0x79, 0xa9, 0xf7, 0xe1, 0x95, 0x2c, 0xc7, 0x8f, 0x2d, 0x6b, 0xaa, 0xb6, 0x78, 0xad, 0xc1, 0xb7, 0x72, 0xd9, 0x36, 0xc6, 0x58, 0x3d, 0xef, 0x48, 0x9e, 0x52, 0x4c, 0xb6, 0x66, 0x92}: {
		Name: "MinterRemoved",
		Inputs: []ParamDef{
			{Type: "address", Indexed: true, Name: "account"},
		},
	},
	{0xe9, 0x45, 0xcc, 0xee, 0x5d, 0x70, 0x1f, 0xc8, 0x3f, 0x9b, 0x8a, 0xa8, 0xca, 0x94, 0xea, 0x42, 0x19, 0xec, 0x1f, 0xcb, 0xd4, 0xf4, 0xca, 0xb4, 0xf0, 0xea, 0x57, 0xc5, 0xc3, 0xe1, 0xd8, 0x15}: {
		Name: "NewPendingImplementation",
		Inputs: []ParamDef{
			{Type: "address", Indexed: false, Name: "oldPendingImplementation"},
			{Type: "address", Indexed: false, Name: "newPendingImplementation"},
		},
	},
	{0xe9, 0x47, 0xce, 0xe2, 0x83, 0x12, 0x72, 0xa0, 0x4f, 0x01, 0x09, 0x42, 0x5d, 0x27, 0x1e, 0xfd, 0x7f, 0x4a, 0xc3, 0xfe, 0xa5, 0x9b, 0x68, 0xfd, 0xc9, 0xb5, 0xfa, 0x6a, 0x27, 0xbe, 0x0a, 0xc1}: {
		Name: "EmergencyReceiverChanged",
		Inputs: []ParamDef{
			{Type: "address", Indexed: true, Name: "newEmergencyReceiver"},
		},
	},
	{0xe9, 0x6a, 0x56, 0xaa, 0x17, 0xdd, 0x8a, 0xe6, 0x4a, 0xc3, 0xa5, 0x13, 0x47, 0xe8, 0xe8, 0xa0, 0x3d, 0x52, 0xf1, 0xcb, 0x2a, 0xcd, 0xf8, 0xed, 0x49, 0xb2, 0x0d, 0x55, 0x66, 0x2e, 0xbe, 0xcc}: {
		Name: "OperatorAddition",
		Inputs: []ParamDef{
			{Type: "address", Indexed: true, Name: "_operator"},
		},
	},
	{0xe9, 0x86, 0xe4, 0x0c, 0xc8, 0xc1, 0x51, 0x83, 0x0d, 0x4f, 0x61, 0x05, 0x0f, 0x4f, 0xb2, 0xe4, 0xad, 0xd8, 0x56, 0x7c, 0xaa, 0xd2, 0xd5, 0xf5, 0x49, 0x6f, 0x91, 0x58, 0xe9, 0x1f, 0xe4, 0xc7}: {
		Name: "File",
		Inputs: []ParamDef{
			{Type: "bytes32", Indexed: true, Name: "what"},
			{Type: "uint256", Indexed: false, Name: "data"},
		},
	},
	{0xe9, 0xaa, 0x55, 0x0f, 0xd7, 0x5d, 0x0d, 0x28, 0xe0, 0x7f, 0xa9, 0xdd, 0x67, 0xd3, 0xae, 0x70, 0x56, 0x78, 0x77, 0x6f, 0x6c, 0x4a, 0x75, 0xab, 0xd0, 0x95, 0x34, 0xf9, 0x3e, 0x7d, 0x79, 0x07}: {
		Name: "ClaimedTokens",
		Inputs: []ParamDef{
			{Type: "address", Indexed: false, Name: "to"},
			{Type: "uint256", Indexed: false, Name: "balance"},
		},
	},
	{0xe9, 0xba, 0xa9, 0xcd, 0x61, 0x23, 0xe3, 0xa8, 0xe3, 0xc7, 0xeb, 0x87, 0xab, 0xf1, 0x8c, 0x81, 0xb4, 0x26, 0x47, 0x3f, 0x45, 0x30, 0x38, 0x2e, 0xec, 0x74, 0x0f, 0xd0, 0xf0, 0xb5, 0xbe, 0x7c}: {
		Name: "Sent",
		Inputs: []ParamDef{
			{Type: "address", Indexed: false, Name: "_token"},
			{Type: "address", Indexed: false, Name: "_sourceAccount"},
			{Type: "address", Indexed: false, Name: "_targetAccount"},
			{Type: "uint256", Indexed: false, Name: "_amount"},
		},
	},
	{0xe9, 0xd8, 0x40, 0xd2, 0x7a, 0xb4, 0x03, 0x2a, 0x83, 0x9c, 0x20, 0x76, 0x0f, 0xb9, 0x95, 0xaf, 0x8e, 0x3a, 0xd1, 0x98, 0x0b, 0x94, 0x28, 0x98, 0x0c, 0xa1, 0xc7, 0xe0, 0x72, 0xac, 0xd8, 0x7a}: {
		Name: "TokensReceived",
		Inputs: []ParamDef{
			{Type: "uint256", Indexed: false, Name: "amount"},
			{Type: "bytes32", Indexed: false, Name: "recipient"},
			{Type: "uint256", Indexed: false, Name: "nonce"},
			{Type: "uint8", Indexed: false, Name: "messenger"},
			{Type: "bytes32", Indexed: false, Name: "message"},
		},
	},
	{0xe9, 0xff, 0x3f, 0xa3, 0x23, 0xc4, 0xb4, 0x13, 0xef, 0x75, 0xcd, 0xa9, 0x21, 0x1a, 0x44, 0xbd, 0x6b, 0x80, 0xaa, 0x62, 0xd3, 0x16, 0xcf, 0xfe, 0xb2, 0x66, 0x92, 0x7f, 0xcd, 0x5f, 0x3b, 0xb6}: {
		Name: "Cashout",
		Inputs: []ParamDef{
			{Type: "address", Indexed: false, Name: "player"},
			{Type: "address", Indexed: false, Name: "ref"},
			{Type: "uint256", Indexed: false, Name: "tron"},
		},
	},
	{0xea, 0x59, 0xe8, 0x02, 0x7e, 0x41, 0xfd, 0xa1, 0x52, 0x52, 0x20, 0x00, 0x8c, 0xf2, 0x41, 0x67, 0x97, 0x40, 0x50, 0x65, 0xeb, 0x21, 0xb0, 0xeb, 0xd4, 0x17, 0xbf, 0xc6, 0xd3, 0x61, 0xb8, 0xde}: {
		Name: "SequenceNumberSet",
		Inputs: []ParamDef{
			{Type: "uint64", Indexed: false, Name: "oldSeqNum"},
			{Type: "uint64", Indexed: false, Name: "newSeqNum"},
		},
	},
	{0xea, 0xb5, 0x7c, 0xc9, 0x58, 0x7b, 0x46, 0x56, 0xb1, 0x71, 0x87, 0xd6, 0x2a, 0x88, 0x07, 0x78, 0x55, 0xdf, 0x16, 0xf8, 0xac, 0x83, 0xa3, 0x4d, 0xb5, 0x6c, 0xfe, 0x1e, 0x85, 0x34, 0x1c, 0xcd}: {
		Name: "MoveTransfer",
		Inputs: []ParamDef{
			{Type: "string", Indexed: false, Name: "memberIdFrom"},
			{Type: "string", Indexed: false, Name: "memberIdTo"},
			{Type: "uint256", Indexed: false, Name: "tronBalance"},
			{Type: "uint256", Indexed: false, Name: "tokenBalance"},
			{Type: "uint256", Indexed: false, Name: "time"},
			{Type: "uint256", Indexed: false, Name: "halvingId"},
			{Type: "uint256", Indexed: false, Name: "_block"},
		},
	},
	{0xeb, 0x12, 0x6d, 0x92, 0x4f, 0xf9, 0xcf, 0xca, 0x68, 0xda, 0x3f, 0xd5, 0x51, 0x98, 0xc6, 0x29, 0x89, 0x68, 0xe7, 0xb2, 0xe8, 0xec, 0x0e, 0x97, 0x68, 0xb0, 0xfd, 0xbc, 0xe1, 0xb2, 0x8f, 0x25}: {
		Name: "SetMainOracle",
		Inputs: []ParamDef{
			{Type: "address", Indexed: false, Name: "oracle"},
		},
	},
	{0xeb, 0xee, 0x2d, 0x57, 0x39, 0x01, 0x10, 0x62, 0xcb, 0x4f, 0x14, 0x11, 0x3f, 0x3b, 0x36, 0xbf, 0x0f, 0xfe, 0x3d, 0xa5, 0xc0, 0x56, 0x8f, 0x64, 0x18, 0x9d, 0x10, 0x12, 0xa1, 0x18, 0x91, 0x05}: {
		Name: "ApplyOwnership",
		Inputs: []ParamDef{
			{Type: "address", Indexed: false, Name: "admin"},
		},
	},
	{0xed, 0x00, 0xf4, 0xb3, 0xc4, 0x6d, 0x7c, 0x22, 0x5a, 0x3a, 0x5a, 0x07, 0x71, 0x58, 0x93, 0x17, 0xe7, 0xd5, 0x57, 0x42, 0x99, 0x0d, 0x03, 0x52, 0x31, 0xf4, 0xbd, 0x4a, 0xc1, 0x0c, 0x6a, 0xd3}: {
		Name: "DecreaseBalance",
		Inputs: []ParamDef{
			{Type: "address", Indexed: false, Name: "target"},
			{Type: "uint256", Indexed: false, Name: "amount"},
		},
	},
	{0xed, 0x88, 0x89, 0xf5, 0x60, 0x32, 0x6e, 0xb1, 0x38, 0x92, 0x0d, 0x84, 0x21, 0x92, 0xf0, 0xeb, 0x3d, 0xd2, 0x2b, 0x4f, 0x13, 0x9c, 0x87, 0xa2, 0xc5, 0x75, 0x38, 0xe0, 0x5b, 0xae, 0x12, 0x78}: {
		Name: "OwnershipTransferRequested",
		Inputs: []ParamDef{
			{Type: "address", Indexed: true, Name: "from"},
			{Type: "address", Indexed: true, Name: "to"},
		},
	},
	{0xed, 0xed, 0x61, 0x91, 0x73, 0xdb, 0xb3, 0x78, 0x90, 0x3f, 0x97, 0xd4, 0x4e, 0xce, 0xc8, 0x98, 0xa1, 0xc4, 0x87, 0x6f, 0x44, 0x5a, 0xe5, 0x51, 0xe0, 0x63, 0x11, 0x3a, 0xef, 0x58, 0xb4, 0x71}: {
		Name: "ApproveToken",
		Inputs: []ParamDef{
			{Type: "address", Indexed: false, Name: "token"},
			{Type: "address", Indexed: false, Name: "spender"},
			{Type: "uint256", Indexed: false, Name: "amount"},
		},
	},
	{0xed, 0xff, 0xc3, 0x2e, 0x06, 0x8c, 0x7c, 0x95, 0xdf, 0xd4, 0xbd, 0xfd, 0x5c, 0x4d, 0x93, 0x9a, 0x08, 0x4d, 0x6b, 0x11, 0xc4, 0x19, 0x9e, 0xac, 0x84, 0x36, 0xed, 0x23, 0x4d, 0x72, 0xf9, 0x26}: {
		Name: "NewMarketInterestRateModel",
		Inputs: []ParamDef{
			{Type: "address", Indexed: false, Name: "oldInterestRateModel"},
			{Type: "address", Indexed: false, Name: "newInterestRateModel"},
		},
	},
	{0xee, 0xec, 0x8b, 0x4e, 0x2d, 0x31, 0x7f, 0xc6, 0x08, 0xf3, 0x01, 0xf8, 0x59, 0x23, 0x7a, 0x60, 0x81, 0xb9, 0x81, 0x3f, 0x15, 0x0a, 0x3f, 0xcf, 0xb0, 0x2f, 0xd5, 0x42, 0x76, 0xc8, 0xbe, 0x40}: {
		Name: "SetTransmitterStatus",
		Inputs: []ParamDef{
			{Type: "address", Indexed: true, Name: "transmitter"},
			{Type: "bool", Indexed: false, Name: "status"},
		},
	},
	{0xef, 0x5c, 0x34, 0xfe, 0x02, 0x5b, 0xfe, 0x6f, 0x4c, 0x66, 0x48, 0x4c, 0xed, 0x7e, 0x7d, 0xa3, 0xf0, 0xf7, 0xc8, 0xc3, 0xb6, 0x5f, 0x9a, 0x91, 0x13, 0xcb, 0xdf, 0xf6, 0x6c, 0xe1, 0xc4, 0xe9}: {
		Name: "AddedBlackList",
		Inputs: []ParamDef{
			{Type: "address", Indexed: true, Name: "_user"},
			{Type: "string", Indexed: false, Name: "_info"},
		},
	},
	{0xef, 0x75, 0xf5, 0xa4, 0x7c, 0xc9, 0xa9, 0x29, 0x96, 0x87, 0x96, 0xce, 0xb8, 0x4f, 0x19, 0xe7, 0x54, 0x16, 0x17, 0xb4, 0x57, 0x7f, 0x2c, 0x22, 0x8e, 0xa9, 0x52, 0x00, 0xe1, 0x57, 0x20, 0x81}: {
		Name: "SellGem",
		Inputs: []ParamDef{
			{Type: "address", Indexed: true, Name: "owner"},
			{Type: "uint256", Indexed: false, Name: "value"},
			{Type: "uint256", Indexed: false, Name: "fee"},
		},
	},
	{0xef, 0xa5, 0x41, 0x4a, 0x6f, 0x0d, 0x91, 0x40, 0x62, 0xe9, 0xcb, 0xdc, 0x83, 0xda, 0xeb, 0x7c, 0xcf, 0xc0, 0x3a, 0xc0, 0x53, 0x61, 0x61, 0x46, 0x7e, 0x12, 0xe9, 0x75, 0x5c, 0xc9, 0xb5, 0xc7}: {
		Name: "WinTokenSet",
		Inputs: []ParamDef{
			{Type: "address", Indexed: true, Name: "_oldWinToken"},
			{Type: "address", Indexed: true, Name: "_newWinToken"},
		},
	},
	{0xef, 0xc8, 0xe7, 0xe1, 0xb2, 0xa4, 0x37, 0x3d, 0x01, 0x1e, 0x1a, 0x47, 0xa5, 0xcf, 0x57, 0xb0, 0x37, 0xff, 0x29, 0x01, 0x03, 0xde, 0xc6, 0xdd, 0xd0, 0x94, 0xc4, 0x43, 0xe8, 0xc2, 0x1f, 0x4e}: {
		Name: "UserLimitUpdateIntervalUpdated",
		Inputs: []ParamDef{
			{Type: "uint256", Indexed: false, Name: "newInterval"},
		},
	},
	{0xef, 0xcd, 0xf9, 0xea, 0x4e, 0x65, 0x57, 0x1d, 0x2c, 0xe9, 0xc0, 0x30, 0xc4, 0x69, 0x54, 0xe9, 0x50, 0x66, 0x2d, 0xf8, 0xa7, 0xd8, 0xbd, 0x03, 0x9f, 0xc4, 0x41, 0x7e, 0x37, 0xb2, 0xf8, 0x8c}: {
		Name: "RevertSynthesizeCompleted",
		Inputs: []ParamDef{
			{Type: "bytes32", Indexed: true, Name: "id"},
			{Type: "address", Indexed: true, Name: "to"},
			{Type: "uint256", Indexed: false, Name: "amount"},
			{Type: "uint256", Indexed: false, Name: "bridgingFee"},
			{Type: "address", Indexed: false, Name: "token"},
		},
	},
	{0xef, 0xe1, 0xdb, 0x56, 0xbd, 0x6f, 0x3e, 0x71, 0x79, 0x81, 0x37, 0x70, 0x37, 0xa1, 0x34, 0xc9, 0x2c, 0x3f, 0xd7, 0xf5, 0x3e, 0xea, 0x73, 0xd6, 0xd2, 0x8f, 0x11, 0xd7, 0xb0, 0x43, 0x8f, 0x53}: {
		Name:   "DebugTransferSucceeded",
		Inputs: []ParamDef{},
	},
	{0xef, 0xed, 0x6d, 0x35, 0x00, 0x54, 0x6b, 0x29, 0x53, 0x3b, 0x12, 0x8a, 0x29, 0xe3, 0xa9, 0x4d, 0x70, 0x78, 0x87, 0x27, 0xf0, 0x50, 0x75, 0x05, 0xac, 0x12, 0xea, 0xf2, 0xe5, 0x78, 0xfd, 0x9c}: {
		Name: "OFTReceived",
		Inputs: []ParamDef{
			{Type: "bytes32", Indexed: true, Name: "guid"},
			{Type: "uint32", Indexed: false, Name: "srcEid"},
			{Type: "address", Indexed: true, Name: "toAddress"},
			{Type: "uint256", Indexed: false, Name: "amountReceivedLD"},
		},
	},
	{0xf0, 0xaa, 0x20, 0xc2, 0x9c, 0x1f, 0x8e, 0x75, 0x1b, 0xfe, 0x0a, 0x78, 0xbc, 0x49, 0xa5, 0x20, 0xed, 0x14, 0xf2, 0xda, 0xb2, 0x74, 0x08, 0x7d, 0x90, 0xd1, 0x34, 0x1d, 0x8b, 0x76, 0xaf, 0x5c}: {
		Name: "NewPendingAnchor",
		Inputs: []ParamDef{
			{Type: "address", Indexed: false, Name: "anchorAdmin"},
			{Type: "address", Indexed: false, Name: "asset"},
			{Type: "uint256", Indexed: false, Name: "oldScaledPrice"},
			{Type: "uint256", Indexed: false, Name: "newScaledPrice"},
		},
	},
	{0xf0, 0xbe, 0x4f, 0x1e, 0x87, 0x34, 0x92, 0x31, 0xd8, 0x0c, 0x36, 0xb3, 0x3f, 0x9e, 0x86, 0x39, 0x65, 0x8e, 0xea, 0xf4, 0x74, 0x01, 0x4d, 0xee, 0x15, 0xa3, 0xe6, 0xa4, 0xd4, 0x41, 0x41, 0x97}: {
		Name: "MsgInspectorSet",
		Inputs: []ParamDef{
			{Type: "address", Indexed: false, Name: "inspector"},
		},
	},
	{0xf0, 0xd5, 0x57, 0xbf, 0xce, 0x33, 0xe3, 0x54, 0xb4, 0x18, 0x85, 0xeb, 0x92, 0x64, 0x44, 0x87, 0x26, 0xcf, 0xe5, 0x1f, 0x48, 0x6f, 0xfa, 0x69, 0x80, 0x9d, 0x2b, 0xf5, 0x65, 0x45, 0x64, 0x44}: {
		Name: "LatestPriceEpochAndRoundSet",
		Inputs: []ParamDef{
			{Type: "uint40", Indexed: false, Name: "oldEpochAndRound"},
			{Type: "uint40", Indexed: false, Name: "newEpochAndRound"},
		},
	},
	{0xf0, 0xdc, 0xa6, 0x20, 0xe2, 0xe8, 0x1f, 0x78, 0x41, 0xd0, 0x7b, 0xcc, 0x10, 0x5e, 0x17, 0x04, 0xfb, 0x01, 0x47, 0x5b, 0x27, 0x8a, 0x9d, 0x4c, 0x23, 0x6e, 0x1c, 0x62, 0x94, 0x5e, 0xdd, 0x55}: {
		Name: "RevokeConfirmation",
		Inputs: []ParamDef{
			{Type: "address", Indexed: true, Name: "owner"},
			{Type: "uint256", Indexed: true, Name: "txId"},
		},
	},
	{0xf1, 0x03, 0x8c, 0x18, 0xcf, 0x84, 0xa5, 0x6e, 0x43, 0x2f, 0xdb, 0xfa, 0xf7, 0x46, 0x92, 0x4b, 0x7e, 0xa5, 0x11, 0xdf, 0xe0, 0x3a, 0x65, 0x06, 0xa0, 0xce, 0xba, 0x48, 0x88, 0x78, 0x8d, 0x9b}: {
		Name: "DefaultAdminDelayChangeScheduled",
		Inputs: []ParamDef{
			{Type: "uint48", Indexed: false, Name: "newDelay"},
			{Type: "uint48", Indexed: false, Name: "effectSchedule"},
		},
	},
	{0xf1, 0x15, 0xf0, 0x6a, 0x0a, 0xe4, 0x3a, 0x77, 0xd5, 0xb1, 0x66, 0xc8, 0x87, 0x11, 0x23, 0x2e, 0xf7, 0x51, 0x1d, 0x7e, 0x4e, 0x79, 0x1d, 0x22, 0xe5, 0x8b, 0x1f, 0x14, 0x69, 0x46, 0x42, 0xfb}: {
		Name: "WhiteListSet",
		Inputs: []ParamDef{
			{Type: "address", Indexed: false, Name: "user"},
			{Type: "bool", Indexed: false, Name: "flag"},
		},
	},
	{0xf1, 0x71, 0x26, 0x8d, 0xe8, 0x59, 0xec, 0x26, 0x9c, 0x52, 0xbb, 0xfa, 0xc9, 0x4d, 0xcb, 0x77, 0x15, 0xe7, 0x84, 0xde, 0x19, 0x43, 0x42, 0xab, 0xb2, 0x84, 0xbf, 0x34, 0xfd, 0x30, 0xb3, 0x2d}: {
		Name: "CommissionToTokenRecord",
		Inputs: []ParamDef{
			{Type: "address", Indexed: false, Name: "toTokenAddress"},
			{Type: "uint256", Indexed: false, Name: "commissionAmount"},
			{Type: "address", Indexed: false, Name: "referrerAddress"},
		},
	},
	{0xf1, 0xab, 0xf0, 0x1a, 0x10, 0x43, 0xb7, 0xc2, 0x44, 0xd1, 0x28, 0xe8, 0x59, 0x5c, 0xf0, 0xc1, 0xd1, 0x07, 0x43, 0xb0, 0x22, 0xb0, 0x3a, 0x02, 0xdf, 0xfd, 0x8c, 0xa3, 0xbf, 0x72, 0x9f, 0x5a}: {
		Name: "WhitelistedAddressRemoved",
		Inputs: []ParamDef{
			{Type: "address", Indexed: false, Name: "addr"},
		},
	},
	{0xf1, 0xb5, 0xeb, 0xad, 0xed, 0xfe, 0x31, 0xe1, 0x28, 0x6c, 0x52, 0xaa, 0x5b, 0x32, 0xea, 0xf7, 0x0e, 0xd8, 0x9c, 0x0d, 0x0f, 0xe0, 0xaa, 0x54, 0x9b, 0x1a, 0xd6, 0xce, 0x68, 0x8f, 0xf3, 0x3d}: {
		Name: "PayToken",
		Inputs: []ParamDef{
			{Type: "uint256", Indexed: false, Name: "pid"},
			{Type: "address", Indexed: false, Name: "buyer"},
			{Type: "address", Indexed: false, Name: "token"},
			{Type: "uint256", Indexed: false, Name: "amount"},
		},
	},
	{0xf1, 0xc4, 0x44, 0xcc, 0xb4, 0x37, 0x8d, 0xbb, 0x86, 0x59, 0xf4, 0xea, 0x38, 0x92, 0x0e, 0xc0, 0xf5, 0x01, 0xfc, 0x70, 0xc8, 0x29, 0x9c, 0xc2, 0x02, 0x05, 0x5f, 0x62, 0xf3, 0x3f, 0x19, 0x0e}: {
		Name: "Charged",
		Inputs: []ParamDef{
			{Type: "address", Indexed: true, Name: "from"},
			{Type: "uint256", Indexed: false, Name: "amount"},
		},
	},
	{0xf1, 0xd6, 0x51, 0x2e, 0xc7, 0x55, 0x0b, 0xf6, 0x05, 0xa5, 0xa3, 0x89, 0x10, 0xe4, 0x8f, 0xb6, 0xa5, 0x79, 0x38, 0xed, 0x74, 0xa5, 0xaf, 0xa0, 0x17, 0x53, 0xfa, 0x02, 0x30, 0x01, 0x00, 0x5c}: {
		Name: "ExcludedFromFee",
		Inputs: []ParamDef{
			{Type: "address", Indexed: false, Name: "account"},
		},
	},
	{0xf2, 0x79, 0xe6, 0xa1, 0xf5, 0xe3, 0x20, 0xcc, 0xa9, 0x11, 0x35, 0x67, 0x6d, 0x9c, 0xb6, 0xe4, 0x4c, 0xa8, 0xa0, 0x8c, 0x0b, 0x88, 0x34, 0x2b, 0xcd, 0xb1, 0x14, 0x4f, 0x65, 0x11, 0xb5, 0x68}: {
		Name: "Withdraw",
		Inputs: []ParamDef{
			{Type: "address", Indexed: true, Name: "user"},
			{Type: "uint256", Indexed: false, Name: "amount"},
			{Type: "uint256", Indexed: false, Name: "timeStamp"},
		},
	},
	{0xf2, 0xef, 0x97, 0x4b, 0xc2, 0xae, 0xdf, 0x0c, 0x32, 0x2b, 0x1a, 0x97, 0xe8, 0x62, 0x7e, 0x85, 0x11, 0x4a, 0x78, 0x9c, 0xad, 0xf8, 0xd1, 0x72, 0xb5, 0xef, 0xb5, 0xd6, 0xc1, 0xd9, 0x4f, 0x8d}: {
		Name: "ChangeTransitCross",
		Inputs: []ParamDef{
			{Type: "address", Indexed: true, Name: "previousTransit"},
			{Type: "address", Indexed: true, Name: "newTransit"},
		},
	},
	{0xf3, 0x21, 0xe9, 0x52, 0x67, 0x32, 0x01, 0xdc, 0xfa, 0xac, 0x4f, 0x9c, 0x60, 0x2c, 0x64, 0x97, 0x50, 0xdb, 0x1d, 0x8c, 0x14, 0xaa, 0x84, 0x1c, 0xe8, 0xcb, 0xce, 0xf5, 0x4c, 0x0a, 0x80, 0x9c}: {
		Name: "Trsfered",
		Inputs: []ParamDef{
			{Type: "address", Indexed: true, Name: "sender"},
			{Type: "address", Indexed: true, Name: "token"},
			{Type: "uint256", Indexed: true, Name: "nonce"},
			{Type: "uint256", Indexed: false, Name: "amount"},
		},
	},
	{0xf3, 0x5c, 0x00, 0x7b, 0x2f, 0x3a, 0xfc, 0x6e, 0xfb, 0xb2, 0xad, 0x05, 0x2c, 0x7e, 0x71, 0x5f, 0xff, 0x12, 0xc1, 0x11, 0xa7, 0x3c, 0xf0, 0xce, 0x49, 0xce, 0x8e, 0xeb, 0xf8, 0x6b, 0xf9, 0x64}: {
		Name: "SetTTL",
		Inputs: []ParamDef{
			{Type: "uint256", Indexed: false, Name: "ttl"},
		},
	},
	{0xf3, 0x9e, 0x6e, 0x1e, 0xb0, 0xed, 0xcf, 0x53, 0xc2, 0x21, 0x60, 0x7b, 0x54, 0xb0, 0x0c, 0xd2, 0x8f, 0x31, 0x96, 0xfe, 0xd0, 0xa2, 0x49, 0x94, 0xdc, 0x30, 0x8b, 0x8f, 0x61, 0x1b, 0x68, 0x2d}: {
		Name: "OwnerAddition",
		Inputs: []ParamDef{
			{Type: "address", Indexed: true, Name: "owner"},
		},
	},
	{0xf3, 0xe9, 0xd5, 0xcb, 0xc2, 0x46, 0x83, 0x69, 0x9a, 0xdf, 0x6b, 0x32, 0x06, 0xea, 0xab, 0x51, 0x78, 0xbe, 0xfa, 0xd7, 0xd2, 0x77, 0x47, 0x4d, 0xa0, 0x20, 0x81, 0xc1, 0x14, 0xe6, 0xb2, 0x6f}: {
		Name: "PayDividend",
		Inputs: []ParamDef{
			{Type: "uint256", Indexed: true, Name: "index"},
			{Type: "address", Indexed: true, Name: "recipient"},
			{Type: "uint256", Indexed: false, Name: "value"},
			{Type: "uint256", Indexed: false, Name: "num"},
		},
	},
	{0xf4, 0x0b, 0x9c, 0xa2, 0x85, 0x16, 0xab, 0xde, 0x64, 0x7e, 0xf8, 0xed, 0x0e, 0x7b, 0x15, 0x5e, 0x16, 0x34, 0x7e, 0xb4, 0xd8, 0xdd, 0x6e, 0xb2, 0x99, 0x89, 0xed, 0x2c, 0x0c, 0x3d, 0x27, 0xe8}: {
		Name: "ClaimFee",
		Inputs: []ParamDef{
			{Type: "address", Indexed: true, Name: "user"},
			{Type: "uint256", Indexed: true, Name: "fee"},
		},
	},
	{0xf4, 0x26, 0x9a, 0xa9, 0x2f, 0x3a, 0x04, 0x07, 0x87, 0x4c, 0x70, 0xc6, 0x49, 0x45, 0x88, 0xbd, 0xf4, 0x4d, 0x1b, 0xe9, 0x2c, 0xf9, 0x0d, 0xd5, 0xbc, 0x92, 0xfb, 0xb5, 0x68, 0x74, 0x3e, 0xea}: {
		Name: "DefaultUlnConfigsSet",
		Inputs: []ParamDef{
			{Type: "tuple[]", Indexed: false, Name: "params"},
		},
	},
	{0xf4, 0x75, 0x43, 0xa7, 0xca, 0xb1, 0x36, 0xb1, 0x2c, 0xca, 0x0a, 0x2e, 0xcd, 0x72, 0x8c, 0x9d, 0x19, 0x43, 0xf5, 0x7b, 0x92, 0x3b, 0x98, 0xdb, 0x48, 0x72, 0x5d, 0x2b, 0x76, 0xdd, 0x4d, 0xa9}: {
		Name: "SetGasForReFund",
		Inputs: []ParamDef{
			{Type: "uint256", Indexed: true, Name: "_gasForReFund"},
		},
	},
	{0xf4, 0xc5, 0x63, 0xa3, 0xea, 0x86, 0xff, 0x1f, 0x42, 0x75, 0xe8, 0xc2, 0x07, 0xdf, 0x03, 0x75, 0xa5, 0x19, 0x63, 0xf2, 0xb8, 0x31, 0xb7, 0xbf, 0x4d, 0xa8, 0xbe, 0x93, 0x8d, 0x92, 0x87, 0x6c}: {
		Name: "TokenAdded",
		Inputs: []ParamDef{
			{Type: "address", Indexed: false, Name: "_tokenAddress"},
			{Type: "uint256", Indexed: false, Name: "_tokenIndex"},
		},
	},
	{0xf4, 0xf6, 0xc2, 0x2c, 0xda, 0x35, 0xea, 0xe0, 0x58, 0x54, 0x04, 0x4b, 0xf7, 0x9c, 0xe3, 0x64, 0xfc, 0x24, 0xaf, 0x4f, 0x4e, 0x00, 0xbd, 0xbb, 0x01, 0x7b, 0x6b, 0xdd, 0x23, 0x9d, 0x62, 0x53}: {
		Name:   "Void",
		Inputs: []ParamDef{},
	},
	{0xf5, 0x7e, 0xce, 0x9a, 0xf9, 0x31, 0x6d, 0xfb, 0xf5, 0x56, 0xa5, 0xf8, 0xf6, 0xde, 0x12, 0x72, 0xff, 0x24, 0xf2, 0xec, 0x6b, 0x17, 0xfc, 0xd0, 0x4b, 0xb2, 0x18, 0xbc, 0x6d, 0x0d, 0x5a, 0xbc}: {
		Name: "MigrateContractSet",
		Inputs: []ParamDef{
			{Type: "address", Indexed: true, Name: "added"},
		},
	},
	{0xf6, 0x26, 0x76, 0xf4, 0x40, 0xff, 0x16, 0x9a, 0x3a, 0x9a, 0xfd, 0xbf, 0x81, 0x2e, 0x89, 0xe7, 0xf9, 0x59, 0x75, 0xee, 0x8e, 0x5c, 0x31, 0x21, 0x4f, 0xfd, 0xef, 0x63, 0x1c, 0x5f, 0x47, 0x92}: {
		Name: "PostOpRevertReason",
		Inputs: []ParamDef{
			{Type: "bytes32", Indexed: true, Name: "userOpHash"},
			{Type: "address", Indexed: true, Name: "sender"},
			{Type: "uint256", Indexed: false, Name: "nonce"},
			{Type: "bytes", Indexed: false, Name: "revertReason"},
		},
	},
	{0xf6, 0x39, 0x1f, 0x5c, 0x32, 0xd9, 0xc6, 0x9d, 0x2a, 0x47, 0xea, 0x67, 0x0b, 0x44, 0x29, 0x74, 0xb5, 0x39, 0x35, 0xd1, 0xed, 0xc7, 0xfd, 0x64, 0xeb, 0x21, 0xe0, 0x47, 0xa8, 0x39, 0x17, 0x1b}: {
		Name: "RoleRevoked",
		Inputs: []ParamDef{
			{Type: "bytes32", Indexed: true, Name: "role"},
			{Type: "address", Indexed: true, Name: "account"},
			{Type: "address", Indexed: true, Name: "sender"},
		},
	},
	{0xf6, 0x56, 0x6d, 0x8f, 0xbe, 0x8f, 0x23, 0x22, 0x78, 0x26, 0xba, 0x3d, 0xa2, 0xec, 0xc1, 0xec, 0x48, 0x69, 0x8c, 0x5b, 0xe0, 0x51, 0xa8, 0x29, 0x96, 0x5e, 0x33, 0x58, 0xfd, 0x5b, 0x96, 0x58}: {
		Name: "Jailed",
		Inputs: []ParamDef{
			{Type: "uint256", Indexed: true, Name: "validatorId"},
			{Type: "uint256", Indexed: true, Name: "exitEpoch"},
			{Type: "address", Indexed: true, Name: "signer"},
		},
	},
	{0xf6, 0x7f, 0x33, 0xe8, 0x58, 0x9d, 0x3e, 0xa0, 0x35, 0x63, 0x03, 0xc0, 0xf9, 0xa8, 0xe7, 0x64, 0x87, 0x36, 0x92, 0x15, 0x9f, 0x77, 0x7f, 0xf7, 0x9e, 0x4f, 0xc5, 0x23, 0xd3, 0x89, 0xdf, 0xcd}: {
		Name: "RewardUpdate",
		Inputs: []ParamDef{
			{Type: "uint256", Indexed: false, Name: "newReward"},
			{Type: "uint256", Indexed: false, Name: "oldReward"},
		},
	},
	{0xf6, 0xa3, 0x17, 0x15, 0x74, 0x40, 0x60, 0x7f, 0x36, 0x26, 0x90, 0x43, 0xeb, 0x55, 0xf1, 0x28, 0x7a, 0x5a, 0x19, 0xba, 0x22, 0x16, 0xaf, 0xea, 0xb8, 0x8c, 0xd4, 0x6c, 0xbc, 0xfb, 0x88, 0xe9}: {
		Name: "Revocation",
		Inputs: []ParamDef{
			{Type: "address", Indexed: true, Name: "sender"},
			{Type: "uint256", Indexed: true, Name: "transactionId"},
		},
	},
	{0xf6, 0xce, 0xf4, 0x55, 0xda, 0xa2, 0xf0, 0x92, 0x67, 0x26, 0xc2, 0x25, 0xd4, 0xab, 0x40, 0x6e, 0x2b, 0xe4, 0xfb, 0x2f, 0x4d, 0x92, 0xb0, 0xb4, 0xbd, 0x58, 0xe9, 0x12, 0x7d, 0x50, 0x1e, 0x18}: {
		Name: "NewAirdrop",
		Inputs: []ParamDef{
			{Type: "address", Indexed: true, Name: "from"},
			{Type: "address", Indexed: true, Name: "to"},
			{Type: "uint256", Indexed: false, Name: "amount"},
			{Type: "uint256", Indexed: false, Name: "timestamp"},
		},
	},
	{0xf7, 0x04, 0x25, 0x72, 0xd4, 0x44, 0xaf, 0x5c, 0x9e, 0x59, 0xeb, 0x56, 0x99, 0x53, 0xdf, 0x0a, 0x5b, 0x55, 0x1b, 0x82, 0x25, 0x96, 0x50, 0x65, 0x0f, 0x47, 0xed, 0x15, 0x9b, 0x1f, 0x33, 0x27}: {
		Name: "TRXWithdrawn",
		Inputs: []ParamDef{
			{Type: "address", Indexed: true, Name: "operator"},
			{Type: "uint256", Indexed: false, Name: "amount"},
		},
	},
	{0xf7, 0x4a, 0x7e, 0x02, 0x11, 0xc0, 0xb5, 0x09, 0x38, 0x95, 0xff, 0x26, 0x74, 0x8f, 0x08, 0x67, 0xf9, 0xba, 0x95, 0xa2, 0x5b, 0xf0, 0xef, 0x5a, 0x83, 0xa1, 0x89, 0x35, 0x84, 0x11, 0x8d, 0x3c}: {
		Name: "SetOp",
		Inputs: []ParamDef{
			{Type: "address", Indexed: true, Name: "op"},
			{Type: "bool", Indexed: false, Name: "isOp"},
		},
	},
	{0xf8, 0xd6, 0x2a, 0x11, 0xd3, 0x16, 0xe6, 0x9c, 0x14, 0x60, 0x66, 0x2f, 0x86, 0xb7, 0x04, 0x60, 0x03, 0x82, 0x6d, 0xb8, 0x6f, 0xdc, 0x0d, 0x5f, 0xfa, 0x8c, 0x3a, 0xda, 0xa2, 0x4f, 0x0a, 0x58}: {
		Name: "TransferExecuted",
		Inputs: []ParamDef{
			{Type: "address", Indexed: true, Name: "sender"},
			{Type: "uint256", Indexed: false, Name: "totalTransfers"},
			{Type: "uint256", Indexed: false, Name: "totalAmount"},
		},
	},
	{0xf8, 0xdf, 0x31, 0x14, 0x4d, 0x9c, 0x2f, 0x0f, 0x6b, 0x59, 0xd6, 0x9b, 0x8b, 0x98, 0xab, 0xd5, 0x45, 0x9d, 0x07, 0xf2, 0x74, 0x2c, 0x4d, 0xf9, 0x20, 0xb2, 0x5a, 0xae, 0x33, 0xc6, 0x48, 0x20}: {
		Name: "OwnershipRenounced",
		Inputs: []ParamDef{
			{Type: "address", Indexed: true, Name: "previousOwner"},
		},
	},
	{0xf9, 0x88, 0xa4, 0xb6, 0xe3, 0x18, 0x9c, 0x6c, 0x5d, 0xff, 0x51, 0xa4, 0x37, 0x67, 0x35, 0x00, 0x1f, 0x44, 0xca, 0x1d, 0xc0, 0x48, 0xd2, 0xce, 0xb9, 0xe3, 0xea, 0x1f, 0xd8, 0xdf, 0x5a, 0x08}: {
		Name: "Diss",
		Inputs: []ParamDef{
			{Type: "address[]", Indexed: false, Name: "a"},
		},
	},
	{0xf9, 0xff, 0xab, 0xca, 0x9c, 0x82, 0x76, 0xe9, 0x93, 0x21, 0x72, 0x5b, 0xcb, 0x43, 0xfb, 0x07, 0x6a, 0x6c, 0x66, 0xa5, 0x4b, 0x7f, 0x21, 0xc4, 0xe8, 0x14, 0x6d, 0x85, 0x19, 0xb4, 0x17, 0xdc}: {
		Name: "NewAdmin",
		Inputs: []ParamDef{
			{Type: "address", Indexed: false, Name: "oldAdmin"},
			{Type: "address", Indexed: false, Name: "newAdmin"},
		},
	},
	{0xfa, 0x9b, 0x3c, 0x14, 0xcc, 0x82, 0x5c, 0x41, 0x2c, 0x9e, 0xd8, 0x1b, 0x3b, 0xa3, 0x65, 0xa5, 0xb4, 0x59, 0x43, 0x94, 0x03, 0xf1, 0x88, 0x29, 0xe5, 0x72, 0xed, 0x53, 0xa4, 0x18, 0x0f, 0x0a}: {
		Name: "StakeUnlocked",
		Inputs: []ParamDef{
			{Type: "address", Indexed: true, Name: "account"},
			{Type: "uint256", Indexed: false, Name: "withdrawTime"},
		},
	},
	{0xfc, 0x1d, 0xf7, 0xb9, 0xba, 0x72, 0xa1, 0x33, 0x50, 0xb8, 0xa4, 0xe0, 0xf0, 0x94, 0xe2, 0x32, 0xee, 0xbd, 0xed, 0x9e, 0xdd, 0x17, 0x99, 0x50, 0xe7, 0x4a, 0x85, 0x2a, 0x0f, 0x40, 0x51, 0x12}: {
		Name: "SwappedFromVUsd",
		Inputs: []ParamDef{
			{Type: "address", Indexed: false, Name: "recipient"},
			{Type: "address", Indexed: false, Name: "token"},
			{Type: "uint256", Indexed: false, Name: "vUsdAmount"},
			{Type: "uint256", Indexed: false, Name: "amount"},
			{Type: "uint256", Indexed: false, Name: "fee"},
		},
	},
	{0xfc, 0x30, 0xcd, 0xde, 0xa3, 0x8e, 0x2b, 0xf4, 0xd6, 0xea, 0x7d, 0x3f, 0x9e, 0xd3, 0xb6, 0xad, 0x7f, 0x17, 0x64, 0x19, 0xf4, 0x96, 0x3b, 0xd8, 0x13, 0x18, 0x06, 0x7a, 0x4a, 0xee, 0x73, 0xfe}: {
		Name: "RewardsClaimed",
		Inputs: []ParamDef{
			{Type: "address", Indexed: true, Name: "user"},
			{Type: "uint256", Indexed: false, Name: "amount"},
		},
	},
	{0xfe, 0x2e, 0x49, 0x61, 0x46, 0x59, 0xd9, 0x44, 0x71, 0x56, 0xc9, 0xe3, 0x84, 0x61, 0x12, 0xea, 0x8e, 0xdd, 0xa3, 0x61, 0xdc, 0xd6, 0x96, 0xbe, 0x48, 0x6f, 0x6f, 0x97, 0x7c, 0xe8, 0x54, 0xe5}: {
		Name: "CollectFee",
		Inputs: []ParamDef{
			{Type: "address", Indexed: true, Name: "token"},
			{Type: "address", Indexed: true, Name: "receiver"},
			{Type: "address", Indexed: true, Name: "integrator"},
			{Type: "uint256", Indexed: false, Name: "routerAmount"},
			{Type: "uint256", Indexed: false, Name: "integratorAmount"},
			{Type: "uint256", Indexed: false, Name: "nativeAmount"},
			{Type: "uint256", Indexed: false, Name: "integratorNative"},
			{Type: "bytes32", Indexed: false, Name: "transferId"},
		},
	},
	{0xfe, 0x3f, 0x28, 0x93, 0xe0, 0x51, 0xc2, 0x6c, 0x10, 0x98, 0xb1, 0x48, 0x4f, 0x61, 0xbe, 0xfc, 0x1e, 0x0d, 0x32, 0x6b, 0xaf, 0x94, 0xd5, 0x48, 0xba, 0x5c, 0xb1, 0x45, 0x71, 0x5d, 0x3b, 0x85}: {
		Name: "HodlTransfer",
		Inputs: []ParamDef{
			{Type: "address", Indexed: true, Name: "from"},
			{Type: "address", Indexed: true, Name: "to"},
			{Type: "uint256", Indexed: false, Name: "value"},
		},
	},
	{0xff, 0x69, 0xb2, 0xba, 0x8f, 0x4e, 0xf8, 0x24, 0x8f, 0x8c, 0x37, 0x5b, 0xa3, 0x91, 0x6c, 0x77, 0x06, 0x04, 0xb2, 0x15, 0x55, 0x7a, 0xcd, 0xd4, 0xe8, 0x38, 0x7a, 0x4d, 0xd5, 0xe7, 0xde, 0x86}: {
		Name: "onTokenPurchase",
		Inputs: []ParamDef{
			{Type: "address", Indexed: true, Name: "customerAddress"},
			{Type: "uint256", Indexed: false, Name: "incomingTron"},
			{Type: "uint256", Indexed: false, Name: "tokensMinted"},
			{Type: "address", Indexed: true, Name: "referredBy"},
			{Type: "uint256", Indexed: false, Name: "timestamp"},
		},
	},
	{0xff, 0x7d, 0xbb, 0x85, 0xc7, 0x7c, 0xa6, 0x8c, 0xa1, 0xf8, 0x94, 0xd6, 0x49, 0x85, 0x70, 0xe3, 0xd5, 0x09, 0x5c, 0xd1, 0x94, 0x66, 0xf0, 0x7e, 0xe8, 0xd2, 0x22, 0xb3, 0x37, 0xe4, 0x06, 0x8c}: {
		Name: "PriceUpdaterRemoved",
		Inputs: []ParamDef{
			{Type: "address", Indexed: true, Name: "priceUpdater"},
		},
	},
	{0xff, 0x88, 0xf2, 0x2f, 0x78, 0x65, 0x0b, 0xe8, 0xe3, 0x77, 0x81, 0x04, 0x19, 0x52, 0x36, 0x11, 0xd0, 0x7a, 0x61, 0x3a, 0xb8, 0xfa, 0x0c, 0x97, 0x58, 0x76, 0x2f, 0x72, 0xe3, 0x74, 0x1e, 0xf6}: {
		Name: "SharesChanged",
		Inputs: []ParamDef{
			{Type: "uint256", Indexed: true, Name: "newShares"},
		},
	},
	{0xff, 0xa4, 0xe6, 0x18, 0x17, 0x77, 0x69, 0x25, 0x65, 0xcf, 0x28, 0x52, 0x8f, 0xc8, 0x8f, 0xd1, 0x51, 0x6e, 0xa8, 0x6b, 0x56, 0xda, 0x07, 0x52, 0x35, 0xfa, 0x57, 0x5a, 0xf6, 0xa4, 0xb8, 0x55}: {
		Name: "Blacklisted",
		Inputs: []ParamDef{
			{Type: "address", Indexed: false, Name: "token"},
		},
	},
}

func init() {
	defs := make([]*Definition, 0, len(builtinSig))
	for _, def := range builtinSig {
		defs = append(defs, def)
	}
	registerBuiltin(defs)
}
